date,csi1000_close,csi500_close,shanghai_close,diff_1000_minus_500,ratio_1000_to_500,csi1000_base100,csi500_base100,shanghai_base100
2014-10-17,6058.67,4860.73,2341.18,1197.9400000000005,1.2464526933197277,100.0,100.0,100.0
2014-10-20,6154.52,4929.16,2356.73,1225.3600000000006,1.2485940809387401,101.58203037960476,101.40781322970007,100.66419497860055
2014-10-21,6103.01,4884.02,2339.66,1218.9899999999998,1.249587430026904,100.73184378749791,100.4791461364857,99.9350754747606
2014-10-22,6027.51,4825.61,2326.55,1201.9000000000005,1.2490669573380362,99.48569570549313,99.27747478259438,99.3751014445707
2014-10-23,5930.48,4755.23,2302.42,1175.25,1.2471489286532933,97.88418910420933,97.82954412197344,98.34442460639508
2014-10-24,5941.93,4774.67,2302.28,1167.2600000000002,1.2444692512780988,98.07317447558623,98.22948404869229,98.3384447159125
2014-10-27,6006.84,4809.52,2290.44,1197.3199999999997,1.2489479199587483,99.14453172065816,98.94645454489348,97.83271683510026
2014-10-28,6163.67,4924.96,2337.87,1238.71,1.2515167635879276,101.73305362398017,101.32140645540898,99.85861830359049
2014-10-29,6246.7,4991.76,2373.03,1254.9399999999996,1.251402311008542,103.10348640873326,102.6956856274675,101.36042508478631
2014-10-30,6241.59,4992.63,2391.08,1248.96,1.2501607369262293,103.01914446569957,102.71358417357064,102.1314038220043
2014-10-31,6208.61,4986.42,2420.18,1222.1899999999996,1.2451037016536914,102.4748005750437,102.58582558586879,103.3743667723114
2014-11-03,6275.99,5028.7,2430.03,1247.29,1.2480342832143496,103.5869258434607,103.45565378039925,103.79509478126417
2014-11-04,6231.82,5003.47,2430.68,1228.3499999999995,1.2454996232614564,102.85788795230634,102.9365959434077,103.82285855850468
2014-11-05,6227.25,4995.44,2419.25,1231.8100000000004,1.246586887241164,102.7824588564817,102.77139442017969,103.33464321410571
2014-11-06,6289.19,5024.85,2425.86,1264.3399999999992,1.2516174612177475,103.8047954419039,103.37644757063241,103.61697947189026
2014-11-07,6228.17,4977.26,2418.17,1250.9099999999999,1.251325026219245,102.79764370728228,102.3973765257482,103.288512630383
2014-11-10,6246.61,5031.0,2473.67,1215.6099999999997,1.2416239316239315,103.10200093419841,103.50297177584437,105.65911207169036
2014-11-11,6023.0,4881.48,2469.67,1141.5200000000004,1.2338471119414605,99.41125692602502,100.42689061108105,105.48825805790243
2014-11-12,6120.06,4965.38,2494.48,1154.6800000000003,1.232546149539411,101.0132586854871,102.15296879275337,106.54798007842201
2014-11-13,6023.78,4921.67,2485.61,1102.1099999999997,1.2239300887706814,99.42413103866029,101.25372114888094,106.1691113028473
2014-11-14,6009.45,4909.61,2478.82,1099.8400000000001,1.2240177936740393,99.18761048216852,101.00561026841648,105.8790866144423
2014-11-17,6100.83,4958.47,2474.01,1142.3599999999997,1.2303855826494865,100.69586229320957,102.010809076003,105.67363466286233
2014-11-18,6139.52,4967.65,2456.37,1171.8700000000008,1.2359002747778127,101.33445129046474,102.19966959695354,104.9201684620576
2014-11-19,6193.56,4985.1,2450.99,1208.46,1.2424143948967925,102.22639622227321,102.5586691710916,104.69036981351285
2014-11-20,6185.92,4974.63,2452.66,1211.29,1.2434934859476987,102.10029593953789,102.34326942660876,104.7617013642693
2014-11-21,6240.77,5029.77,2486.79,1211.0,1.2407664763995172,103.00561014215992,103.47766693480199,106.21951323691472
2014-11-24,6293.02,5112.12,2532.88,1180.9000000000005,1.2310000547717974,103.86801063599766,105.17185690215256,108.18817861078603
2014-11-25,6392.44,5189.0,2567.6,1203.4399999999996,1.231921372133359,105.50896483881775,106.75351233250974,109.67119145046516
2014-11-26,6435.14,5214.21,2604.34,1220.9300000000003,1.2341543589537054,106.21373997923638,107.27215870867136,111.2404855671072
2014-11-27,6472.59,5251.39,2630.49,1221.1999999999998,1.2325479539702822,106.83186243845597,108.0370643915626,112.3574436822457
2014-11-28,6478.11,5245.27,2682.83,1232.8399999999992,1.2350384250953714,106.9229715432595,107.91115737759556,114.59306845266062
2014-12-01,6392.46,5208.14,2680.16,1184.3199999999997,1.227397881009343,105.50929494426995,107.14728034677921,114.47902339845719
2014-12-02,6457.56,5277.66,2763.54,1179.9000000000005,1.223564989029229,106.58378819113767,108.57751819171196,118.04047531586636
2014-12-03,6513.96,5339.01,2779.52,1174.9499999999998,1.2200688891760831,107.51468556630415,109.83967428760701,118.72303710094909
2014-12-04,6605.32,5451.96,2899.46,1153.3599999999997,1.211549607847453,109.022607271893,112.16339932479278,123.84609470437987
2014-12-05,6462.09,5333.89,2937.65,1128.1999999999998,1.2115154230777163,106.65855707605796,109.73434031513787,125.47732340102
2014-12-08,6457.51,5412.67,3020.26,1044.8400000000001,1.193035969309047,106.5829629275072,111.355084524341,129.00588592077503
2014-12-09,6161.37,5195.41,2856.27,965.96,1.185925653605779,101.6950914969787,106.88538552851115,122.00129849050481
2014-12-10,6366.81,5374.1,2940.01,992.71,1.1847211626132748,105.08593470184051,110.56158231376769,125.57812726915489
2014-12-11,6463.32,5454.44,2925.74,1008.8800000000001,1.1849649093215802,106.67885856136743,112.21442046770753,124.96860557496647
2014-12-12,6545.19,5493.2,2938.17,1051.9899999999998,1.1915076822252968,108.03014522989369,113.01183155616543,125.49953442281243
2014-12-15,6658.15,5583.6,2953.42,1074.5499999999993,1.1924475248943334,109.89458082384418,114.87163450757399,126.15091535037888
2014-12-16,6635.26,5606.69,3021.52,1028.5700000000006,1.1834540522126247,109.51677513381651,115.34666603576007,129.0597049351182
2014-12-17,6551.12,5557.29,3061.02,993.8299999999999,1.1788335681600204,108.12802149646706,114.3303577857647,130.7468883212739
2014-12-18,6540.88,5558.05,3057.52,982.8299999999999,1.1768300033285055,107.95900750494745,114.34599329730308,130.59739105920946
2014-12-19,6438.04,5524.12,3108.6,913.9200000000001,1.1654417355162452,106.26160526980344,113.64794999927996,132.77919681528118
2014-12-22,6120.58,5305.21,3127.45,815.3699999999999,1.1536923137821122,101.02184142724393,109.1443054849786,133.58434635525674
2014-12-23,6023.37,5193.72,3032.61,829.6499999999996,1.1597409948938333,99.41736387689048,106.85061708837975,129.5333976883452
2014-12-24,6154.88,5262.37,2972.53,892.5100000000002,1.1696022894627327,101.58797227774411,108.26295638720933,126.96717040125067
2014-12-25,6222.51,5364.56,3072.54,857.9499999999998,1.1599292393038758,102.70422386431346,110.36531549787792,131.2389478809831
2014-12-26,6233.94,5422.75,3157.6,811.1899999999996,1.1495901525978516,102.89287913023814,111.56246078263965,134.8721584841832
2014-12-29,6098.98,5367.64,3168.02,731.3399999999992,1.1362498230134657,100.66532753888228,110.42868046569139,135.31723319010072
2014-12-30,5982.64,5275.09,3165.81,707.5500000000002,1.1341304129408218,98.74510412351226,108.5246454750624,135.2228363474829
2014-12-31,6027.52,5322.71,3234.68,704.8100000000004,1.1324156303837707,99.48586075821922,109.50433371119155,138.1645153298764
2015-01-05,6049.79,5417.02,3350.52,632.7699999999995,1.1168114572218673,99.8534331792291,111.4445772548568,143.11244756917455
2015-01-06,6172.39,5479.86,3351.45,692.5300000000007,1.1263773162088084,101.87697960113357,112.73738718258369,143.1521711273802
2015-01-07,6166.77,5488.24,3373.95,678.5300000000007,1.1236334416862237,101.78421996906913,112.90978927033595,144.11322495493727
2015-01-08,6164.11,5444.04,3293.46,720.0699999999997,1.1322675806937494,101.74031594392827,112.00046083612956,140.67521506248988
2015-01-09,6128.01,5409.06,3285.41,718.9499999999998,1.1329158855697663,101.1444756027313,111.28081584453366,140.33137135974167
2015-01-12,6062.28,5332.22,3229.32,730.0599999999995,1.1369148309709651,100.0595840341197,109.6999833358364,137.9355709514006
2015-01-13,6167.12,5405.09,3235.3,762.0299999999997,1.140983776403353,101.78999681448238,111.19914086978706,138.19099770201353
2015-01-14,6139.29,5379.74,3222.44,759.5500000000002,1.141187120567165,101.3306550777646,110.67761426781576,137.64170204768538
2015-01-15,6168.66,5449.04,3336.46,719.6199999999999,1.1320636295567659,101.81541493430075,112.10332604361896,142.51189571070998
2015-01-16,6252.08,5520.12,3376.5,731.96,1.1325985666978253,103.19228477537148,113.56565783328843,144.22214438872706
2015-01-19,6109.29,5281.9,3116.35,827.3900000000003,1.1566462825877053,100.83549689948454,108.66474788766295,133.11022646699527
2015-01-20,6336.63,5472.51,3173.05,864.1199999999999,1.1579019499279124,104.58780557449077,112.58617532757427,135.53208211243904
2015-01-21,6465.73,5611.69,3323.61,854.04,1.1521894473857253,106.71863626835591,115.44953124324948,141.9630271914163
2015-01-22,6568.64,5690.16,3343.34,878.4800000000005,1.1543858169190322,108.4171938725826,117.06389780958828,142.80576461442521
2015-01-23,6502.07,5633.29,3351.76,868.7799999999997,1.1542224881019794,107.31843787497917,115.89390893960373,143.1654123134488
2015-01-26,6642.61,5758.98,3383.18,883.6300000000001,1.153435156920149,109.63808888749512,118.47973452547251,144.50747059175288
2015-01-27,6693.81,5773.82,3352.96,919.9900000000007,1.1593381851183446,110.48315884509307,118.78503846130108,143.21666851758516
2015-01-28,6666.26,5739.92,3305.74,926.3400000000001,1.1613855245369273,110.02843858470588,118.0876123545229,141.19973688481878
2015-01-29,6625.01,5701.21,3262.3,923.8000000000002,1.162035778369855,109.34759608957081,117.29122991813988,139.344262295082
2015-01-30,6546.6,5632.73,3210.36,913.8700000000008,1.1622428200890156,108.05341766427286,115.8823880363649,137.12572292604585
2015-02-02,6535.9,5609.39,3128.3,926.5099999999993,1.1651712574807598,107.87681124735296,115.40221324780435,133.62065283318668
2015-02-03,6654.55,5707.48,3204.91,947.0700000000006,1.1659348784402224,109.83516184245057,117.42022288833158,136.89293433225978
2015-02-04,6653.34,5683.52,3174.13,969.8199999999997,1.1706372107426384,109.81519046259326,116.92729281404235,135.57821269616176
2015-02-05,6654.08,5654.22,3136.53,999.8599999999997,1.1768342936779963,109.8274043643242,116.32450269815439,133.97218496655535
2015-02-06,6526.95,5534.79,3075.91,992.1599999999999,1.179258833668486,107.72908905749941,113.86746435206237,131.3828923875994
2015-02-09,6474.82,5504.97,3095.12,969.8499999999995,1.176177163544942,106.86866919637477,113.25397625459553,132.2034187888159
2015-02-10,6555.82,5580.7,3141.59,975.1199999999999,1.1747307685415809,108.20559627773092,114.81197268723011,134.18831529399705
2015-02-11,6645.51,5641.79,3157.7,1003.7200000000003,1.1779080752739823,109.68595417806219,116.06877979233572,134.8764298345279
2015-02-12,6703.82,5681.34,3173.42,1022.4799999999996,1.1799716264120788,110.6483766239125,116.88244358357696,135.5478861087144
2015-02-13,6815.85,5769.27,3203.83,1046.58,1.181405966439428,112.49746231433633,118.69143112248575,136.84680374853707
2015-02-16,6965.3,5869.71,3222.36,1095.5900000000001,1.1866514700044806,114.96417530580143,120.757787410533,137.63828496740962
2015-02-17,7020.05,5911.1,3246.91,1108.9499999999998,1.187604675948639,115.86783898116254,121.60930559813035,138.68690147703296
2015-02-25,7004.67,5906.54,3228.84,1098.13,1.1859176438320913,115.61398788843096,121.5154925289,137.91506846974605
2015-02-26,7045.27,5969.56,3298.36,1075.71,1.1801992106620924,116.28410195636998,122.81200560409653,140.88451122938005
2015-02-27,7141.89,6018.46,3310.3,1123.4300000000003,1.1866640303333411,117.87884139588391,123.81802733334295,141.39451046053702
2015-03-02,7317.68,6139.79,3336.28,1177.8900000000003,1.1918453236999964,120.78030326787892,126.31415445828095,142.50420728008953
2015-03-03,7282.11,6118.66,3263.05,1163.4499999999998,1.1901478428283316,120.19321072116486,125.87944609143071,139.37629742266722
2015-03-04,7411.03,6210.42,3279.53,1200.6099999999997,1.193321868730295,122.32107046596035,127.76722837927639,140.08021595947343
2015-03-05,7450.91,6208.99,3248.48,1241.92,1.2000196489284087,122.97930073762062,127.7378089299344,138.75396167744472
2015-03-06,7338.4,6133.03,3241.19,1205.37,1.196537437449352,121.12229251634434,126.17508069775528,138.44258023731624
2015-03-09,7450.82,6212.24,3302.41,1238.58,1.1993773582475886,122.97781526308577,127.8046713148025,141.05750091834034
2015-03-10,7566.48,6276.49,3286.07,1289.9899999999998,1.2055272931208367,124.88681509308148,129.12648923104143,140.3595622720167
2015-03-11,7566.31,6262.89,3290.9,1303.42,1.2081179774832385,124.8840091967379,128.84669586667025,140.5658684936656
2015-03-12,7514.45,6260.14,3349.32,1254.3099999999995,1.2003645285888174,124.02804575921778,128.79012000255108,143.06119136503816
2015-03-13,7649.35,6329.58,3372.91,1319.7700000000004,1.208508305448387,126.25460703421709,130.218712004164,144.0688029113524
2015-03-16,7903.36,6516.77,3449.3,1386.5899999999992,1.2127725851917437,130.44711132971426,134.06977964215255,147.3316874396672
2015-03-17,7993.24,6618.05,3502.85,1375.1899999999996,1.2077938365530632,131.9306052318413,136.15341728505803,149.61899554925296
2015-03-18,8150.95,6728.07,3577.3,1422.88,1.2114841254624282,134.53365177505952,138.416863310655,152.7990158808806
2015-03-19,8216.62,6782.46,3582.27,1434.1600000000008,1.2114513023298332,135.61755302731459,139.5358310377248,153.01130199301207
2015-03-20,8318.83,6850.9,3617.32,1467.9300000000003,1.2142681983389045,137.30455694071472,140.94384999783983,154.50841028882874
2015-03-23,8560.44,7017.15,3687.73,1543.2900000000009,1.21993116863684,141.29239585585617,144.36411814686272,157.51586806653057
2015-03-24,8655.38,7046.12,3691.41,1609.2599999999993,1.2283895250151855,142.8594064373864,144.96011915905638,157.67305375921546
2015-03-25,8784.91,7124.87,3660.73,1660.04,1.2329923212634055,144.9973343984736,146.58024617701457,156.36260347346212
2015-03-26,8611.86,7074.44,3682.09,1537.420000000001,1.2173203815425675,142.14109697342815,145.5427476942764,157.2749639070896
2015-03-27,8710.29,7155.95,3691.1,1554.340000000001,1.217209455068859,143.76571095636504,147.21965630676874,157.65981257314687
2015-03-30,8719.22,7245.5,3786.57,1473.7199999999993,1.2033979711545095,143.91310304076637,149.0619721729041,161.73767074723006
2015-03-31,8780.74,7253.1,3747.9,1527.6399999999994,1.2106189077773641,144.92850741169266,149.21832728828798,160.08593956893534
2015-04-01,9008.2,7425.73,3810.29,1582.4700000000012,1.2131063208600368,148.682796719412,152.76985144206733,162.7508350489924
2015-04-02,9238.05,7560.65,3825.78,1677.3999999999996,1.2218592316798158,152.47653362866765,155.5455662009616,163.4124672173861
2015-04-03,9419.2,7679.01,3863.93,1740.1900000000005,1.226616451860331,155.46646376184873,157.98059139265092,165.0419873738884
2015-04-07,9600.72,7863.28,3961.38,1737.4399999999996,1.2209561404401217,158.46250084589522,161.77158574946563,169.2044182847966
2015-04-08,9455.59,7808.0,3994.81,1647.5900000000001,1.2110130635245901,156.06709063210243,160.63430801546272,170.6323307050291
2015-04-09,9369.66,7746.15,3957.53,1623.5100000000002,1.2095892798357895,154.64879255678227,159.36186539881868,169.0399712965257
2015-04-10,9600.4,7952.19,4034.31,1648.21,1.207264916959982,158.45721915866022,163.60073486904233,172.3195140911848
2015-04-13,9813.6,8122.89,4121.71,1690.71,1.2081414373455752,161.97614327897048,167.1125530527308,176.05267429245083
2015-04-14,9830.06,8119.96,4135.56,1710.0999999999995,1.210604485736383,162.2478200661201,167.05227404114197,176.6442563151915
2015-04-15,9441.19,7802.75,4084.16,1638.4400000000005,1.2099823780077537,155.829414706528,160.52629954759882,174.44878223801675
2015-04-16,9541.77,7912.09,4194.82,1629.6800000000003,1.2059733900903555,157.48951502557495,162.77575590497725,179.17545852945952
2015-04-17,9567.7,7980.76,4287.3,1586.9400000000005,1.1988457239661385,157.91749674433498,164.1885066646368,183.12560332823622
2015-04-20,9353.61,7839.9,4217.08,1513.710000000001,1.1930777178280336,154.38388293140244,161.29058803924514,180.12626111618928
2015-04-21,9716.35,8112.69,4293.62,1603.6600000000008,1.1976730283050383,160.37100551771263,166.90270802945238,183.3955526700211
2015-04-22,9995.26,8323.43,4398.49,1671.83,1.2008583000037245,164.97449110118228,171.23827079471604,187.87491777650587
2015-04-23,10105.27,8410.7,4414.51,1694.5699999999997,1.201477879367948,166.79023614093524,173.03368012623622,188.5591881017265
2015-04-24,10123.91,8419.1,4393.69,1704.8099999999995,1.2024931405969759,167.09789442237323,173.20649367481843,187.66989295996035
2015-04-27,10174.9,8513.02,4527.4,1661.8799999999992,1.1952162687271966,167.9394982727232,175.1387137322995,193.38111550585603
2015-04-28,9847.89,8266.48,4476.21,1581.4099999999999,1.191303916540051,162.54210907674457,170.06663608141164,191.19461126440513
2015-04-29,10107.4,8428.25,4476.62,1679.1499999999996,1.199228784148548,166.8253923715931,173.39473700452405,191.2121238008184
2015-04-30,10180.49,8469.67,4441.65,1710.8199999999997,1.2019937022339713,168.03176274660942,174.24687238336628,189.7184325852775
2015-05-04,10270.13,8510.48,4480.46,1759.6499999999996,1.2067627207866065,169.51129538331017,175.08645820689486,191.3761436540548
2015-05-05,10007.27,8199.34,4298.71,1807.9300000000003,1.2204970156134518,165.17271942522038,168.68536207524386,183.61296440256623
2015-05-06,9973.99,8083.0,4229.27,1890.9899999999998,1.2339465544970927,164.6234239527817,166.29189442738027,180.646938723208
2015-05-07,9806.51,7903.48,4112.21,1903.0300000000007,1.2407838066269543,161.85912089617028,162.59862201768047,175.6468960097045
2015-05-08,10274.38,8201.29,4205.92,2073.0899999999983,1.2527760876642575,169.58144279189986,168.72547950616473,179.649578417721
2015-05-11,10771.62,8558.22,4333.58,2213.4000000000015,1.2586285465902958,177.78852454416565,176.06861520800373,185.10238426776243
2015-05-12,11051.43,8745.68,4401.22,2305.75,1.2636444507459683,182.40686487298368,179.92523756719672,187.99152564091614
2015-05-13,11137.3,8824.93,4375.76,2312.369999999999,1.2620270075796634,183.82417263194725,181.55565110590385,186.90403984315606
2015-05-14,11211.1,8813.39,4378.31,2397.710000000001,1.272053091943055,185.04226175051622,181.31823820701828,187.01295927694582
2015-05-15,11217.93,8742.89,4308.69,2475.040000000001,1.2830917465506257,185.15499276243796,179.86783878141762,184.03924516696708
2015-05-18,11542.28,8903.6,4283.49,2638.6800000000003,1.2963610225077498,190.5084779332758,183.17413228054224,182.9628648801032
2015-05-19,11831.36,9124.83,4417.55,2706.5300000000007,1.2966115533111302,195.2798221391824,187.72550625111867,188.68903715220534
2015-05-20,12132.37,9277.33,4446.29,2855.040000000001,1.3077437150559483,200.24807424731833,190.8628950795457,189.9166232412715
2015-05-21,12586.06,9619.22,4529.42,2966.84,1.3084283341060918,207.7363513774475,197.89661223725653,193.46739678281895
2015-05-22,12687.29,9778.17,4657.6,2909.120000000001,1.297511702087405,209.40718012369052,201.16669718334492,198.94241365465282
2015-05-25,12877.87,10040.09,4813.8,2837.7800000000007,1.2826448766893523,212.5527549775776,206.5551882124702,205.61426289307104
2015-05-26,13401.31,10373.58,4910.9,3027.7299999999996,1.2918693450091483,221.1922748722079,213.41609182159883,209.76174407777273
2015-05-27,13582.55,10497.34,4941.71,3085.209999999999,1.2939039794843263,224.1836904799238,215.9622114373767,211.0777471189742
2015-05-28,12818.99,9868.43,4620.27,2950.5599999999995,1.2989898089159064,211.58092452633994,203.02361990894374,197.34791857097707
2015-05-29,13027.21,9966.85,4611.74,3060.3599999999988,1.307053883624214,215.01765238905568,205.04841865316527,196.98357238657428
2015-06-01,13691.17,10488.31,4828.74,3202.8600000000006,1.3053742690671806,225.9764931907498,215.77643687265083,206.2524026345689
2015-06-02,14276.32,10886.4,4910.53,3389.92,1.3113903586125808,235.63455345810218,223.9663589625427,209.7459400814974
2015-06-03,14356.6,10979.99,4909.98,3376.6100000000006,1.307523959493588,236.9595967431796,225.8917899163295,209.72244765460152
2015-06-04,14308.65,10965.41,4947.1,3343.24,1.3048896484490775,236.168168921562,225.59183497129033,211.30797290255344
2015-06-05,14465.75,11144.52,5023.1,3321.2299999999996,1.2980146296116835,238.76114724848853,229.276672433976,214.5541991645239
2015-06-08,14099.73,11030.92,5131.88,3068.8099999999995,1.278200730310799,232.71988736801973,226.9395749198166,219.20057406948638
2015-06-09,14106.23,11013.74,5113.53,3092.49,1.2807847288931824,232.82717163998038,226.586130066883,218.41678128123428
2015-06-10,14461.81,11208.06,5106.04,3253.75,1.2903044773136476,238.69611647440775,230.5838834907514,218.0968571404164
2015-06-11,14768.88,11366.29,5121.59,3402.5899999999983,1.2993580139165901,243.76439053455624,233.8391558469613,218.7610521190169
2015-06-12,15006.34,11545.89,5166.35,3460.4500000000007,1.299712711622924,247.68373256836895,237.53407409998087,220.67290853330377
2015-06-15,14707.78,11332.89,5062.99,3374.8900000000012,1.2977960608459096,242.7559183781259,233.15201626093202,216.25804081702393
2015-06-16,14102.22,10879.84,4887.43,3222.379999999999,1.296178987926293,232.76098549681694,223.83139981031655,208.75925815187216
2015-06-17,14407.31,11100.55,4967.9,3306.76,1.2978915459143916,237.79657911719897,228.37207579931408,212.1964137742506
2015-06-18,13934.22,10731.38,4785.36,3202.84,1.2984555574399566,229.98809969844865,220.777126069541,204.39949085503892
2015-06-19,13024.72,9987.41,4478.36,3037.3099999999995,1.304113879374132,214.9765542602584,205.47140038636172,191.28644529681614
2015-06-23,13047.02,10046.89,4576.49,3000.130000000001,1.298612804559421,215.34462183944663,206.69508489465574,195.47792139006825
2015-06-24,13313.8,10267.63,4690.15,3046.17,1.2966770325771382,219.74789846616497,211.2363780748982,200.33273819185194
2015-06-25,12760.48,9906.1,4527.78,2854.379999999999,1.288143669052402,210.61520102596774,203.79860638216897,193.39734663716587
2015-06-26,11730.75,9078.06,4192.87,2652.6900000000005,1.2922089080706671,193.61922666195716,186.76330510026273,179.0921671977379
2015-06-29,10906.04,8484.64,4053.03,2421.4000000000015,1.285386298063324,180.00716328831246,174.5548508145896,173.11911087571227
2015-06-30,11381.47,8906.02,4277.22,2475.449999999999,1.2779524411577785,187.8542650449686,183.22391904096713,182.69505121349064
2015-07-01,10734.01,8411.91,4053.7,2322.1000000000004,1.2760490780334075,177.16776124132855,173.05857350644865,173.14772892302173
2015-07-02,10002.36,7835.1,3912.77,2167.26,1.2766091051805337,165.09167853670857,161.1918374400553,167.1281148822389
2015-07-03,9358.73,7355.49,3686.92,2003.2399999999998,1.2723462339014804,154.46838992716224,151.32480100725613,157.48127012873852
2015-07-06,8858.91,7236.0,3775.91,1622.9099999999999,1.2242827529021558,146.21872457156437,148.86652827867422,161.28234480048522
2015-07-07,8356.13,6763.53,3727.12,1592.5999999999995,1.2354687566995342,137.9202036090429,139.1463833621699,159.1983529673071
2015-07-08,8114.6,6602.37,3507.19,1512.2300000000005,1.2290435101334825,133.93368511571023,135.83083199437124,149.80437215421284
2015-07-09,8348.88,6896.35,3709.33,1452.5299999999988,1.2106230107230636,137.8005403826252,141.8788947339186,158.43847974098531
2015-07-10,8620.27,7244.78,3877.8,1375.4900000000007,1.1898594574300394,142.27990631607267,149.0471595830256,165.634423666698
2015-07-13,9032.56,7695.64,3970.39,1336.9199999999992,1.1737243426147792,149.0848651601754,158.3227210727607,169.58926695085387
2015-07-14,9338.17,7859.06,3924.49,1479.1099999999997,1.188204441752576,154.1290415223143,161.68476751434457,167.62871714263747
2015-07-15,8942.91,7405.29,3805.7,1537.62,1.2076380533375466,147.6051674707485,152.34933847385065,162.55478006817074
2015-07-16,9041.23,7578.76,3823.18,1462.4699999999993,1.192969562303068,149.22796587369837,155.91814398248823,163.30141210842396
2015-07-17,9541.26,7994.7,3957.35,1546.5600000000004,1.1934481594056063,157.48109733654417,164.47529486311728,169.03228286590524
2015-07-20,9839.92,8116.5,3992.11,1723.42,1.212335366229286,162.41056205404817,166.9810913175593,170.51700424572226
2015-07-21,10062.89,8220.46,4017.68,1842.4300000000003,1.2241273602693767,166.0907426877516,169.1198647116791,171.60918852886152
2015-07-22,10228.86,8320.24,4026.04,1908.6200000000008,1.2293948251492746,168.83012278272295,171.1726427923378,171.96627341767828
2015-07-23,10553.22,8551.99,4123.92,2001.2299999999996,1.2340075233951395,174.18377300628686,175.94044515947195,176.14707113506867
2015-07-24,10449.75,8425.07,4070.91,2024.6800000000003,1.2403161041985409,172.47597244939897,173.32931473256076,173.88282831734426
2015-07-27,9719.55,7794.18,3725.56,1925.369999999999,1.2470266275605644,160.4238223900625,160.34998858196198,159.1317199019298
2015-07-28,9284.54,7649.82,3663.0,1634.7200000000012,1.2136939169810532,153.24386375227567,157.38006431132774,156.45956312628675
2015-07-29,9727.23,8022.8,3789.17,1704.4299999999994,1.2124482724235928,160.5505828837022,165.05339732920777,161.84872585619217
2015-07-30,9460.73,7800.58,3705.77,1660.1499999999996,1.2128239182214655,156.15192773331438,160.48165604754843,158.28641966871407
2015-07-31,9223.64,7727.06,3663.73,1496.579999999999,1.1936803907307565,152.23869265036717,158.96912603662415,156.49074398380304
2015-08-03,8723.59,7540.21,3622.91,1183.38,1.1569425785223488,143.98523108206916,155.12505323274488,154.74717877309735
2015-08-04,9265.22,7942.1,3756.54,1323.119999999999,1.1665957366439605,152.9249818854633,163.3931528803287,160.45498423871726
2015-08-05,9240.89,7839.34,3694.57,1401.5499999999993,1.178784183362375,152.5234086028782,161.27906713600632,157.8080284301079
2015-08-06,9229.35,7792.03,3661.54,1437.3200000000006,1.1844602754352846,152.33293775696646,160.30575654274153,156.39720141125417
2015-08-07,9585.14,8013.32,3744.21,1571.8199999999997,1.1961509087369528,158.20534869864179,164.85836489580782,159.92832674121598
2015-08-10,10077.94,8394.09,3928.42,1683.8500000000004,1.2005994693885818,166.3391470405221,172.69196190695638,167.79658121118413
2015-08-11,10153.71,8435.33,3927.91,1718.3799999999992,1.2037122436229524,167.5897515461314,173.54039413832902,167.77479732442615
2015-08-12,10005.93,8336.34,3886.32,1669.5900000000001,1.2002785395029474,165.15060235992388,171.50386876045368,165.99834271606628
2015-08-13,10308.79,8534.43,3954.56,1774.3600000000006,1.207906093318476,170.1493892223871,175.57918255076913,168.91311219128818
2015-08-14,10377.98,8625.24,3965.33,1752.7399999999998,1.2032105773288626,171.291389034227,177.44742044919178,169.37313662341214
2015-08-17,10563.13,8820.46,3993.67,1742.67,1.1975713284794671,174.34734025784536,181.4636896104083,170.58363731109955
2015-08-18,9806.7,8161.27,3748.16,1645.4300000000003,1.201614454613069,161.86225689796606,167.90214638541948,160.09704507983153
2015-08-19,10057.84,8340.98,3794.11,1716.8600000000006,1.2058343264220752,166.00739106107446,171.59932767300384,162.05973056322028
2015-08-20,9739.92,8049.51,3664.29,1690.4099999999999,1.2100016025820204,160.76003479311467,165.6029032676162,156.51466354573336
2015-08-21,9208.15,7612.9,3507.74,1595.25,1.209545639637983,151.98302597764854,156.62050761922592,149.82786458110868
2015-08-24,8506.72,7006.19,3209.91,1500.5299999999997,1.214172039296679,140.40573261128267,144.13863761204593,137.10650184949472
2015-08-25,7882.11,6481.41,2964.97,1400.6999999999998,1.2161103833887996,130.0963742867659,133.34231689478742,126.6442563151915
2015-08-26,7543.78,6238.53,2927.29,1305.25,1.209223967825754,124.51214540484958,128.34553657578184,125.0348115053093
2015-08-27,7793.54,6456.06,3083.59,1337.4799999999996,1.2071666000625767,128.63450229175712,132.82079029281613,131.71093209407223
2015-08-28,8270.96,6842.89,3232.35,1428.0699999999988,1.2086939874818972,136.51444954090584,140.7790599354418,138.06499286684493
2015-08-31,7950.46,6581.31,3205.99,1369.1499999999996,1.2080360900793305,131.22450966961395,135.39756374042585,136.93906491598253
2015-09-01,7441.34,6169.21,3166.62,1272.13,1.2062063051833216,122.8213452787493,126.91941333914866,135.25743428527494
2015-09-02,7129.97,6122.55,3160.17,1007.4200000000001,1.1645425517145633,117.68209854638066,125.95947522285749,134.98193218804192
2015-09-07,7291.47,6143.56,3080.42,1147.9099999999999,1.186847690915365,120.34770007278826,126.391714824728,131.5755302881453
2015-09-08,7651.5,6374.86,3170.45,1276.6400000000003,1.2002616528049244,126.29009337032716,131.1502593231881,135.4210270034769
2015-09-09,7956.73,6551.01,3243.09,1405.7199999999993,1.2145806524490115,131.3279977288745,134.77420058304003,138.5237358938655
2015-09-10,7843.0,6440.31,3197.89,1402.6899999999996,1.2177985221208296,129.4508530750148,132.4967648892245,136.59308553806198
2015-09-11,7952.14,6493.32,3200.23,1458.8200000000006,1.2246647323711137,131.25223852759765,133.5873418190272,136.69303513612795
2015-09-14,7412.3,6049.79,3114.8,1362.5100000000002,1.2252160818805282,122.3420321621742,124.46258072347159,133.04402053665248
2015-09-15,7034.9,5708.03,3005.17,1326.87,1.2324567320073652,116.11294227941116,117.43153806115542,128.3613391537601
2015-09-16,7500.61,6084.84,3152.26,1415.7699999999995,1.2326716889844267,123.79961278630458,125.18366582797236,134.64406837577633
2015-09-17,7428.64,5965.41,3086.06,1463.2300000000005,1.2452857389517233,122.61172831661074,122.7266274818803,131.81643444758626
2015-09-18,7556.2,6036.88,3097.92,1519.3199999999997,1.2516730496547885,124.7171408906575,124.19698275773395,132.32301659846746
2015-09-21,7847.89,6250.44,3156.54,1597.4500000000007,1.2555740075898658,129.53156385807446,128.5905615000216,134.82688217052942
2015-09-22,7880.84,6295.93,3185.62,1584.9099999999999,1.2517356450913526,130.07541259055205,129.52642915776028,136.06899085076756
2015-09-23,7824.07,6224.6,3115.89,1599.4699999999993,1.2569594833402948,129.1384082645201,128.05895410771635,133.09057825540967
2015-09-24,7928.83,6315.11,3142.69,1613.7200000000003,1.2555331577755575,130.86750062307405,129.92102009368963,134.23530014778873
2015-09-25,7640.17,6108.38,3092.35,1531.79,1.2507686162288527,126.10308863166337,125.6679552248325,132.08510238426777
2015-09-28,7839.62,6219.69,3100.76,1619.9300000000003,1.2604518874734916,129.39506525359525,127.95794047396174,132.44432294825688
2015-09-29,7720.68,6103.61,3038.14,1617.0700000000006,1.2649366522435084,127.43192812944095,125.56982181688758,129.769603362407
2015-09-30,7727.51,6123.73,3052.78,1603.7800000000007,1.2618959359736632,127.5446591413627,125.98375141182498,130.3949290528708
2015-10-08,8056.28,6372.49,3143.36,1683.79,1.2642279548496742,132.9710976171338,131.1015012148381,134.26391819509823
2015-10-09,8180.4,6470.05,3183.15,1710.3499999999995,1.2643488071962348,135.01973205340445,133.1086071433715,135.96348849725354
2015-10-12,8522.63,6718.72,3287.66,1803.909999999999,1.2684901290722042,140.66833149849717,138.22450537264982,140.4274767424974
2015-10-13,8651.05,6802.08,3293.23,1848.9699999999993,1.2718242067132406,142.787938606988,139.93947411191323,140.66539095669705
2015-10-14,8534.73,6724.5,3262.44,1810.2299999999996,1.2691991969663172,140.86804529707013,138.34341755250756,139.35024218556455
2015-10-15,8808.47,6929.24,3338.07,1879.2299999999996,1.271202902482812,145.38619862114953,142.55554206878392,142.58066445125962
2015-10-16,8943.02,7047.56,3391.35,1895.46,1.2689526587925466,147.60698305073555,144.98974433881332,144.85643991491472
2015-10-19,8935.39,7047.37,3386.7,1888.0199999999995,1.2679041968847953,147.48104782072633,144.9858354609287,144.65782212388626
2015-10-20,9116.54,7162.08,3425.33,1954.460000000001,1.2728899984362085,150.47097795390738,147.34576905115077,146.3078447620431
2015-10-21,8541.61,6712.74,3320.68,1828.8700000000008,1.2724476145359422,140.9816015726224,138.10147858449247,141.83787662631664
2015-10-22,8894.76,6964.3,3368.74,1930.46,1.2771936878078198,146.81043859460905,143.27683290369967,143.8906876019785
2015-10-23,9182.55,7138.23,3412.43,2044.3199999999997,1.2863903236516616,151.56049099884956,146.85510201142625,145.75684056757703
2015-10-26,9262.89,7186.76,3429.58,2076.129999999999,1.2888826119141308,152.88652460028356,147.85351171531852,146.48937715169274
2015-10-27,9345.97,7231.44,3434.34,2114.5299999999997,1.2924078745035568,154.2577826486671,148.77271520944387,146.6926934281004
2015-10-28,9131.87,7048.9,3375.2,2082.970000000001,1.2955028444154408,150.7240037830085,145.01731221442046,144.16661683424599
2015-10-29,9214.59,7108.98,3387.31,2105.6100000000006,1.2961901707417942,152.08931993325268,146.25334054761322,144.6838773609889
2015-10-30,9188.27,7084.97,3382.56,2103.3,1.2968678766459139,151.654901158175,145.7593818212491,144.48098821961574
2015-11-02,8944.68,6936.43,3325.08,2008.25,1.2895221317017544,147.63438180326708,142.7034622371537,142.02581604148335
2015-11-03,8924.42,6920.1,3316.7,2004.3199999999997,1.2896374329850724,147.2999849802019,142.3675044694933,141.66787688259768
2015-11-04,9396.84,7267.99,3459.64,2128.8500000000004,1.292907667732069,155.09740586630397,149.52465987619144,147.77334506530894
2015-11-05,9391.45,7276.45,3522.82,2115.000000000001,1.2906637165101116,155.00844244693968,149.69870780726353,150.47198421308914
2015-11-06,9629.28,7446.85,3590.03,2182.4300000000003,1.2930675386237134,158.93389143161784,153.20435407850263,153.34275877976066
2015-11-09,9816.03,7543.8,3646.88,2272.2300000000005,1.3012049630159868,162.01625109141116,155.1989104517223,155.77102145072143
2015-11-10,9911.24,7575.01,3640.49,2336.2299999999996,1.3084127941745292,163.58771809654593,155.8409950768712,155.49808216369522
2015-11-11,10100.51,7684.67,3650.25,2415.84,1.3143713393027938,166.7116710433148,158.09703480752893,155.91496595733776
2015-11-12,10135.08,7682.45,3632.9,2452.63,1.3192510201823637,167.2822583174195,158.05136265540364,155.17388667253266
2015-11-13,9934.77,7567.11,3580.84,2367.6600000000008,1.3128882757089564,163.97608716104358,155.67846804903792,152.9502216830829
2015-11-16,10194.78,7718.86,3606.96,2475.920000000001,1.3207623923740035,168.2676230921968,158.8004270963415,154.065898393118
2015-11-17,10109.4,7650.38,3604.79,2459.0199999999995,1.3214245566886873,166.85840291681177,157.39158521456656,153.97321009063808
2015-11-18,9928.66,7526.94,3568.47,2401.7200000000003,1.3190831865273271,163.87523994540055,154.852048972068,152.42185564544374
2015-11-19,10235.35,7718.62,3617.06,2516.7300000000005,1.3260595805986044,168.93724200195751,158.795489566382,154.4973047779325
2015-11-20,10440.35,7806.27,3630.5,2634.08,1.337431321232804,172.3208228868712,160.59871665367137,155.07137426425993
2015-11-23,10341.42,7744.18,3610.31,2597.24,1.3353796011972863,170.6879562676297,159.32133650706788,154.20898862966538
2015-11-24,10459.6,7798.5,3616.11,2661.1000000000004,1.341232288260563,172.63854938460094,160.43886412123283,154.45672694965788
2015-11-25,10696.31,7922.38,3647.93,2773.9299999999994,1.3501384684905293,176.5455124639566,162.98745250199045,155.81587062934076
2015-11-26,10620.83,7874.08,3635.55,2746.75,1.3488344035112674,175.299694487404,161.99377459764275,155.28707745666716
2015-11-27,9933.5,7376.12,3436.3,2557.38,1.3467107368101388,163.95512546482973,151.74922285335742,146.77641189485647
2015-11-30,10001.19,7408.4,3445.41,2592.790000000001,1.3499797527131365,165.07236736775565,152.41332063290903,147.16553191125843
2015-12-01,9955.21,7443.95,3456.31,2511.2599999999993,1.3373558393057448,164.3134549331784,153.14469225815876,147.6311090988305
2015-12-02,9822.06,7405.86,3536.91,2416.2,1.326255154701817,162.11577788524542,152.36106510750446,151.07381747665707
2015-12-03,10102.89,7570.51,3584.82,2532.379999999999,1.3345058655229303,166.750953592125,155.74841639013073,153.1202214268019
2015-12-04,10081.57,7511.68,3524.99,2569.8899999999994,1.3421192063559682,166.39906118009398,154.53810435881033,150.56467251556907
2015-12-07,10238.02,7602.23,3536.93,2635.790000000001,1.3467127408668247,168.98131107982445,156.40099326644352,151.074671746726
2015-12-08,10057.74,7404.14,3470.07,2653.5999999999995,1.3583940876320544,166.0057405338135,152.3256794761281,148.21884690626098
2015-12-09,10034.19,7374.27,3472.44,2659.92,1.3607028221098496,165.61704136386368,151.71116272658637,148.3200779094303
2015-12-10,10035.45,7350.21,3455.5,2685.2400000000007,1.3653283375577026,165.63783800735146,151.21617534814732,147.59651116103848
2015-12-11,9946.12,7290.7,3434.58,2655.420000000001,1.364220170902657,164.16342200515956,149.99187364860836,146.70294466892764
2015-12-14,10118.9,7441.03,3520.67,2677.87,1.359878941490627,167.01520300660044,153.08461897698496,150.38015018067813
2015-12-15,10278.47,7498.18,3510.35,2780.289999999999,1.3707953129959536,169.64894935687204,154.2603682985889,149.9393468251053
2015-12-16,10374.23,7529.4,3516.19,2844.83,1.3778295747337106,171.22949426194197,154.9026586541528,150.18879368523565
2015-12-17,10679.96,7716.25,3580.0,2963.709999999999,1.3840868297424267,176.27565125679396,158.74673145803203,152.91434234018743
2015-12-18,10629.97,7699.37,3578.96,2930.5999999999995,1.380628544932897,175.45055267905332,158.3994585175478,152.86992029660257
2015-12-21,10699.61,7788.56,3642.47,2911.05,1.3737597193833007,176.59997986356743,160.2343680887439,155.58265490052025
2015-12-22,10809.24,7856.61,3651.77,2952.63,1.375814759800983,178.4094528997288,161.63436356267476,155.97989048257716
2015-12-23,10638.16,7773.28,3636.09,2864.88,1.3685548442870963,175.5857308617238,159.92001201465624,155.31014274852853
2015-12-24,10633.19,7753.04,3612.49,2880.1500000000005,1.3714865394735485,175.5036996568554,159.5036136547391,154.30210406717978
2015-12-25,10726.99,7792.12,3627.91,2934.87,1.376645893543734,177.051894227611,160.30760811647636,154.96074629033222
2015-12-28,10515.36,7603.36,3533.78,2912.000000000001,1.3829885734727805,173.55888338529743,156.42424080333612,150.94012421086805
2015-12-29,10653.71,7674.39,3563.74,2979.319999999999,1.3882158712288533,175.84238785079893,157.88554394093072,152.21982077413955
2015-12-30,10806.7,7741.05,3572.88,3065.6500000000005,1.3960250870359965,178.36752950730113,159.25694288717952,152.61022219564495
2015-12-31,10614.38,7617.69,3539.18,2996.6899999999996,1.3933856589070965,175.19323547907376,156.71905248800078,151.17077712948173
2016-01-04,9694.84,6983.4,3296.26,2711.4400000000005,1.3882693243978579,160.01597710388583,143.6697779963092,140.79481287214142
2016-01-05,9452.04,6889.74,3287.71,2562.300000000001,1.371900826446281,156.00849691433928,141.74290692961756,140.42961241766974
2016-01-06,9709.57,7065.61,3361.84,2643.96,1.3742012366943548,160.25909976942134,145.36108773785008,143.59596442819435
2016-01-07,8856.49,6462.24,3125.0,2394.25,1.3704984649285696,146.1787818118498,132.94793168927302,133.47969827181166
2016-01-08,8876.25,6570.43,3186.41,2305.8199999999997,1.350938979640602,146.50492599861025,135.1737290489289,136.10273451849068
2016-01-11,8205.12,6128.66,3016.7,2076.460000000001,1.3388114204410102,135.42774239230724,126.08517650640954,128.85382584850376
2016-01-12,8187.96,6136.66,3022.86,2051.3,1.3342697819334948,135.14451191433102,126.24976083839259,129.11694102973718
2016-01-13,7836.12,5924.04,2949.6,1912.08,1.3227662203496262,129.33729679946256,121.87552075511292,125.98774976721141
2016-01-14,8157.74,6124.82,3007.65,2032.92,1.3319150603609575,134.64572257607693,126.00617602705766,128.4672686423086
2016-01-15,7868.17,5893.68,2900.97,1974.4899999999998,1.335018188975309,129.86629078659178,121.25092321523722,123.91059209458479
2016-01-18,8060.88,5978.91,2913.84,2081.9700000000003,1.3482189897489676,133.04702187113674,123.00436354210171,124.46031488394742
2016-01-19,8388.38,6197.1,3007.74,2191.279999999999,1.3535976505139498,138.45249865069397,127.4931954665246,128.4711128576188
2016-01-20,8321.39,6138.5,2976.69,2182.8899999999994,1.3556064185061496,137.34681043859462,126.2876152347487,127.1448585755901
2016-01-21,7944.57,5886.88,2880.48,2057.6899999999996,1.3495382953279156,131.12729361394497,121.11102653305164,123.03539240895618
2016-01-22,8074.29,5980.61,2916.56,2093.6800000000003,1.3500780020767114,133.26835757682792,123.0393377126481,124.5764956133232
2016-01-25,8180.5,6041.33,2938.51,2139.17,1.354089248559506,135.02138258066537,124.28853279239951,125.51405701398441
2016-01-26,7545.54,5589.31,2749.78,1956.2299999999996,1.3499949009806218,124.541194684642,114.9891065745269,117.45273750843592
2016-01-27,7466.75,5514.19,2735.56,1952.5600000000004,1.3540973379589751,123.24074425575249,113.44365969720597,116.84535148941988
2016-01-28,7100.9,5271.23,2655.66,1829.67,1.3471049451456303,117.20229027162728,108.44523353488056,113.43254256400618
2016-01-29,7385.76,5469.13,2737.6,1916.63,1.3504451347837774,121.90398222712247,112.51663844731144,116.93248703645172
2016-02-01,7292.61,5399.48,2688.85,1893.13,1.3506133924007497,120.36651608356289,111.08372610698393,114.85020374341144
2016-02-02,7576.07,5586.63,2749.57,1989.4399999999996,1.356107349153246,125.045100657405,114.93397082331256,117.44376767271207
2016-02-03,7630.46,5610.17,2739.25,2020.29,1.360112082165068,125.94282243462673,115.4182602201727,117.00296431713923
2016-02-04,7807.4,5721.49,2781.02,2085.91,1.3645746125572185,128.86326537012246,117.70845119971692,118.78710735611958
2016-02-05,7718.71,5664.2,2763.49,2054.51,1.3627184774548922,127.39941274240056,116.52982165230326,118.038339640694
2016-02-15,7726.37,5668.04,2746.2,2058.33,1.3631466962124472,127.52584313058806,116.60882213165513,117.29982316609573
2016-02-16,8069.59,5902.53,2836.57,2167.0600000000004,1.3671408701014651,133.19078279556405,121.43299463249349,121.1598424725993
2016-02-17,8202.15,5971.41,2867.34,2230.74,1.373570061342296,135.37872173265748,122.85006573086758,122.47413697366287
2016-02-18,8176.14,5957.13,2862.89,2219.01,1.3724964874024908,134.9494195920887,122.55628269827785,122.28406188332379
2016-02-19,8239.26,5979.52,2860.02,2259.74,1.3779132773199185,135.99123239918993,123.01691309741543,122.16147412843097
2016-02-22,8407.85,6103.72,2927.18,2304.13,1.377496018821309,138.7738563083977,125.57208485145237,125.03011301993013
2016-02-23,8357.36,6070.5,2903.33,2286.8600000000006,1.3767169096450047,137.9405050943524,124.88864841289273,124.01139596271966
2016-02-24,8364.66,6111.04,2928.9,2253.62,1.3687784730585957,138.06099358440053,125.72267951521685,125.10358024585895
2016-02-25,7702.59,5626.05,2741.25,2076.54,1.3690937691630896,127.13334774793807,115.74496011915907,117.0883913240332
2016-02-26,7666.82,5648.94,2767.21,2017.88,1.35721391977964,126.54295414670216,116.21587703904557,118.1972338735168
2016-02-29,7183.68,5350.43,2687.98,1833.25,1.3426360124326455,118.56859673822804,110.07461842151282,114.81304299541257
2016-03-01,7345.09,5473.64,2733.17,1871.4499999999998,1.3419022807491907,121.23271279010079,112.60942286446686,116.74326621618158
2016-03-02,7711.89,5753.15,2849.68,1958.7400000000007,1.3404639197656938,127.2868467832049,118.35979369353986,121.7198165027892
2016-03-03,7727.16,5776.98,2859.76,1950.1800000000003,1.3375777655453196,127.53888229594943,118.85004927243439,122.15036861753477
2016-03-04,7418.8,5621.56,2874.15,1797.2399999999998,1.3197048506108624,122.44931643413489,115.65258716283357,122.7650159321368
2016-03-07,7600.44,5752.55,2897.34,1847.8899999999994,1.3212297155174662,125.44733415089449,118.34744986864114,123.75554207707226
2016-03-08,7670.69,5764.33,2901.39,1906.3599999999997,1.330716666117311,126.60682955170029,118.58980029748618,123.9285317660325
2016-03-09,7500.17,5617.04,2862.56,1883.13,1.3352530870351644,123.79235046635648,115.55959701526315,122.2699664271863
2016-03-10,7376.7,5521.95,2804.73,1854.75,1.3358867791269389,121.75444445728188,113.60330649922955,119.79984452284747
2016-03-11,7349.57,5508.98,2810.31,1840.5900000000001,1.334107221300495,121.30665641139062,113.33647415100201,120.03818587208161
2016-03-14,7640.13,5690.59,2859.5,1949.54,1.3425901356449859,126.10242842075901,117.07274421743237,122.13926310663854
2016-03-15,7571.82,5639.8,2864.37,1932.0199999999995,1.3425688854214688,124.97495324881534,116.02783943975494,122.34727786842532
2016-03-16,7484.23,5562.8,2870.43,1921.4299999999994,1.345406989285971,123.52925642096366,114.44371524441803,122.60612169931402
2016-03-17,7779.88,5745.98,2904.83,2033.9000000000005,1.3539692097779665,128.40904026791358,118.21228498600004,124.07546621789014
2016-03-18,8097.2,5949.26,2955.15,2147.9399999999996,1.3610432221822546,133.6464933723078,122.3943728616895,126.22480971134216
2016-03-21,8325.98,6099.48,3018.8,2226.5,1.3650311174067298,137.42256963987145,125.48485515550134,128.94352420574242
2016-03-22,8311.21,6075.49,2999.36,2235.7199999999993,1.3679900715827036,137.17878676343156,124.99130788996715,128.11317369873314
2016-03-23,8408.64,6118.97,3009.96,2289.669999999999,1.3741920617358803,138.78689547375907,125.88582373429506,128.56593683527112
2016-03-24,8279.65,6018.42,2960.97,2261.2299999999996,1.3757182117565738,136.65788035988095,123.81720441168302,126.47340230140355
2016-03-25,8343.24,6077.43,2979.43,2265.8099999999995,1.3728237100221639,137.70745064510857,125.03121959047306,127.26189357503482
2016-03-28,8298.78,6037.78,2957.82,2261.000000000001,1.3744753866487354,136.97362622489754,124.21549849508202,126.3388547655456
2016-03-29,8119.0,5921.87,2919.83,2197.13,1.3710196272461233,134.0063083151913,121.83087725506252,124.71616876959482
2016-03-30,8438.68,6137.5,3000.65,2301.1800000000003,1.3749376782077394,139.28271386294352,126.26704219325082,128.16827411817974
2016-03-31,8447.18,6155.81,3003.92,2291.37,1.3722288374722416,139.42300868012288,126.64373458307705,128.30794727445135
2016-04-01,8389.29,6124.53,3009.53,2264.760000000001,1.3697851100410972,138.4675184487685,126.00020984502329,128.54757002878893
2016-04-05,8635.67,6286.58,3053.06,2349.09,1.373667399444531,142.5340875142564,129.33407121975506,130.40688883383592
2016-04-06,8691.23,6323.43,3050.59,2367.7999999999993,1.374448677379207,143.45112046043107,130.092187798952,130.3013864803219
2016-04-07,8549.51,6228.97,3008.42,2320.54,1.3725399223306582,141.11199322623614,128.14885829906208,128.50015803996277
2016-04-08,8484.17,6168.74,2984.96,2315.4300000000003,1.3753489367358651,140.03353871394216,126.90974400964465,127.49809924909663
2016-04-11,8677.41,6304.3,3033.96,2373.1099999999997,1.3764272004822105,143.22301759297008,129.69862551509755,129.59106091799865
2016-04-12,8608.37,6252.77,3023.65,2355.6000000000004,1.3767290336922675,142.08349357202158,128.63849668671168,129.15068469746026
2016-04-13,8729.84,6344.23,3066.64,2385.6100000000006,1.3760282965781507,144.0883890358775,130.52010706210794,130.98693821064592
2016-04-14,8837.02,6401.86,3082.36,2435.1600000000008,1.380383201132171,145.85742415414603,131.7057314436309,131.65839448483246
2016-04-15,8841.1,6384.35,3078.12,2456.75,1.384808163712829,145.92476566639215,131.345497487003,131.47728923021725
2016-04-18,8715.85,6281.2,3033.66,2434.6500000000005,1.3876090555944725,143.85748027207293,129.22338825649646,129.57824686696452
2016-04-19,8754.5,6308.23,3042.82,2446.2700000000004,1.3877902359298886,144.49540905842372,129.7794775681842,129.96950255853886
2016-04-20,8312.2,6022.21,2972.58,2289.9900000000007,1.3802574138065595,137.19512698331485,123.89517623896,126.96930607642301
2016-04-21,8198.51,5970.68,2952.89,2227.83,1.3731283538893393,135.31864254035952,122.83504741057413,126.12827719355198
2016-04-22,8282.42,6011.32,2959.24,2271.1000000000004,1.377803876685986,136.70359996500883,123.67113581704807,126.39950794044029
2016-04-25,8232.48,5978.08,2946.67,2254.3999999999996,1.3771110456869096,135.8793266508986,122.98728791765848,125.86259920211175
2016-04-26,8343.42,6046.77,2964.7,2296.6499999999996,1.3798143471638575,137.71042159417826,124.400450138148,126.6327236692608
2016-04-27,8323.46,6016.7,2953.67,2306.7599999999993,1.3833928897900842,137.3809763528959,123.78181878030668,126.16159372624062
2016-04-28,8303.56,5990.33,2945.59,2313.2299999999996,1.3861606956544965,137.05252142797016,123.23930767600753,125.81646861838904
2016-04-29,8291.7,5985.59,2938.32,2306.1100000000006,1.3852769735314314,136.85676889482346,123.14179145930757,125.5059414483295
2016-05-03,8558.58,6167.45,2992.64,2391.13,1.3877015622339866,141.26169604880278,126.88320478611239,127.82613895556942
2016-05-04,8565.11,6169.78,2991.27,2395.330000000001,1.3882358852341576,141.36947547894175,126.93113997280246,127.76762145584706
2016-05-05,8628.74,6203.82,2997.84,2424.92,1.3908752994122977,142.41970597507375,127.63144630539034,128.04824917349373
2016-05-06,8276.03,5961.49,2913.25,2314.540000000001,1.3882485754400327,136.59813127303516,122.64598115920859,124.4351139169137
2016-05-09,7918.15,5743.65,2832.11,2174.5,1.3785920103070348,130.69122431160633,118.16434979930999,120.96934024722576
2016-05-10,7898.66,5738.9,2832.59,2159.76,1.3763369286797122,130.3695365484504,118.06662785219504,120.98984272888032
2016-05-11,7823.98,5723.41,2837.04,2100.5699999999997,1.3670137208412467,129.13692278998525,117.74795143939285,121.17991781921937
2016-05-12,7821.91,5726.46,2835.86,2095.45,1.3659241486014047,129.10275687568392,117.81069921596139,121.12951588515195
2016-05-13,7806.96,5714.31,2827.11,2092.6499999999996,1.366212193598177,128.85600305017437,117.56073676176213,120.75577272999087
2016-05-16,7961.15,5812.54,2850.86,2148.6099999999997,1.3696507894999432,131.40095103380773,119.58162662809909,121.77021843685665
2016-05-17,7961.5,5790.34,2843.68,2171.16,1.374962437438907,131.406727879221,119.1249051068461,121.4635354821073
2016-05-18,7711.96,5631.19,2807.51,2080.7700000000004,1.3695080435929174,127.28800215228755,115.85070555245818,119.91858806243008
2016-05-19,7767.32,5666.73,2806.91,2100.59,1.3706882099553006,128.20173404394032,116.58187144729291,119.89295996036186
2016-05-20,7860.13,5732.9,2825.48,2127.2300000000005,1.3710565333426366,129.73358839481273,117.94318960320776,120.68614971937228
2016-05-23,7995.58,5809.48,2843.65,2186.1000000000004,1.3762987393019686,131.96922756974715,119.51867312111555,121.4622540770039
2016-05-24,7913.68,5743.18,2821.67,2170.5,1.3779265145790311,130.61744574304262,118.154680469806,120.52341127123931
2016-05-25,7889.73,5715.18,2815.09,2174.5499999999993,1.3804867038308504,130.22214446404902,117.5786353078653,120.24235641855819
2016-05-26,7929.47,5744.39,2822.44,2185.08,1.380385036531294,130.87806399754402,118.17957385001843,120.55630066889347
2016-05-27,7912.86,5739.59,2821.05,2173.2699999999995,1.3786455130070265,130.60391141950296,118.0808232508286,120.49692889910217
2016-05-30,7867.6,5711.32,2822.45,2156.2800000000007,1.3775449458268842,129.85688278120446,117.49922336768346,120.55672780392794
2016-05-31,8197.56,5947.32,2916.62,2250.24,1.3783620185226286,135.30296253138064,122.35446116118361,124.57905842353001
2016-06-01,8270.52,5973.78,2913.51,2296.7400000000007,1.3844701344877115,136.50718722095775,122.89882383921757,124.44621942780994
2016-06-02,8369.43,6013.89,2925.23,2355.54,1.391683253268683,138.13972373474707,123.72400853369763,124.94682168820852
2016-06-03,8391.76,6032.6,2938.68,2359.16,1.3910685276663461,138.50828647211353,124.10893014012301,125.52131830957039
2016-06-06,8422.47,6051.86,2934.1,2370.6099999999997,1.3917159352661825,139.01516339394618,124.50516691937219,125.32569046378323
2016-06-07,8434.67,6045.36,2936.04,2389.3100000000004,1.3952303915730413,139.2165277197801,124.37144214963595,125.40855466047036
2016-06-08,8431.89,6023.88,2927.16,2408.0099999999993,1.3997440188051553,139.1706430619261,123.92953321826148,125.0292587498612
2016-06-13,8000.82,5746.44,2833.07,2254.38,1.3923089773842587,132.05571519822007,118.22174858508907,121.01034521053487
2016-06-14,8038.59,5762.76,2842.19,2275.83,1.3949201424317514,132.67911934467466,118.55750062233452,121.39989236197133
2016-06-15,8340.54,5952.85,2887.21,2387.6900000000005,1.4011003132953124,137.6628864090634,122.46823008066691,123.32285428715434
2016-06-16,8358.03,5930.55,2872.82,2427.4800000000005,1.4093178541619242,137.95156362700064,122.00945125526414,122.70820697255232
2016-06-17,8414.51,5964.27,2885.1,2450.24,1.4108197650341114,138.88378142397588,122.70317421457273,123.23272879488121
2016-06-20,8457.93,5985.57,2888.81,2472.3600000000006,1.413053393411154,139.60044036067322,123.1413799984776,123.39119589266951
2016-06-21,8350.76,5916.8,2878.56,2433.96,1.4113642509464575,137.83157029513077,121.72657193466827,122.95338248233799
2016-06-22,8513.54,6008.89,2905.55,2504.6500000000005,1.416824072332827,140.51829857047835,123.62114332620821,124.10621994037197
2016-06-23,8495.78,5978.17,2891.96,2517.6100000000006,1.4211338921442516,140.22516492893655,122.98913949139327,123.5257434285275
2016-06-24,8428.82,5903.62,2854.29,2525.2,1.4277375576341296,139.11997187501547,121.45541924772618,121.91672575367977
2016-06-27,8646.16,6044.22,2895.7,2601.9399999999996,1.4304839995896905,142.70722782392835,124.34798888232838,123.6854919314192
2016-06-28,8730.2,6107.51,2912.56,2622.6900000000005,1.4294205003348337,144.09433093401688,125.65005667872936,124.40564159953529
2016-06-29,8745.82,6120.2,2931.59,2625.62,1.4290088559197411,144.35214329217467,125.91112857533746,125.21847957013132
2016-06-30,8741.1,6123.49,2929.61,2617.6100000000006,1.4274702824696375,144.27423840545862,125.97881388186549,125.1339068333063
2016-07-01,8710.52,6111.54,2932.48,2598.9800000000005,1.4252577909986681,143.76950716906515,125.7329660359658,125.25649458819912
2016-07-04,8874.07,6231.88,2988.6,2642.1899999999996,1.423979601661136,146.4689445043219,128.20872584982092,127.65357640164363
2016-07-05,8914.84,6269.51,3006.39,2645.33,1.4219356855639436,147.1418644686045,128.98288940138622,128.4134496279654
2016-07-06,8947.14,6297.4,3017.29,2649.74,1.4207673007908026,147.674984773886,129.55667152876214,128.87902681553746
2016-07-07,8954.28,6319.79,3016.85,2634.4900000000007,1.4168635350225245,147.7928324203167,130.01730192789972,128.8602328740208
2016-07-08,8939.26,6299.85,2988.09,2639.41,1.4189639435859585,147.54492322572446,129.60707548043197,127.63179251488567
2016-07-11,8875.0,6312.5,2994.92,2562.5,1.4059405940594059,146.48429440784858,129.86732445538016,127.92352574342854
2016-07-12,8943.07,6395.15,3049.38,2547.92,1.3984144234302558,147.60780831436603,131.5676863351801,130.24970314115106
2016-07-13,9023.24,6446.56,3060.69,2576.6799999999994,1.3996984438212006,148.9310360194564,132.62534639858623,130.7327928651364
2016-07-14,9042.76,6455.58,3054.02,2587.1800000000003,1.4007664686983974,149.25321894079065,132.81091523289712,130.44789379714504
2016-07-15,8982.89,6441.02,3054.3,2541.869999999999,1.3946378058133648,148.26504826966973,132.51137174868796,130.4598535781102
2016-07-18,8937.86,6412.07,3043.56,2525.790000000001,1.3939117944751072,147.5218158440714,131.91578219732426,130.00111055108962
2016-07-19,8996.83,6431.94,3036.6,2564.8900000000003,1.398773931348862,148.49513176984388,132.3245685318872,129.70382456709865
2016-07-20,8997.89,6417.92,3027.9,2579.9699999999993,1.4019947272636617,148.51262735880977,132.03613449008688,129.33221708710994
2016-07-21,9007.55,6442.71,3039.01,2564.8399999999992,1.3980995574843504,148.67206829221593,132.54614018881938,129.80676411040588
2016-07-22,8931.97,6390.93,3012.82,2541.039999999999,1.3976009751319447,147.4245997884024,131.48086810005907,128.68809745512948
2016-07-25,8925.34,6408.78,3015.83,2516.5600000000004,1.3926738006297612,147.31516983100252,131.84809689079623,128.81666510050488
2016-07-26,9035.56,6494.47,3050.17,2541.0899999999992,1.3912698033865734,149.13438097800343,133.61100081674977,130.28344680887415
2016-07-27,8602.92,6229.29,2992.0,2373.63,1.3810434254947193,141.9935398363007,128.1554416723414,127.79880231336335
2016-07-28,8571.56,6243.29,2994.32,2328.2699999999995,1.3729235707455523,141.47593448727196,128.44346425331173,127.89789764136034
2016-07-29,8501.09,6202.89,2979.34,2298.2,1.3705047163499593,140.31280792649213,127.61231337679733,127.2580493597246
2016-08-01,8363.61,6109.28,2953.39,2254.330000000001,1.3690009297331274,138.04366304816074,125.68647096218058,126.14963394527545
2016-08-02,8445.78,6168.51,2971.28,2277.2700000000004,1.3691766731350035,139.39990129846979,126.90501221010015,126.91377852194195
2016-08-03,8482.2,6198.39,2978.46,2283.8100000000004,1.3684521303112582,140.0010233269018,127.51973469005686,127.22046147669126
2016-08-04,8553.01,6238.23,2982.43,2314.7800000000007,1.3710635869469385,141.1697616803688,128.33936466333247,127.39003408537575
2016-08-05,8505.36,6203.29,2976.7,2302.0700000000006,1.3711046879962085,140.38328544053397,127.62054259339648,127.14528571062456
2016-08-08,8607.4,6290.76,3004.28,2316.6399999999994,1.368260750688311,142.06748345759053,129.42006653321621,128.32332413569227
2016-08-09,8699.39,6341.55,3025.68,2357.8399999999992,1.371808154157895,143.58580348492325,130.46497131089365,129.23739310945763
2016-08-10,8671.78,6318.27,3018.75,2353.51,1.372492786791321,143.13009290817953,129.98603090482297,128.94138853057007
2016-08-11,8531.69,6226.31,3002.64,2305.38,1.3702642496117283,140.81786926833777,128.09413400867774,128.25327399003922
2016-08-12,8615.05,6299.09,3050.67,2315.959999999999,1.3676658056957431,142.19374879305192,129.59143996889358,130.30480356059766
2016-08-15,8807.83,6442.53,3125.2,2365.3,1.367138375762317,145.37563524667956,132.54243704134976,133.48824097250105
2016-08-16,8877.07,6468.89,3110.04,2408.1799999999994,1.3722709769373107,146.5184603221499,133.08474241523393,132.84070426024485
2016-08-17,8911.75,6488.36,3109.55,2423.3900000000003,1.3734980796379979,147.09086317624164,133.4852995331977,132.81977464355583
2016-08-18,8908.32,6490.41,3104.11,2417.91,1.372535787415587,147.0342500911916,133.52747426826838,132.58741318480423
2016-08-19,8923.36,6499.55,3108.1,2423.8100000000004,1.3729196636690233,147.28248939123606,133.715511867559,132.7578400635577
2016-08-22,8810.84,6420.35,3084.8,2390.49,1.3723301689160248,145.42531611723365,132.08612698092674,131.76261543324307
2016-08-23,8820.21,6428.7,3089.71,2391.5099999999993,1.3720052265621354,145.5799705215831,132.25791187743405,131.97233873516774
2016-08-24,8850.51,6435.06,3085.88,2415.45,1.375357805521627,146.08008028164596,132.3887564213606,131.8087460169658
2016-08-25,8784.58,6382.57,3068.33,2402.01,1.3763389982405208,144.99188765851252,131.30887747313676,131.0591240314713
2016-08-26,8814.46,6410.73,3070.31,2403.7299999999996,1.3749541783853008,145.48506520407943,131.8882143217171,131.14369676829634
2016-08-29,8836.99,6427.53,3070.03,2409.46,1.3748656171188622,145.85692899596776,132.23384141888152,131.13173698733118
2016-08-30,8838.46,6425.75,3074.68,2412.709999999999,1.3754752363537328,145.88119174670345,132.1972214050153,131.33035477835963
2016-08-31,8838.38,6434.21,3085.49,2404.169999999999,1.3736542636936002,145.87987132489474,132.37126933608738,131.79208775062148
2016-09-01,8770.75,6381.48,3063.3,2389.2700000000004,1.3744068774014806,144.76361973832542,131.28645285790407,130.844275109133
2016-09-02,8724.94,6356.95,3067.35,2367.9900000000007,1.3725041096752375,144.00751320009178,130.78179614996102,131.0172647980933
2016-09-05,8761.96,6391.79,3072.09,2370.169999999999,1.370814748294296,144.61853839208933,131.49856091574722,131.21972680443196
2016-09-06,8906.87,6492.97,3090.71,2413.9000000000005,1.3717713157461071,147.0103174459081,133.58014125450296,132.01505223861471
2016-09-07,8897.8,6494.32,3091.93,2403.4799999999996,1.370089555180527,146.8606146233414,133.60791486052509,132.06716271282005
2016-09-08,8938.43,6517.98,3095.95,2420.4500000000007,1.371349712641033,147.5312238494587,134.09467302236496,132.2388709966769
2016-09-09,8872.31,6471.05,3078.85,2401.2599999999993,1.3710773367536953,146.43989522452947,133.12918018486937,131.50847008773354
2016-09-12,8587.4,6291.64,3021.98,2295.7599999999993,1.3648905531785034,141.73737800540383,129.43817080973437,129.0793531467038
2016-09-13,8656.68,6320.03,3023.51,2336.6500000000005,1.3697213462594324,142.88086329177855,130.02223945785923,129.1447048069777
2016-09-14,8618.15,6278.16,3002.85,2339.99,1.3727190769269977,142.24491513814087,129.1608462103429,128.26224382576308
2016-09-19,8716.49,6344.18,3026.05,2372.3099999999995,1.3739348505244176,143.8680436465429,130.51907841003307,129.25319710573302
2016-09-20,8712.28,6342.03,3023.0,2370.250000000001,1.3737368003620294,143.7985564488576,130.4748463708126,129.12292092021974
2016-09-21,8732.0,6343.75,3025.87,2388.25,1.376472906403941,144.12404042471368,130.51023200218899,129.24550867511255
2016-09-22,8770.09,6385.64,3042.31,2384.45,1.3734081470298982,144.75272625840324,131.37203671053527,129.9477186717809
2016-09-23,8729.61,6370.58,3033.9,2359.0300000000007,1.3703006633618917,144.0845928231774,131.06220670557715,129.5884981077918
2016-09-26,8544.18,6241.52,2980.43,2302.66,1.368926159012548,141.02402012322835,128.4070499698605,127.3046070784818
2016-09-27,8604.1,6286.91,2998.17,2317.1900000000005,1.3685737508569393,142.01301605797974,129.34086032344936,128.0623446296312
2016-09-28,8592.13,6281.28,2987.86,2310.8499999999995,1.3678947603036322,141.81544794484597,129.2250340998163,127.62196840909286
2016-09-29,8618.61,6298.79,2998.48,2319.8200000000006,1.3682961330668273,142.25250756354117,129.58526805644422,128.07558581569978
2016-09-30,8661.02,6328.09,3004.7,2332.9300000000003,1.3686625822325535,142.95249617490308,130.18805817233215,128.34126380714
2016-10-10,8842.82,6447.69,3048.14,2395.13,1.371471022955508,145.95315473528018,132.64859393547883,130.1967383968768
2016-10-11,8903.46,6486.43,3065.25,2417.029999999999,1.3726287033082911,146.95403446631025,133.4455935631068,130.9275664408546
2016-10-12,8915.44,6482.74,3058.5,2432.7000000000007,1.3752579927623199,147.1517676321701,133.36967903997962,130.63925029258752
2016-10-13,8929.51,6484.83,3061.34,2444.6800000000003,1.3769844390677937,147.38399681778344,133.41267669671018,130.76055664237694
2016-10-14,8913.7,6469.49,3063.81,2444.210000000001,1.3778056693804304,147.12304845782987,133.09708624013265,130.86605899589097
2016-10-17,8832.09,6413.15,3041.17,2418.9400000000005,1.3771843789713325,145.77605316018202,131.938001082142,129.89902527785136
2016-10-18,8966.69,6509.28,3083.88,2457.4100000000008,1.3775240886856919,147.99766285339854,133.91568756133339,131.72331901007186
2016-10-19,8954.2,6495.26,3084.72,2458.9400000000005,1.3785745297339906,147.79151199850793,133.6272535195331,131.7591983529673
2016-10-20,8995.41,6498.24,3084.46,2497.17,1.3842840522972375,148.4716942827386,133.68856118319675,131.7480928420711
2016-10-21,8943.01,6475.28,3090.94,2467.7300000000005,1.3811001223113133,147.6068179980095,133.21620415040542,132.02487634440755
2016-10-24,9000.7,6539.47,3128.25,2461.2300000000005,1.3763653629422568,148.559007174842,134.53678768415443,133.61851715801433
2016-10-25,9039.48,6563.35,3131.94,2476.129999999999,1.377266182665864,149.199081646632,135.02807191512386,133.7761299857337
2016-10-26,9000.76,6530.39,3116.31,2470.37,1.3782882798730245,148.55999749119857,134.3499844673537,133.10851792685742
2016-10-27,8997.02,6517.36,3112.35,2479.6600000000008,1.3804700062602036,148.49826777163966,134.08191773663626,132.93937245320737
2016-10-28,8914.62,6455.83,3104.27,2458.790000000001,1.3808634985741572,147.13823330863045,132.8160584932716,132.59424734535577
2016-10-31,8910.51,6452.21,3100.49,2458.3,1.381001238335392,147.07039663820606,132.74158408304925,132.43279030232617
2016-11-01,9006.79,6507.95,3122.44,2498.840000000001,1.3839673015312044,148.65952428503286,133.88832541614119,133.3703517029874
2016-11-02,8946.74,6455.13,3102.73,2491.6099999999997,1.3859891280268561,147.66838266484228,132.8016573642231,132.52846855004742
2016-11-03,9004.85,6483.73,3128.94,2521.120000000001,1.388837906575382,148.62750405617075,133.3900463510625,133.64798947539276
2016-11-04,8979.93,6462.59,3125.32,2517.34,1.3895249427860965,148.21619266274612,132.9551322537973,133.4933665929147
2016-11-07,8975.57,6468.82,3133.33,2506.75,1.387512714838255,148.1442296741694,133.0833023023291,133.835501755525
2016-11-08,9030.73,6503.18,3147.89,2527.5499999999993,1.3886636999129656,149.0546605113003,133.7901920081963,134.457410365713
2016-11-09,8967.6,6453.57,3128.37,2514.0300000000007,1.389556478042386,148.01268265147303,132.7695634194864,133.62364277842798
2016-11-10,9083.84,6536.97,3171.28,2546.87,1.3896101710731423,149.93125553958214,134.48535508040976,135.4564792113379
2016-11-11,9121.51,6583.89,3196.04,2537.62,1.3854286751449372,150.55300915877575,135.45064218749036,136.5140655566851
2016-11-14,9152.17,6615.01,3210.37,2537.16,1.3835459054483665,151.05906081697796,136.09087523890446,137.1261500610803
2016-11-15,9197.86,6640.46,3206.99,2557.4000000000005,1.3851239221379243,151.8131867224985,136.61445914502553,136.9817784194295
2016-11-16,9211.95,6644.19,3205.06,2567.760000000001,1.386466973400821,152.04574601356404,136.69119658981265,136.89934135777685
2016-11-17,9174.44,6636.47,3208.45,2537.9700000000003,1.3824277062956662,151.4266332379879,136.532372709449,137.0441401344621
2016-11-18,9146.21,6602.33,3192.85,2543.879999999999,1.3853003409402438,150.96068939222633,135.83000907271133,136.37780948068922
2016-11-21,9167.49,6611.54,3218.15,2555.95,1.386589206145618,151.311921593353,136.0194867849068,137.45846111789783
2016-11-22,9244.21,6661.25,3248.35,2582.959999999999,1.387759054231563,152.57820610794118,137.04217267776653,138.7484089219966
2016-11-23,9180.01,6631.17,3241.14,2548.84,1.3843725918653873,151.5185676064219,136.42333558951023,138.44044456214388
2016-11-24,9116.57,6623.05,3241.74,2493.5199999999995,1.3764911936343527,150.47147311208565,136.25628249254746,138.46607266421208
2016-11-25,9134.82,6652.82,3261.94,2482.0,1.373074876518529,150.77269433720602,136.86874193793938,139.32888543384107
2016-11-28,9133.91,6670.8,3277.0,2463.1099999999997,1.3692375727049229,150.75767453913153,137.2386452240713,139.97215079575258
2016-11-29,9031.29,6620.79,3282.92,2410.500000000001,1.3640804194061436,149.06390346396157,136.20978741876223,140.2250147361587
2016-11-30,9014.91,6585.58,3250.03,2429.33,1.3688862636244643,148.79354709862065,135.48541062762177,138.82016760778754
2016-12-01,9055.99,6624.47,3273.31,2431.5199999999995,1.367051250892524,149.47158369741214,136.28549621147442,139.81453796803322
2016-12-02,8900.41,6520.97,3243.84,2379.4399999999996,1.3648904994195648,146.90369338485178,134.15618641644363,138.55577102145074
2016-12-05,8851.52,6486.02,3204.71,2365.5,1.3647074785461655,146.0967506069814,133.43715861609266,136.88439163157042
2016-12-06,8871.73,6490.89,3199.65,2380.8399999999992,1.3667971572465407,146.43032216641606,133.53734932818736,136.6682613041287
2016-12-07,8969.14,6558.02,3222.24,2411.119999999999,1.3676597509614181,148.03810077129137,134.91841760394016,137.63315934699597
2016-12-08,8914.51,6527.43,3215.36,2387.08,1.3656998236672013,147.1364177286434,134.28908826451996,137.33929044328076
2016-12-09,8881.34,6513.92,3232.88,2367.42,1.3634401404991157,146.58893783619177,134.01114647388357,138.08763102367183
2016-12-12,8397.48,6249.08,3152.97,2148.3999999999996,1.3437946065660864,138.6026966314389,128.5625821635845,134.67439496322368
2016-12-13,8433.59,6278.18,3155.04,2155.41,1.3433176493824643,139.198702025362,129.16125767117285,134.76281191535892
2016-12-14,8378.06,6239.5,3140.53,2138.5599999999995,1.3427454122926517,138.2821642373656,128.3654924260348,134.14303898034325
2016-12-15,8467.71,6280.4,3117.68,2187.3099999999995,1.3482755875421948,139.7618619267925,129.20692982329817,133.16703542657976
2016-12-16,8559.99,6318.52,3122.98,2241.4699999999993,1.3547460481251938,141.28496848318196,129.99117416519744,133.39341699484876
2016-12-19,8551.33,6320.73,3118.08,2230.6000000000004,1.3529022755283013,141.14203282238512,130.03664058690774,133.18412082795857
2016-12-20,8546.19,6300.64,3102.88,2245.55,1.3564003021915234,141.05719572117314,129.62332818321528,132.53487557556446
2016-12-21,8609.41,6347.61,3137.43,2261.8,1.3563230885325344,142.1006590555353,130.5896439423708,134.0106271196576
2016-12-22,8607.95,6341.79,3139.56,2266.1600000000008,1.3573375971137487,142.07656135752566,130.46990884085315,134.1016068819997
2016-12-23,8509.36,6282.0,3110.15,2227.3600000000006,1.3545622413244192,140.4493065309713,129.23984668969476,132.84540274562403
2016-12-26,8547.1,6294.75,3122.57,2252.3500000000004,1.3578140513920332,141.07221551924764,129.50215296879279,133.3759044584355
2016-12-27,8555.99,6288.86,3114.66,2267.13,1.3604993591843355,141.2189473927446,129.38097775437024,133.0380406461699
2016-12-28,8521.38,6270.24,3102.24,2251.1399999999994,1.3590197504401744,140.6476999077355,128.99790772167967,132.50753893335838
2016-12-29,8488.3,6252.61,3096.1,2235.6899999999996,1.3575610824919513,140.1017054898187,128.635205000072,132.24527802219396
2016-12-30,8490.86,6263.63,3103.64,2227.2300000000005,1.3555813481958545,140.14395898769862,128.86191991737869,132.5673378381842
2017-01-03,8565.14,6320.76,3135.92,2244.379999999999,1.3550807181414892,141.36997063712002,130.03725777815268,133.94612972945268
2017-01-04,8669.95,6394.67,3158.79,2275.2800000000007,1.3558088220346007,143.09988825930444,131.55781127526114,134.9229875532851
2017-01-05,8670.76,6399.28,3165.41,2271.4800000000005,1.354958682851821,143.11325753011798,131.65265299656636,135.2057509461041
2017-01-06,8609.9,6371.62,3154.32,2238.2799999999997,1.3512889971467226,142.10874663911386,131.08360266873495,134.7320581928771
2017-01-09,8653.85,6415.42,3171.24,2238.4300000000003,1.3489140227763732,142.83415337029416,131.98470188634218,135.4547706712
2017-01-10,8609.55,6393.93,3161.67,2215.619999999999,1.3465192768766625,142.1029697937006,131.5425872245527,135.04600244321242
2017-01-11,8519.85,6331.96,3136.75,2187.8900000000003,1.3455312415113172,140.62244684064325,130.26767584292895,133.98158193731368
2017-01-12,8443.26,6272.85,3119.29,2170.41,1.3460006217269662,139.35830801149427,129.05160335998914,133.2358041671294
2017-01-13,8286.24,6194.66,3112.76,2091.58,1.3376424210529714,136.7666501063765,127.44299724526975,132.95688498962065
2017-01-16,7931.96,6031.24,3103.43,1900.7200000000003,1.3151458074956395,130.91916212634123,124.08095080368587,132.5583680024603
2017-01-17,8028.65,6082.07,3108.77,1946.58,1.3200522190635755,132.51505693493786,125.12667850302321,132.7864581108672
2017-01-18,7989.14,6068.59,3113.01,1920.5500000000002,1.3164738431826832,131.86293361414306,124.84935390363177,132.9675633654824
2017-01-19,7955.39,6043.68,3101.3,1911.71,1.3163155560850344,131.30588066357797,124.33687943991953,132.46738824011825
2017-01-20,8087.77,6122.0,3123.14,1965.7700000000004,1.3210993139496898,133.49084865160177,125.94816005003364,133.40025115540027
2017-01-23,8169.11,6172.17,3136.77,1996.9399999999996,1.3235393710801873,134.83338752564507,126.98030954198238,133.98243620738262
2017-01-24,8123.59,6165.26,3142.55,1958.33,1.3176394831685931,134.08206751646813,126.83814982523202,134.22932025730617
2017-01-25,8150.6,6179.57,3149.55,1971.0300000000007,1.3189590861500073,134.5278749296463,127.13255004906672,134.528314781435
2017-01-26,8205.87,6223.71,3159.17,1982.1600000000008,1.3184852764669306,135.44012134676424,128.04064410078323,134.93921868459495
2017-02-03,8182.28,6207.09,3140.17,1975.1899999999996,1.3182151378504259,135.05076196591,127.69872015108842,134.12766211910235
2017-02-06,8280.01,6259.25,3156.98,2020.7600000000002,1.3228437911890403,136.66382225802033,128.77180999561796,134.84567611204608
2017-02-07,8282.37,6255.93,3153.09,2026.4400000000005,1.3239230617989652,136.70277470137836,128.70350749784498,134.67952058363733
2017-02-08,8342.43,6291.6,3166.98,2050.83,1.3259631890139234,137.69408137429502,129.43734788807444,135.27281114651586
2017-02-09,8410.26,6331.18,3183.18,2079.08,1.3283874412036933,138.8136340153862,130.2516288705606,135.96476990235692
2017-02-10,8380.79,6337.11,3196.7,2043.6800000000012,1.3224940075207785,138.3272236315891,130.37362700664303,136.5422564689601
2017-02-13,8432.96,6369.65,3216.84,2063.3099999999995,1.3239283163125133,139.1883037036181,131.04307377698413,137.40250642838228
2017-02-14,8423.84,6374.89,3217.93,2048.95,1.3214094674574777,139.03777561742098,131.15087651443304,137.4490641471395
2017-02-15,8344.07,6311.7,3212.99,2032.37,1.3220004119333935,137.72115002137434,129.85086602218186,137.2380594401114
2017-02-16,8397.56,6359.34,3229.62,2038.2199999999993,1.3205081030421395,138.60401705324765,130.83096571914098,137.94838500243466
2017-02-17,8324.42,6307.16,3202.07,2017.2600000000002,1.3198365032756423,137.3968214146009,129.7574644137815,136.7716279824704
2017-02-20,8397.24,6385.06,3239.96,2012.1799999999994,1.3151387770827525,138.59873536601265,131.3601043464665,138.39004262807646
2017-02-21,8479.61,6434.44,3253.32,2045.170000000001,1.3178473961992032,139.9582746708436,132.3760011356319,138.96069503412812
2017-02-22,8510.31,6474.23,3261.22,2036.08,1.3144899084524337,140.4649865399502,133.1946024568326,139.29813171135922
2017-02-23,8512.7,6473.99,3251.38,2038.710000000001,1.3149078080132965,140.5044341414865,133.18966492687315,138.87783083744097
2017-02-24,8543.45,6476.17,3253.43,2067.2800000000007,1.319213362218719,141.01197127422355,133.2345141573385,138.96539351950724
2017-02-27,8476.91,6424.25,3228.66,2052.66,1.3195174533992295,139.9137104347984,132.16636184276848,137.90738003912557
2017-02-28,8508.09,6450.97,3241.73,2057.12,1.3188853769278108,140.42834483475747,132.7160735115919,138.4656455291776
2017-03-01,8526.47,6467.64,3246.93,2058.829999999999,1.3183278599303607,140.73171174531703,133.0590261133616,138.68775574710187
2017-03-02,8471.44,6434.63,3230.03,2036.8100000000004,1.3165387908861894,139.82342659362536,132.3799100135165,137.96589753884797
2017-03-03,8505.45,6452.84,3218.31,2052.6100000000006,1.3180940485119732,140.38477091506883,132.75454509919294,137.46529527844933
2017-03-06,8608.15,6517.32,3233.86,2090.83,1.320811315080432,142.07986241204753,134.08109481497635,138.1294902570499
2017-03-07,8624.47,6523.19,3242.41,2101.2799999999997,1.3221246046796122,142.34922846103186,134.20185856856892,138.49469071152154
2017-03-08,8589.87,6497.09,3240.66,2092.7800000000007,1.322110360176633,141.7781460287489,133.66490218547423,138.41994208048934
2017-03-09,8535.56,6439.38,3216.75,2096.1799999999994,1.3255251281955716,140.8817446733359,132.47763196063144,137.39866221307204
2017-03-10,8537.78,6447.92,3212.76,2089.8600000000006,1.3241138227521434,140.91838637852862,132.65332573502334,137.2282353343186
2017-03-13,8598.52,6507.9,3237.02,2090.620000000001,1.321243411853286,141.92091663681964,133.8872967640663,138.26446492794233
2017-03-14,8581.71,6493.48,3239.33,2088.2299999999996,1.3215887320820268,141.6434630042567,133.59063350566686,138.36313312090485
2017-03-15,8574.03,6486.06,3241.76,2087.9700000000003,1.3219165410125715,141.51670251061702,133.43798153775256,138.46692693428102
2017-03-16,8664.98,6543.34,3268.94,2121.6399999999994,1.3242441933324571,143.01785705443604,134.61640535475127,139.62787995796992
2017-03-17,8603.87,6483.25,3237.45,2120.620000000001,1.3270921220067098,142.00921984527957,133.3801712911435,138.28283173442452
2017-03-20,8634.84,6498.34,3250.81,2136.5,1.328776272094104,142.5203881379907,133.69061848734657,138.85348414047618
2017-03-21,8639.57,6515.95,3261.61,2123.62,1.3259110336942426,142.59845807743284,134.05290974812428,139.31478997770355
2017-03-22,8592.51,6499.79,3245.22,2092.7200000000003,1.3219673250981956,141.82171994843753,133.72044939751848,138.61471565620755
2017-03-23,8590.96,6512.19,3248.55,2078.7699999999995,1.3192121237248913,141.79613677589305,133.97555511209222,138.75695162268602
2017-03-24,8602.29,6546.62,3269.45,2055.670000000001,1.314004784148156,141.98314151455685,134.68388493086428,139.64966384472788
2017-03-27,8586.91,6516.03,3266.96,2070.88,1.317813146962184,141.72929042182525,134.05455559144409,139.5433072211449
2017-03-28,8558.07,6498.69,3252.95,2059.38,1.3168915581447953,141.25327835977203,133.69781905187082,138.9448910378527
2017-03-29,8488.22,6480.54,3241.31,2007.6799999999994,1.309801343715184,140.10038506800996,133.32441834868428,138.4477058577299
2017-03-30,8315.05,6375.74,3210.24,1939.3099999999995,1.304170182598412,137.2421670102514,131.16836359970623,137.1205973056322
2017-03-31,8339.15,6401.65,3222.51,1937.5,1.302656346410691,137.6399440801364,131.70141110491636,137.64469199292665
2017-04-05,8522.01,6539.97,3270.3,1982.04,1.3030656103927083,140.6580982294794,134.5470742049034,139.68597032265782
2017-04-06,8543.66,6559.65,3281.0,1984.0100000000002,1.302456685951232,141.01543738147151,134.9519516615817,140.14300480954049
2017-04-07,8544.75,6578.73,3286.62,1966.0200000000004,1.2988449138359532,141.03342812861567,135.3444852933613,140.38305469891253
2017-04-10,8449.16,6566.54,3269.39,1882.62,1.28669893124842,139.45568911988934,135.0936999175021,139.64710103452106
2017-04-11,8514.44,6629.17,3288.97,1885.2700000000004,1.2843900518466114,140.53315331582675,136.38218950651446,140.4834314320129
2017-04-12,8444.39,6576.48,3273.83,1867.9099999999999,1.28402884217697,139.3769589695428,135.29819594999105,139.83674898982565
2017-04-13,8470.31,6615.7,3275.96,1854.6099999999997,1.280334658463957,139.8047756355768,136.10507063753798,139.92772875216772
2017-04-14,8345.65,6528.16,3246.07,1817.4899999999998,1.2784076983407269,137.74722835209707,134.3041065848134,138.65102213413752
2017-04-17,8220.66,6456.6,3222.17,1764.0599999999995,1.2732181024068394,135.6842343286563,132.83189973522497,137.63016940175467
2017-04-18,8136.41,6418.21,3196.71,1718.1999999999998,1.2677070398132813,134.29366511131983,132.04210067212128,136.54268360399456
2017-04-19,8033.5,6350.65,3170.69,1682.8500000000004,1.2649886232117973,132.59510750709313,130.65218598852437,135.43127824430417
2017-04-20,7987.65,6347.77,3172.1,1639.8799999999992,1.2583395428630841,131.83834075795514,130.5929356290105,135.49150428416442
2017-04-21,7945.39,6300.71,3173.15,1644.6800000000003,1.261030899692257,131.14082793748463,129.62476829612015,135.53635346278375
2017-04-24,7698.28,6138.5,3129.53,1559.7799999999997,1.2540979066547202,127.06221002299183,126.2876152347487,133.6731904424265
2017-04-25,7724.0,6160.46,3134.57,1563.54,1.2538024757891455,127.48672563450394,126.73939922604218,133.88846649979925
2017-04-26,7751.94,6176.4,3140.85,1575.54,1.2550903438896444,127.94788295120875,127.06733350751843,134.1567073014463
2017-04-27,7799.12,6192.3,3152.19,1606.8199999999997,1.2594867819711577,128.7266017129172,127.39444486733476,134.64107843053503
2017-04-28,7842.08,6211.86,3154.66,1630.2200000000003,1.26243669367951,129.43566822421423,127.79685355903332,134.74658078404906
2017-05-02,7845.47,6216.12,3143.71,1629.3500000000004,1.262116883200453,129.49162109835987,127.88449471581428,134.27886792130465
2017-05-03,7830.64,6197.48,3135.35,1633.1600000000008,1.263520011359456,129.24684790556344,127.50101322229376,133.9217830324879
2017-05-04,7804.58,6176.31,3127.37,1628.2699999999995,1.2636315210862148,128.81672050136416,127.06548193378362,133.580929274981
2017-05-05,7700.26,6089.68,3103.04,1610.58,1.264476951169848,127.09489046275833,125.28323934882211,132.541709736116
2017-05-08,7555.28,5975.54,3078.61,1579.7399999999998,1.2643677391499346,124.70195603985692,122.93503239225385,131.49821884690627
2017-05-09,7602.96,6012.0,3080.53,1590.96,1.264630738522954,125.48892743787003,123.68512548526662,131.58022877352448
2017-05-10,7451.78,5885.84,3052.78,1565.9399999999996,1.2660520843244125,122.99366032479075,121.08963056989384,130.3949290528708
2017-05-11,7387.15,5872.64,3061.5,1514.5099999999993,1.2578925321490844,121.92692455604943,120.8180664221218,130.76739080292845
2017-05-12,7371.3,5863.78,3083.51,1507.5200000000004,1.257090136396659,121.66531598519148,120.63578927445056,131.70751501379647
2017-05-15,7391.61,5893.51,3090.23,1498.0999999999995,1.25419486859274,122.00053807188706,121.24742579818259,131.99454975696017
2017-05-16,7549.76,6014.73,3112.96,1535.0300000000007,1.255211788392829,124.6108469350534,123.74128988855584,132.96542769031004
2017-05-17,7570.44,6027.65,3104.44,1542.79,1.255952153824459,124.95217597261446,124.00709358470847,132.60150864094174
2017-05-18,7519.19,5976.3,3090.14,1542.8899999999994,1.2581680973177383,124.10628075138601,122.95066790379225,131.99070554164993
2017-05-19,7510.11,5974.98,3090.63,1535.13,1.2569263830171817,123.95641287609327,122.92351148901504,132.01163515833898
2017-05-22,7372.79,5888.81,3075.68,1483.9799999999996,1.2519999796223684,121.68990884137938,121.15073250314255,131.3730682818066
2017-05-23,7138.24,5764.88,3061.95,1373.3599999999997,1.2382287228875535,117.81859715085983,118.60111547031002,130.78661187947958
2017-05-24,7172.14,5799.25,3064.07,1372.8900000000003,1.2367357847997587,118.3781258923163,119.30821090659222,130.87716450678718
2017-05-25,7232.63,5850.8,3107.83,1381.83,1.2361779585697683,119.37652983245496,120.36875119580806,132.746307417627
2017-05-26,7233.34,5836.93,3110.06,1396.4099999999999,1.2392370646898283,119.38824857600761,120.08340311023242,132.8415585303138
2017-05-31,7212.7,5824.1,3117.18,1388.5999999999995,1.238423103998901,119.04757974935092,119.81945098781462,133.14567867485627
2017-06-01,7016.3,5710.0,3102.62,1306.3000000000002,1.2287740805604204,115.80594420887753,117.47206695290626,132.52377006466824
2017-06-02,7094.43,5772.52,3105.54,1321.9099999999999,1.2290005058449343,117.09550115784488,118.75829350735386,132.64849349473343
2017-06-05,7160.53,5815.8,3091.66,1344.7299999999996,1.2312201244884624,118.1864996773219,119.64869474338218,132.05563006688934
2017-06-06,7197.62,5841.52,3102.13,1356.0999999999995,1.2321484819019706,118.79868023840214,120.1778333707077,132.50284044797925
2017-06-07,7347.6,5955.02,3140.32,1392.58,1.2338497603702423,121.27414102435023,122.51287358071733,134.13406914461942
2017-06-08,7342.48,5958.98,3150.33,1383.5,1.2321706063789442,121.18963402859042,122.59434282504891,134.56163131412367
2017-06-09,7348.52,5969.27,3158.4,1379.25,1.2310584041264676,121.28932587515082,122.80603942206214,134.9063292869408
2017-06-12,7246.71,5902.86,3139.88,1343.8500000000004,1.2276608288185729,119.60892407079442,121.43978373618778,134.11527520310273
2017-06-13,7352.98,5980.06,3153.74,1372.9199999999992,1.229582980772768,121.36293939098843,123.02802253982428,134.70728436087785
2017-06-14,7362.86,5966.43,3130.67,1396.4299999999994,1.2340478309474845,121.52601148436868,122.74761198420816,133.72188383635603
2017-06-15,7455.39,6021.17,3132.49,1434.2200000000003,1.2381962309650782,123.05324435891045,123.8737802758022,133.79962241262953
2017-06-16,7442.95,6013.0,3123.17,1429.9499999999998,1.2378097455513055,122.84791876765031,123.70569852676452,133.40153256050368
2017-06-19,7489.76,6057.41,3144.37,1432.3500000000004,1.236462448472202,123.62053057849329,124.61934729968544,134.30705883357965
2017-06-20,7503.8,6066.9,3140.01,1436.9000000000005,1.2368425390232245,123.85226460592837,124.81458546350035,134.12082795855082
2017-06-21,7504.19,6078.19,3156.21,1426.0,1.2346093162602683,123.85870166224599,125.04685510201143,134.8127867143919
2017-06-22,7371.96,5992.34,3147.45,1379.62,1.230230594392174,121.67620946511364,123.28065948941827,134.43861642419634
2017-06-23,7376.67,6010.31,3157.87,1366.3599999999997,1.2273360275925866,121.7539492991036,123.65035704513521,134.88369113011387
2017-06-26,7462.1,6111.64,3185.44,1350.46,1.2209652400992206,123.1639947381191,125.73502334011559,136.06130242014711
2017-06-27,7474.03,6113.17,3191.2,1360.8599999999997,1.2226111820871985,123.36090264034844,125.76650009360735,136.3073322000017
2017-06-28,7423.47,6086.21,3173.2,1337.2600000000002,1.2197196613327506,122.5263960572205,125.21185089482445,135.53848913795608
2017-06-29,7456.67,6116.99,3188.06,1339.6800000000003,1.2190096763277365,123.0743711078504,125.84508911212926,136.1732117991782
2017-06-30,7465.76,6138.16,3192.43,1327.6000000000004,1.2162863138139117,123.22440403586926,126.2806204006394,136.35986980924147
2017-07-03,7537.11,6177.4,3195.91,1359.71,1.2201104024346814,124.40205523654531,127.0879065490163,136.508512801237
2017-07-04,7523.7,6146.85,3182.8,1376.8499999999995,1.223992776788111,124.18071953085412,126.45940013125603,135.94853877104708
2017-07-05,7588.09,6193.96,3207.13,1394.13,1.2250789478782556,125.24349403416922,127.42859611622124,136.9877583099121
2017-07-06,7601.79,6201.65,3212.44,1400.1400000000003,1.2257689485862635,125.46961626891711,127.58680280533994,137.21456701321557
2017-07-07,7623.38,6226.01,3217.96,1397.37,1.2244406931566123,125.82596510455264,128.08796209622838,137.45034555224288
2017-07-10,7577.82,6206.56,3212.63,1371.2599999999993,1.2209372019282823,125.07398488447134,127.68781643909455,137.2226825788705
2017-07-11,7484.06,6128.99,3203.04,1355.0700000000006,1.2210918927914716,123.5264505246201,126.09196561010383,136.81306008081395
2017-07-12,7474.33,6132.99,3197.54,1341.3400000000001,1.2187089820788881,123.36585422213126,126.17425777609537,136.57813581185556
2017-07-13,7474.3,6149.93,3218.16,1324.37,1.2153471665531153,123.36535906395298,126.5227650990695,137.4588882529323
2017-07-14,7433.18,6128.74,3222.42,1304.4400000000005,1.2128398333099464,122.68666225425713,126.08682234972936,137.64084777761641
2017-07-17,7048.54,5876.46,3176.46,1172.08,1.199453412428571,116.33807419780248,120.8966554406437,135.67773515919325
2017-07-18,7109.6,5938.43,3187.57,1171.17,1.1972187935194993,117.34588614332849,122.17156682226747,136.1522821824892
2017-07-19,7202.81,6059.36,3230.98,1143.4500000000007,1.188708048374746,118.8843426032446,124.65946473060632,138.0064753671226
2017-07-20,7244.9,6099.28,3244.86,1145.62,1.1878287273251924,119.57904952737151,125.48074054720178,138.59933879496666
2017-07-21,7252.71,6126.11,3237.98,1126.6000000000004,1.183901366446244,119.70795570645043,126.03271525058994,138.30546989125142
2017-07-24,7292.65,6167.13,3250.6,1125.5199999999995,1.1825030443658557,120.36717629446727,126.87662141283307,138.8445143047523
2017-07-25,7278.84,6153.6,3243.69,1125.2399999999998,1.182858814352574,120.13923847973236,126.59826816136672,138.5493639959337
2017-07-26,7289.88,6146.7,3247.67,1143.1800000000003,1.1859827224364294,120.3214566893394,126.45631417503134,138.71936373965266
2017-07-27,7383.11,6184.02,3249.78,1199.0899999999992,1.193901378067988,121.8602432547077,127.22410008373231,138.8094892319258
2017-07-28,7386.21,6215.46,3253.24,1170.75,1.1883609579982817,121.91140959979666,127.87091650842571,138.95727795385233
2017-07-31,7444.96,6298.0,3273.03,1146.96,1.1821149571292473,122.88109436559509,129.5690153536609,139.80257818706806
2017-08-01,7452.93,6286.54,3292.64,1166.3900000000003,1.1855376725511968,123.01264138829148,129.33324829809516,140.64018998966336
2017-08-02,7389.51,6251.86,3285.06,1137.6500000000005,1.1819698457738979,121.96587699940747,128.6197752189486,140.31642163353524
2017-08-03,7424.11,6261.97,3272.93,1162.1399999999994,1.1855869638468404,122.53695943169045,128.82776866849218,139.79830683672336
2017-08-04,7389.15,6225.12,3262.08,1164.0299999999997,1.1869891664738992,121.9599351012681,128.06965208929523,139.33486532432363
2017-08-07,7445.18,6303.42,3279.46,1141.7600000000002,1.1811334164628091,122.88472552556915,129.68052123857942,140.07722601423217
2017-08-08,7470.69,6303.72,3281.87,1166.9699999999993,1.1851240220060535,123.30577502983327,129.68669315102878,140.18016555753937
2017-08-09,7495.39,6340.02,3275.57,1155.37,1.1822344409008174,123.71345526328386,130.4334945574019,139.91107048582342
2017-08-10,7441.24,6289.22,3261.75,1152.0199999999995,1.1831737480959483,122.81969475148836,129.38838404930948,139.32076986818615
2017-08-11,7328.4,6161.19,3208.54,1167.21,1.1894455454222317,120.957239790251,126.75441754633563,137.04798434977235
2017-08-14,7474.64,6292.64,3237.36,1182.0,1.1878384906811768,123.37097085664016,129.45874385123224,138.2789875191143
2017-08-15,7507.29,6314.76,3251.26,1192.5299999999997,1.1888480322292534,123.90986800733495,129.91381952916538,138.87270521702732
2017-08-16,7544.39,6318.8,3246.45,1225.5900000000001,1.1939592960688739,124.52221362114129,129.99693461681682,138.66725326544733
2017-08-17,7614.21,6366.03,3268.43,1248.1800000000003,1.19606882154184,125.67461175472505,130.9685993667618,139.60609607121194
2017-08-18,7576.05,6347.76,3268.72,1228.29,1.1934997542440167,125.04477055195282,130.5927298985955,139.61848298721156
2017-08-21,7631.75,6403.78,3286.91,1227.9700000000003,1.1917570559888067,125.96411423629279,131.74523168330683,140.39544161491213
2017-08-22,7585.11,6375.98,3290.23,1209.13,1.1896382987399585,125.19430832179339,131.17330112966573,140.53725044635613
2017-08-23,7534.46,6322.78,3287.7,1211.6800000000003,1.1916372228671566,124.3583162641306,130.0788153219784,140.42918528263527
2017-08-24,7486.06,6278.59,3271.51,1207.4700000000003,1.1923154721044056,123.55946106983878,129.169692618187,139.73765366182866
2017-08-25,7559.31,6346.53,3331.52,1212.7800000000007,1.1910934006457072,124.76847228847257,130.5674250575531,142.3008910036819
2017-08-28,7642.65,6424.58,3362.65,1218.0699999999997,1.1895952731540427,126.14402170773454,132.17315094646278,143.63056236598638
2017-08-29,7623.26,6408.16,3365.23,1215.1000000000004,1.1896176125440066,125.82398447183954,131.83534160506755,143.7407632048796
2017-08-30,7654.37,6453.46,3363.63,1200.9099999999999,1.18608777307057,126.33746350271593,132.7673003849216,143.67242159936444
2017-08-31,7679.87,6470.43,3360.81,1209.4399999999996,1.1869180255408063,126.75834795425398,133.1164248991407,143.55196951964396
2017-09-01,7739.91,6526.5,3367.12,1213.4099999999999,1.1859204780510226,127.74932452171845,134.2699553359269,143.82149172639438
2017-09-04,7798.18,6564.68,3379.58,1233.5,1.1878994863420609,128.71108675666443,135.05543406031606,144.35370197934375
2017-09-05,7800.54,6571.86,3384.32,1228.6800000000003,1.1869607690973332,128.75003920002243,135.20314849827085,144.55616398568245
2017-09-06,7858.28,6607.12,3385.39,1251.1599999999999,1.189365411858722,129.70305364048545,135.92855394148617,144.60186743437072
2017-09-07,7823.4,6558.6,3365.5,1264.7999999999993,1.1928460342146188,129.12734973187185,134.93034996800895,143.7522958508103
2017-09-08,7838.8,6574.18,3365.24,1264.62,1.192361632933689,129.3815309300556,135.25087795454593,143.74119033991406
2017-09-11,7920.69,6649.63,3376.42,1271.0599999999995,1.1911474773784405,130.73314770403402,136.80311393556113,144.21872730845132
2017-09-12,7899.42,6644.01,3379.49,1255.4099999999999,1.188953659010146,130.3820805556335,136.68749344234303,144.34985776403352
2017-09-13,7928.75,6684.38,3384.15,1244.37,1.1861608705669038,130.8661802012653,137.51802712761253,144.54890269009647
2017-09-14,7916.67,6672.18,3371.43,1244.4899999999998,1.186519248581423,130.66679650814453,137.26703602133838,144.00558692625088
2017-09-15,7880.57,6622.04,3353.62,1258.5299999999997,1.1900517061207725,130.07095616694752,136.23550372063457,143.24485942986016
2017-09-18,7941.68,6669.45,3362.86,1272.2300000000005,1.1907548598460143,131.079593376104,137.21087161804914,143.63953220171027
2017-09-19,7905.71,6636.02,3356.84,1269.6899999999996,1.1913330580679382,130.48589872034623,136.52311484077498,143.38239691095944
2017-09-20,7975.39,6692.47,3366.0,1282.92,1.1916960404753403,131.6359861157647,137.6844630333304,143.7736526025338
2017-09-21,7886.52,6612.05,3357.81,1274.4700000000003,1.1927496011070697,130.16916253897307,136.02997903607073,143.423829009303
2017-09-22,7849.73,6572.01,3352.53,1277.7199999999993,1.1944184503675435,129.56193355967562,135.20623445449553,143.19830171110297
2017-09-25,7731.8,6489.84,3341.55,1241.96,1.191369895097568,127.61546676085675,133.51574763461457,142.72930744325515
2017-09-26,7746.24,6520.72,3343.58,1225.5199999999995,1.187942435804635,127.85380289733554,134.15104315606916,142.8160158552525
2017-09-27,7810.23,6583.14,3345.27,1227.0899999999992,1.1863988917142883,128.9099752916069,135.43521240636696,142.88820167607787
2017-09-28,7768.38,6567.79,3339.64,1200.5900000000001,1.182799693656466,128.21922963290623,135.11941621937447,142.64772465167138
2017-09-29,7842.59,6603.26,3348.94,1239.33,1.18768456792554,129.44408591324498,135.84914200130436,143.0449602337283
2017-10-09,7941.18,6678.37,3374.38,1262.8100000000004,1.189089553289201,131.07134073979933,137.39438314821027,144.1315917614195
2017-10-10,7994.46,6705.48,3382.99,1288.9800000000005,1.1922278494604415,131.9507416644247,137.95211830321784,144.49935502609793
2017-10-11,7961.11,6666.47,3388.28,1294.6399999999994,1.1942017289510038,131.40029082290337,137.14956395438546,144.7253094593325
2017-10-12,7940.14,6659.1,3386.1,1281.04,1.1923743448814403,131.05417525628562,136.99794063854608,144.63219402181807
2017-10-13,7972.42,6709.82,3390.52,1262.6000000000004,1.1881719628842504,131.58696545611494,138.04140530331864,144.82098770705372
2017-10-16,7819.59,6619.21,3378.47,1200.38,1.1813479252055759,129.06446464323028,136.17728201319557,144.3062899905176
2017-10-17,7805.07,6612.94,3372.04,1192.13,1.1802723145832263,128.82480808494273,136.04828904300382,144.03164216335352
2017-10-18,7730.27,6563.44,3381.79,1166.8300000000008,1.177777202198847,127.59021369376448,135.02992348885869,144.4480988219616
2017-10-19,7656.06,6501.4,3370.17,1154.6600000000008,1.1776017473159628,126.36535741342571,133.75357199433006,143.9517679119077
2017-10-20,7751.43,6571.42,3378.65,1180.0100000000002,1.1795669733482261,127.939465262178,135.19409636001177,144.31397842113807
2017-10-23,7793.54,6612.76,3380.7,1180.7799999999997,1.1785608429763064,128.63450229175712,136.04458589553423,144.40154110320438
2017-10-24,7752.92,6603.0,3388.25,1149.92,1.1741511434196577,127.96405811836591,135.8437930105149,144.72402805422908
2017-10-25,7799.75,6647.89,3396.9,1151.8599999999997,1.1732670065238744,128.73700003466107,136.76731684335482,145.09349985904544
2017-10-26,7830.11,6671.93,3407.57,1158.1799999999994,1.1735899507338954,129.23810011108048,137.2618927609639,145.54925294082472
2017-10-27,7770.71,6630.81,3416.81,1139.8999999999996,1.171909615868951,128.257686918086,136.41592929457101,145.9439257126748
2017-10-30,7574.65,6511.76,3390.34,1062.8899999999994,1.1632262245537304,125.02166317029975,133.96670870424813,144.81329927643327
2017-10-31,7631.53,6560.21,3393.34,1071.3199999999997,1.1633057478342919,125.96048307631872,134.96347256482053,144.9414397867742
2017-11-01,7635.44,6552.95,3395.91,1082.4899999999998,1.1651912497424823,126.02501869222122,134.81411228354588,145.05121349063293
2017-11-02,7542.35,6484.93,3383.31,1057.42,1.1630580438030942,124.48854286501823,133.41473400085997,144.513023347201
2017-11-03,7476.98,6426.98,3371.74,1050.0,1.1633737774195656,123.40959319454599,132.2225262460577,144.01882811231943
2017-11-06,7551.35,6511.1,3388.17,1040.25,1.1597656309993702,124.63709031850226,133.95313049685956,144.7206109739533
2017-11-07,7596.17,6551.94,3413.57,1044.2300000000005,1.1593772226241388,125.37685663685265,134.79333351163302,145.80553396150663
2017-11-08,7617.52,6561.69,3415.46,1055.8300000000008,1.1609082416267762,125.72924420706195,134.9939206662374,145.8862624830214
2017-11-09,7656.67,6611.35,3427.79,1045.3199999999997,1.1581099170366111,126.37542562971743,136.01557790702222,146.41291998052267
2017-11-10,7669.97,6641.22,3432.67,1028.75,1.1549037676812393,126.59494575542156,136.63009465656395,146.6213618773439
2017-11-13,7681.63,6671.21,3447.83,1010.4200000000001,1.1514597801598212,126.78739723404642,137.24708017108543,147.26889858960013
2017-11-14,7627.49,6614.51,3429.55,1012.9799999999996,1.1531451309318452,125.89380177497702,136.08058871815552,146.48809574658935
2017-11-15,7556.42,6537.66,3402.52,1018.7600000000002,1.1558294557991697,124.72077205063157,134.49955047904328,145.33354974841748
2017-11-16,7535.59,6558.31,3399.25,977.2799999999997,1.1490139990332875,124.37696722217912,134.92438378597456,145.19387659214584
2017-11-17,7272.66,6361.94,3382.91,910.7200000000003,1.14315130290446,120.03723589500666,130.88445562703546,144.49593794582222
2017-11-20,7292.46,6433.17,3392.4,859.29,1.1335717849831421,120.36404029267149,132.34987337292958,144.90128909353405
2017-11-21,7289.31,6456.35,3410.5,832.96,1.1290140714180612,120.31204868395209,132.82675647485053,145.67440350592437
2017-11-22,7297.39,6439.44,3430.46,857.9500000000007,1.1332336352229389,120.44541128663553,132.47886634312133,146.5269650347261
2017-11-23,7129.05,6274.51,3351.92,854.54,1.1361923082439904,117.66691369558005,129.08575460887565,143.1722464740003
2017-11-24,7139.55,6278.03,3353.82,861.5200000000004,1.1372277609377466,117.84021905797808,129.15817171494817,143.25340213054957
2017-11-27,7065.84,6194.55,3322.23,871.29,1.1406542848148775,116.623615413944,127.44073421070499,141.90408255665946
2017-11-28,7176.92,6299.31,3333.66,877.6099999999997,1.1393184332887252,118.45702109538891,129.59596603802314,142.39229790105844
2017-11-29,7193.12,6318.37,3337.86,874.75,1.138445516802593,118.72440651166013,129.98808820897273,142.57169461553576
2017-11-30,7153.57,6263.42,3317.19,890.1499999999996,1.1421188424215525,118.07162297996095,128.85759957866412,141.6888064992867
2017-12-01,7215.78,6316.41,3317.62,899.3699999999999,1.142386260549901,119.09841598898767,129.94776504763686,141.7071733057689
2017-12-04,7139.75,6279.62,3309.62,860.1300000000001,1.1369716638904903,117.84352011249995,129.19088285092982,141.36546527819306
2017-12-05,6946.56,6132.91,3303.68,813.6500000000005,1.1326694831654143,114.6548664971025,126.17261193277554,141.111747067718
2017-12-06,7016.76,6172.8,3293.96,843.96,1.136722395023328,115.81353663427782,126.99327055812606,140.69657181421334
2017-12-07,7012.71,6135.47,3272.05,877.2399999999998,1.1429784515285708,115.74669028021,126.22527891901012,139.76071895369003
2017-12-08,7078.0,6203.14,3289.99,874.8599999999997,1.1410350241974225,116.82431952887349,127.61745663717181,140.52699920552885
2017-12-11,7160.43,6286.17,3322.2,874.2600000000002,1.139076735118522,118.184849150061,129.32563627274095,141.90280115155605
2017-12-12,7095.59,6233.21,3280.81,862.3800000000001,1.1383524700756111,117.1146472740717,128.23608799501312,140.13488924388557
2017-12-13,7139.72,6277.44,3303.04,862.2800000000007,1.1373617270734568,117.84302495432166,129.1460336204644,141.08441042551192
2017-12-14,7146.45,6284.08,3292.44,862.3699999999999,1.1372309073086275,117.95410543898248,129.28263861601036,140.63164728897394
2017-12-15,7122.75,6235.76,3266.14,886.9899999999998,1.1422424852784585,117.56293047814124,128.28854925083272,139.50828214831836
2017-12-18,7075.87,6199.99,3267.92,875.8800000000001,1.1412711955987025,116.7891632982156,127.55265155645345,139.584312184454
2017-12-19,7115.85,6251.24,3296.54,864.6100000000006,1.138310159264402,117.44904409713683,128.60701993321993,140.80677265310658
2017-12-20,7041.5,6199.36,3287.6,842.1400000000003,1.1358430547669438,116.22187707863276,127.5396905403098,140.42491393229056
2017-12-21,7051.34,6238.5,3300.06,812.8400000000001,1.1302941412198446,116.38428896110862,128.3449193845369,140.95712418523993
2017-12-22,7037.4,6242.88,3297.06,794.5199999999995,1.127268183915116,116.15420546093449,128.43502930629762,140.828983674899
2017-12-25,6940.51,6185.59,3280.46,754.9200000000001,1.1220449463996158,114.55500959781601,127.25639975888396,140.11993951767914
2017-12-26,6970.75,6220.15,3306.12,750.6000000000004,1.1206723310531097,115.05412904152233,127.96740407305076,141.21596801612864
2017-12-27,6942.54,6173.15,3275.78,769.3900000000003,1.1246349108639837,114.58851530121296,127.00047112265031,139.92004032154728
2017-12-28,6956.48,6204.27,3296.38,752.2099999999991,1.1212406939091946,114.8185988013871,127.64070417406441,140.79993849255504
2017-12-29,7017.35,6250.82,3307.17,766.5300000000007,1.1226287111131021,115.82327474511733,128.5983792557908,141.26081719474797
2018-01-02,7092.09,6332.23,3348.32,759.8600000000006,1.119998799790911,117.05687881993903,130.27323056413337,143.01847786159118
2018-01-03,7159.88,6388.25,3369.11,771.6300000000001,1.1207889484600635,118.17577125012586,131.42573234884475,143.9064915982539
2018-01-04,7174.87,6417.54,3385.71,757.3299999999999,1.1180093930072894,118.42318528653979,132.02831673431768,144.61553575547376
2018-01-05,7176.87,6417.25,3391.75,759.6199999999999,1.1183715766099185,118.45619583175846,132.0223505522833,144.8735253162935
2018-01-08,7188.29,6446.18,3409.48,742.1099999999997,1.1151239959169617,118.64468604495706,132.61752864281704,145.63083573240846
2018-01-09,7176.74,6445.75,3413.9,730.9899999999998,1.1134065081642943,118.45405014631925,132.60868223497295,145.8196294176441
2018-01-10,7138.78,6405.94,3421.83,732.8400000000001,1.1144000724327734,117.82750999806888,131.78966945294226,146.15834749997865
2018-01-11,7175.4,6425.94,3425.34,749.46,1.1166304073800877,118.43193308102273,132.2011302828999,146.30827189707756
2018-01-12,7127.83,6399.37,3428.94,728.46,1.113833080443856,117.64677726299666,131.65450457030116,146.46204050948668
2018-01-15,6929.31,6253.38,3410.49,675.9300000000003,1.1080903447415638,114.37015054459148,128.6510462420254,145.6739763708899
2018-01-16,6960.68,6301.13,3436.59,659.5500000000002,1.104671701742386,114.88792094634633,129.63340897354925,146.7887988108561
2018-01-17,6942.86,6267.46,3444.67,675.3999999999996,1.1077629534133444,114.59379698844796,128.94071466631556,147.13392391870767
2018-01-18,6955.23,6286.8,3474.75,668.4299999999994,1.1063227715212827,114.79796721062543,129.3385972888846,148.41874610239282
2018-01-19,6938.31,6272.38,3487.86,665.9300000000003,1.106168631364809,114.51869799807548,129.04193403048515,148.97872013258274
2018-01-22,7014.55,6347.64,3501.36,666.9099999999999,1.1050642443490808,115.77705998181118,130.59026113361577,149.55535242911694
2018-01-23,7019.98,6355.0,3546.5,664.9799999999996,1.1046388670338316,115.86668361207988,130.74167871904018,151.4834399747136
2018-01-24,7072.41,6394.3,3559.47,678.1099999999997,1.1060491375130976,116.73205505498731,131.5501992499069,152.03743411442093
2018-01-25,7062.64,6382.72,3548.31,679.9200000000001,1.1065251178181088,116.57079854159412,131.31196342936144,151.56075141595264
2018-01-26,7056.01,6383.63,3558.13,672.3800000000001,1.1053287862861727,116.46136858419422,131.3306848971245,151.980198019802
2018-01-29,6972.48,6309.88,3523.0,662.5999999999995,1.1050099209493682,115.08268316313645,129.81342308665575,150.4796726437096
2018-01-30,6955.24,6313.44,3488.01,641.8000000000002,1.101656149420918,114.79813226335152,129.88666311438817,148.98512715809977
2018-01-31,6791.01,6189.34,3480.83,601.6700000000001,1.0972106880539767,112.08747134272043,127.33354866450102,148.67844420335047
2018-02-01,6506.45,5984.74,3446.98,521.71,1.0871733776237564,107.39073096900805,123.12430437403437,147.2325921116702
2018-02-02,6487.87,6004.85,3462.08,483.0199999999995,1.0804383123641723,107.08406300392662,123.53802823855678,147.8775660137196
2018-02-05,6461.81,5998.22,3487.5,463.59000000000015,1.0772879287521966,106.65393559972733,123.40162897342582,148.9633432713418
2018-02-06,6142.67,5704.26,3370.65,438.40999999999985,1.0768565948957445,101.38644289918415,117.35397769470843,143.97227039356224
2018-02-07,6158.26,5711.33,3309.26,446.9300000000003,1.0782532264813975,101.64376009916367,117.49942909809845,141.35008841695216
2018-02-08,6238.22,5766.48,3262.05,471.7400000000007,1.0818072723741348,102.96352169700612,118.63403233670662,139.33358391922025
2018-02-09,6053.02,5554.9,3129.85,498.1200000000008,1.0896721813173955,99.90674520975726,114.28118821658475,133.6868587635295
2018-02-12,6203.75,5699.1,3154.12,504.64999999999964,1.0885490691512694,102.39458495016234,117.24782080057936,134.72351549218772
2018-02-13,6216.51,5736.95,3184.96,479.5600000000004,1.0835914553900592,102.60519222865744,118.02651042127417,136.04079993849257
2018-02-14,6230.66,5754.83,3199.16,475.8299999999999,1.0826835892632798,102.83874183607952,118.39435640325631,136.64733168743967
2018-02-22,6347.08,5875.73,3268.56,471.35000000000036,1.0802198194947692,104.76028567325832,120.88163712035023,139.61164882666006
2018-02-23,6365.92,5897.68,3289.02,468.2399999999998,1.0793939311729357,105.07124500921819,121.33321538122877,140.48556710718526
2018-02-26,6507.13,6029.68,3329.57,477.4499999999998,1.0791833065768002,107.4019545543824,124.0488568589492,142.2175996719603
2018-02-27,6529.38,6010.56,3292.07,518.8199999999997,1.0863180801788852,107.7691968699401,123.65550030550969,140.61584329269857
2018-02-28,6563.81,6023.68,3259.41,540.1300000000001,1.089667777836804,108.3374734058795,123.9254186099619,139.22082027012019
2018-03-01,6658.58,6090.22,3273.75,568.3599999999997,1.0933233939003846,109.90167809106619,125.29434879123096,139.83333190954988
2018-03-02,6632.37,6056.34,3254.53,576.0299999999997,1.0951118992658933,109.46907489597552,124.59733414528272,139.01237837329896
2018-03-05,6674.28,6064.1,3256.93,610.1799999999994,1.1006216915947955,110.16081087103275,124.75698094730629,139.1148907815717
2018-03-06,6735.86,6145.58,3289.64,590.2799999999997,1.0960495185157462,111.1772055583156,126.4332723685537,140.5120494793224
2018-03-07,6688.55,6086.49,3271.67,602.0600000000004,1.0989174384579619,110.39634111116796,125.21761134644385,139.7444878223802
2018-03-08,6725.18,6131.51,3288.41,593.6700000000001,1.0968228054753233,111.0009292468479,126.14380967467851,140.45951187008262
2018-03-09,6837.13,6206.98,3307.17,630.1500000000005,1.1015228017489989,112.84869451546295,127.69645711652365,141.26081719474797
2018-03-12,6947.46,6295.78,3326.7,651.6800000000003,1.1035106055167112,114.66972124245089,129.52334320153557,142.09501191706747
2018-03-13,6911.67,6254.15,3310.24,657.5200000000004,1.1051333914280919,114.07899753576281,128.66688748397874,141.3919476503302
2018-03-14,6834.84,6189.32,3291.38,645.5200000000004,1.1042957869362062,112.81089744118759,127.33313720367106,140.58637097532016
2018-03-15,6824.05,6180.11,3291.11,643.9400000000005,1.1041955563897732,112.63280554973288,127.14365949147557,140.57483832938945
2018-03-16,6805.93,6146.31,3269.88,659.6199999999999,1.1073196763586608,112.33373001005171,126.44829068884718,139.6680306512101
2018-03-19,6820.5,6153.83,3279.25,666.6700000000001,1.1083341593771683,112.57421183196972,126.60299996091122,140.06825617850828
2018-03-20,6822.25,6173.7,3290.64,648.5500000000002,1.1050504559664382,112.60309605903606,127.01178629547414,140.55476298276938
2018-03-21,6771.06,6129.2,3280.95,641.8600000000006,1.1047216602492986,111.75819115416421,126.09628594881839,140.14086913436813
2018-03-22,6764.69,6101.23,3263.48,663.46,1.1087420077590913,111.65305256764273,125.52085797812262,139.3946642291494
2018-03-23,6402.89,5787.15,3152.76,615.7400000000007,1.1063977951150394,105.68144493758531,119.05927710446784,134.66542512749982
2018-03-26,6515.25,5902.96,3133.72,612.29,1.1037259273313726,107.5359773679702,121.44184104033758,133.8521600218693
2018-03-27,6680.84,6034.78,3166.65,646.0600000000004,1.107056098151051,110.26908545935,124.15377937058838,135.25871569037838
2018-03-28,6635.87,5973.34,3122.29,662.5299999999997,1.1109144967472133,109.52684335010818,122.88977170095852,133.36394467747036
2018-03-29,6684.28,6034.86,3160.53,649.4200000000001,1.107611444176004,110.3258635971261,124.15542521390822,134.99730904928288
2018-03-30,6798.67,6114.74,3168.9,683.9300000000003,1.1118493999744878,112.21390173090793,125.79879976875903,135.35482107313408
2018-04-02,6835.87,6121.96,3163.18,713.9099999999999,1.1166146136204744,112.8278978719752,125.94733712837373,135.11049983341735
2018-04-03,6769.56,6059.71,3136.63,709.8500000000004,1.117142569528905,111.7334332452502,124.66666529513057,133.97645631690003
2018-04-04,6708.92,6017.69,3131.11,691.2300000000005,1.1148663357534203,110.73255351422011,123.80218609138957,133.74067777787272
2018-04-09,6718.65,6025.65,3138.29,693.0,1.1150083393492818,110.89314981670894,123.9659475017127,134.04736073262202
2018-04-10,6720.77,6063.74,3190.32,657.0300000000007,1.108353920187871,110.92814099464074,124.74957465236704,136.2697443169684
2018-04-11,6759.81,6086.61,3208.08,673.2000000000007,1.1106034393529405,111.57250683730919,125.2200801114236,137.02833613818672
2018-04-12,6727.64,6051.33,3180.16,676.3100000000004,1.111762207646914,111.04153221746687,124.49426320737832,135.83577512194708
2018-04-13,6721.66,6027.19,3159.05,694.4700000000003,1.1152228484584028,110.94283068726305,123.99762998561945,134.93409306418133
2018-04-16,6717.93,6012.41,3110.65,705.5200000000004,1.1173439602422324,110.88126602043022,123.69356043228075,132.8667594973475
2018-04-17,6564.69,5890.86,3066.8,673.8299999999999,1.1143856754361843,108.35199804577572,121.1929072382132,130.99377237119745
2018-04-18,6661.29,5970.66,3091.4,690.6300000000001,1.1156706293776568,109.9464073798375,122.83463594974418,132.04452455599315
2018-04-19,6677.09,6004.73,3117.38,672.3600000000006,1.111971728953675,110.207190687065,123.53555947357702,133.1542213755457
2018-04-20,6535.96,5880.84,3071.54,655.1199999999999,1.1113990518361323,107.87780156370953,120.98676536240443,131.19623437753611
2018-04-23,6466.52,5823.92,3068.01,642.6000000000004,1.1103380540941497,106.73167543371731,119.81574784034498,131.0454557103683
2018-04-24,6606.58,5957.19,3128.93,649.3900000000003,1.1090094490858946,109.04340391538076,122.5575170807677,133.6475623403583
2018-04-25,6632.02,5959.42,3117.97,672.6000000000004,1.1128633323377108,109.46329805056226,122.60339496330799,133.1794223425794
2018-04-26,6510.53,5847.98,3075.03,662.5500000000002,1.1132955311064676,107.45807248125413,120.31073521878402,131.3453045045661
2018-04-27,6517.05,5860.98,3082.23,656.0700000000006,1.1119386177738195,107.56568685866701,120.57818475825648,131.65284172938433
2018-05-02,6486.81,5855.32,3081.18,631.4900000000007,1.1078489305452137,107.06656741496073,120.46174134337846,131.607992550765
2018-05-03,6545.27,5910.61,3100.86,634.6600000000008,1.1073763960065037,108.03146565170245,121.59922480779638,132.4485942986016
2018-05-04,6531.29,5909.29,3091.03,622.0,1.1052579920768824,107.80072194062393,121.57206839301918,132.02872055971778
2018-05-07,6646.58,6019.14,3136.64,627.4399999999996,1.1042408051648573,109.70361481975416,123.8320170015615,133.9768834519345
2018-05-08,6678.14,6041.81,3161.5,636.3299999999999,1.1053210875548882,110.22452122330479,124.29840785231849,135.0387411476264
2018-05-09,6674.91,6029.23,3159.15,645.6800000000003,1.1070916186644066,110.17120919277663,124.03959899027512,134.93836441452603
2018-05-10,6703.21,6040.57,3174.41,662.6400000000003,1.1096982569525724,110.63830840762081,124.2728972808611,135.5901724771269
2018-05-11,6636.77,5991.34,3163.26,645.4300000000003,1.1077271528572907,109.5416980954566,123.26008644792039,135.11391691369312
2018-05-14,6591.73,5967.55,3174.03,624.1799999999994,1.1045956883478143,108.79830061713214,122.77065379068577,135.57394134581708
2018-05-15,6661.13,6020.57,3192.12,640.5600000000004,1.1063952416465552,109.94376653622,123.86143645090345,136.34662862317293
2018-05-16,6622.64,6004.07,3169.56,618.5700000000006,1.1030251146305756,109.3084785934867,123.5219812661884,135.38301198540907
2018-05-17,6591.26,5973.78,3154.28,617.4800000000005,1.1033650385518048,108.79054313900576,122.89882383921757,134.73034965273925
2018-05-18,6620.77,5995.15,3193.3,625.6200000000008,1.104354353102091,109.27761373370724,123.3384697360273,136.39703055724038
2018-05-21,6697.14,6072.2,3213.84,624.9400000000005,1.1029182174500183,110.53812140288215,124.92362258343913,137.27436591804135
2018-05-22,6724.4,6092.91,3214.35,631.4899999999998,1.1036434150512644,110.98805513421262,125.34969027286024,137.29614980479928
2018-05-23,6652.29,6013.85,3168.96,638.4399999999996,1.1061616102829301,109.79785992635347,123.72318561203772,135.3573838833409
2018-05-24,6628.5,5992.62,3154.65,635.8800000000001,1.1061105159345996,109.4051994909774,123.28641994103766,134.74615364901462
2018-05-25,6541.45,5917.8,3141.3,623.6499999999996,1.1053854472946028,107.96841551033478,121.74714497616614,134.17592837799742
2018-05-28,6490.4,5891.26,3135.08,599.1399999999994,1.1016998061535221,107.12582134362822,121.20113645481237,133.9102503865572
2018-05-29,6436.77,5835.45,3120.46,601.3200000000006,1.1030460375806495,106.2406435735896,120.05295500881556,133.28577896616238
2018-05-30,6232.42,5682.59,3041.44,549.8299999999999,1.0967569365377408,102.86779111587197,116.90815988544931,129.91055792378202
2018-05-31,6315.17,5754.47,3095.47,560.6999999999998,1.0974372965711872,104.23360242429445,118.38695010831708,132.21836851502232
2018-06-01,6243.73,5685.12,3075.14,558.6099999999997,1.0982582601598558,103.05446574908355,116.96020968043896,131.35000298994524
2018-06-04,6215.61,5683.15,3091.19,532.46,1.0936909988298742,102.59033748330904,116.91968078868813,132.0355547202693
2018-06-05,6316.42,5779.08,3114.21,537.3400000000001,1.092980197540093,104.25423401505611,118.89325265957996,133.01881956961873
2018-06-06,6320.47,5774.26,3115.18,546.21,1.0945939393099722,104.3210803691239,118.79409059956016,133.06025166796232
2018-06-07,6274.88,5738.02,3109.5,536.8599999999997,1.0935618906870312,103.56860499086433,118.04852357567692,132.81763896838348
2018-06-08,6205.96,5669.3,3067.15,536.6599999999999,1.094660716490572,102.43106160262896,116.63474416394246,131.00872209740388
2018-06-11,6151.94,5632.36,3052.78,519.5799999999999,1.0922490749881044,101.53944677627267,115.87477601101071,130.3949290528708
2018-06-12,6199.15,5693.35,3079.8,505.7999999999993,1.0888404893428296,102.31866069615938,117.12952581196654,131.5490479160082
2018-06-13,6092.34,5607.02,3049.8,485.3199999999997,1.0865557818591693,100.55573252875631,115.35345513945438,130.2676428125988
2018-06-14,6060.13,5586.93,3044.16,473.1999999999998,1.0846976783313913,100.02409769800964,114.94014273576192,130.02673865315782
2018-06-15,5928.07,5483.94,3021.9,444.1300000000001,1.080987392276356,97.84441139722084,112.82132519189506,129.07593606642806
2018-06-19,5522.53,5141.71,2907.82,380.8199999999997,1.0740648539104694,91.15086314323109,105.7806132000749,124.2031795931966
2018-06-20,5588.27,5198.39,2915.73,389.8800000000001,1.075000144275439,92.23591976456879,106.94669319217485,124.54104340546222
2018-06-21,5456.91,5089.25,2875.81,367.65999999999985,1.0722424718769956,90.06778715460653,104.701351443096,122.83592034785877
2018-06-22,5541.37,5160.12,2889.76,381.25,1.07388394068355,91.46182247919099,106.1593628940509,123.43177372094416
2018-06-25,5512.43,5125.03,2859.34,387.40000000000055,1.0755898014255527,90.98415988987682,105.43745486789022,122.13242894608702
2018-06-26,5558.71,5160.28,2844.51,398.4300000000003,1.07721092653887,91.74802390623684,106.16265458069056,121.49898768996832
2018-06-27,5508.92,5109.5,2813.18,399.4200000000001,1.0781720324885018,90.92622638301806,105.1179555334281,120.16077362697443
2018-06-28,5443.85,5055.11,2786.9,388.7400000000007,1.076900403749869,89.85222829432863,103.9989878063583,119.03826275638782
2018-06-29,5608.54,5217.76,2847.42,390.77999999999975,1.074894207476005,92.57048164036001,107.34519300598883,121.62328398499902
2018-07-02,5538.09,5138.78,2775.56,399.3100000000004,1.0777052140780496,91.40768518503236,105.72033418848609,118.55389162729905
2018-07-03,5601.59,5197.13,2786.89,404.46000000000004,1.0778237219388394,92.45576999572513,106.92077115988752,119.03783562135332
2018-07-04,5500.67,5121.34,2759.13,379.3299999999999,1.074068505508324,90.79005788399104,105.36154034476304,117.85210876566519
2018-07-05,5352.66,4982.76,2733.88,369.89999999999964,1.0742359656094211,88.34711248508336,102.51052825398656,116.77359280362896
2018-07-06,5374.58,4996.63,2747.23,377.9499999999998,1.0756409820218826,88.70890806067997,102.79587633956217,117.34381807464614
2018-07-09,5487.55,5107.55,2815.11,380.0,1.0743996632436295,90.57350870735657,105.07783810250726,120.24321068862712
2018-07-10,5524.8,5136.53,2827.62,388.27000000000044,1.0755899410691654,91.18833011205429,105.67404484511587,120.77755661674883
2018-07-11,5396.31,5036.16,2777.77,360.15000000000055,1.0715128192908885,89.06756763448084,103.60912866997344,118.64828846991688
2018-07-12,5541.36,5172.5,2837.66,368.8599999999997,1.0713117448042533,91.46165742646488,106.41405714779468,121.2064001913565
2018-07-13,5561.69,5204.19,2831.18,357.5,1.0686946479663502,91.79720961861267,107.06601683286256,120.92961668902007
2018-07-16,5566.96,5195.2,2814.04,371.7600000000002,1.0715583615645212,91.88419240526386,106.88106518979662,120.19750723993884
2018-07-17,5575.47,5196.2,2798.12,379.27000000000044,1.0729898772179671,92.0246522751693,106.90163823129448,119.51750826506292
2018-07-18,5544.52,5156.64,2787.26,387.8800000000001,1.0752195227900339,91.51381408791039,106.08776870963827,119.05363961762873
2018-07-19,5480.77,5111.33,2772.54,369.4400000000005,1.072278643718954,90.46160295906527,105.15560419936925,118.42489684688917
2018-07-20,5541.21,5175.25,2829.27,365.96000000000004,1.0707134921018309,91.45918163557349,106.47063301191386,120.84803389743635
2018-07-23,5582.31,5214.0,2859.54,368.3100000000004,1.070638665132336,92.13754833981716,107.26783836995679,122.14097164677642
2018-07-24,5672.22,5304.64,2905.56,367.5799999999999,1.0692940519997587,93.62153740012246,109.13257885132481,124.10664707540641
2018-07-25,5685.59,5308.66,2903.65,376.9300000000003,1.071002851943805,93.84221289490928,109.21528247814629,124.0250642838227
2018-07-26,5663.18,5273.48,2882.23,389.7000000000007,1.073898071102953,93.47232973573408,108.49152287825079,123.11014103998839
2018-07-27,5630.23,5249.29,2873.59,380.9399999999996,1.0725698142034445,92.92848100325648,107.99386100441704,122.74109637020649
2018-07-30,5549.04,5185.15,2869.05,363.8900000000003,1.070179261930706,91.58841792010458,106.67430612274289,122.5471770645572
2018-07-31,5542.54,5188.72,2876.4,353.8199999999997,1.068190228033118,91.4811336481439,106.74775188089033,122.8611213148925
2018-08-01,5456.21,5105.37,2824.53,350.84000000000015,1.0687197989567847,90.05623346378,105.03298887204187,120.64557189109766
2018-08-02,5325.8,4996.01,2768.02,329.78999999999996,1.066010676519863,87.90378086279662,102.7831210538335,118.23183181130884
2018-08-03,5255.63,4929.75,2740.44,325.8800000000001,1.066104772047264,86.74560588379958,101.41995132418383,117.05379338624114
2018-08-06,5144.64,4825.25,2705.16,319.3900000000003,1.0661913890471997,84.91368567688949,99.27006848765517,115.54686098463169
2018-08-07,5279.64,4956.87,2779.37,322.77000000000044,1.0651156879240329,87.14189747914972,101.97789220960638,118.71663007543205
2018-08-08,5191.79,4880.57,2744.07,311.22000000000025,1.0637671419526817,85.69190928041964,100.40816914331798,117.20884340375368
2018-08-09,5307.97,5004.77,2794.38,303.1999999999998,1.0605822045768336,87.60949185217218,102.96334089735495,119.35775976217123
2018-08-10,5342.05,5030.51,2795.31,311.53999999999996,1.0619301025144567,88.17199154269831,103.49289098551043,119.39748332037692
2018-08-13,5369.18,5055.28,2785.87,313.90000000000055,1.062093494326724,88.61977958858958,104.00248522341296,118.99426784783742
2018-08-14,5351.02,5037.88,2780.96,313.1400000000003,1.0621570978268637,88.32004383800405,103.6445143013498,118.78454454591277
2018-08-15,5242.09,4932.81,2723.26,309.27999999999975,1.0626985430211178,86.52212449266918,101.48290483116736,116.31997539702203
2018-08-16,5178.24,4888.37,2705.19,289.8699999999999,1.0592978845709307,85.46826283656314,100.56863886700147,115.54814238973509
2018-08-17,5084.21,4803.03,2668.97,281.1800000000003,1.0585422118954078,83.91627205310736,98.81293550557221,114.0010592948855
2018-08-20,5103.63,4832.65,2698.47,270.9800000000005,1.0560727551136542,84.23680444718066,99.42230899473947,115.26110764657138
2018-08-21,5162.03,4891.98,2733.83,270.0500000000002,1.0552025969035033,85.20071236756581,100.6429075468088,116.7714571284566
2018-08-22,5102.36,4837.02,2714.61,265.33999999999924,1.0548560890796397,84.21584275096679,99.51221318608525,115.95050359220565
2018-08-23,5133.33,4863.67,2724.62,269.65999999999985,1.055443728706923,84.7270110436779,100.06048474200378,116.3780657617099
2018-08-24,5116.14,4852.29,2729.43,263.85000000000036,1.0543763872315959,84.44328540752343,99.82636352975788,116.58351771328988
2018-08-27,5229.36,4960.07,2780.9,269.28999999999996,1.0542915724979687,86.31201237235234,102.0437259423996,118.78198173570593
2018-08-28,5233.5,4974.21,2777.98,259.28999999999996,1.0521268703975104,86.380344200955,102.33462874917967,118.65725830564075
2018-08-29,5203.71,4941.96,2769.29,261.75,1.052964815579244,85.8886521299229,101.67114816087297,118.28607796068651
2018-08-30,5114.27,4867.12,2737.74,247.15000000000055,1.0507795164286067,84.41242054774398,100.13146173517147,116.93846692693428
2018-08-31,5057.98,4814.82,2725.25,243.15999999999985,1.0505024071512539,83.48333875256449,99.05549166483225,116.40497526888151
2018-09-03,5054.11,4838.87,2720.73,215.23999999999978,1.0444814595143082,83.41946334756636,99.5502733128563,116.21191023330117
2018-09-04,5113.15,4890.28,2750.58,222.8699999999999,1.0455740775579312,84.39393464242151,100.60793337626241,117.4869083111935
2018-09-05,5032.5,4815.03,2704.34,217.47000000000025,1.0451648276334728,83.06278440647866,99.0598120035468,115.51183591180518
2018-09-06,5012.51,4793.35,2691.59,219.15999999999985,1.0457216769065476,82.73284400701804,98.61378846387274,114.96723874285617
2018-09-07,5022.28,4791.78,2702.3,230.5,1.0481032100805963,82.89410052041124,98.58148878872103,115.42470036477333
2018-09-10,4923.64,4704.88,2669.48,218.76000000000022,1.0464964037339954,81.26602043022643,96.7936914825551,114.02284318164347
2018-09-11,4925.3,4702.9,2664.8,222.40000000000055,1.0472899700184994,81.29341918275793,96.75295686038929,113.8229439855116
2018-09-12,4919.81,4693.97,2656.11,225.84000000000015,1.048112791517628,81.20280523613269,96.5692395998132,113.45176364055733
2018-09-13,4958.16,4721.21,2686.58,236.94999999999982,1.0501884050910677,81.83578244070068,97.12964925021551,114.7532440905868
2018-09-14,4907.93,4670.08,2681.64,237.85000000000036,1.0509306050431686,81.00672259753378,96.0777496384288,114.54223938355872
2018-09-17,4831.56,4602.39,2651.79,229.17000000000007,1.0497936941458677,79.74621492835887,94.68516045943718,113.26724130566639
2018-09-18,4917.35,4683.51,2699.95,233.84000000000015,1.0499283656915432,81.16220226551373,96.35404558574537,115.32432363167291
2018-09-19,4970.01,4736.89,2730.85,233.1199999999999,1.0492137246167843,82.0313699211213,97.45223454090231,116.64417088818459
2018-09-20,4951.58,4733.48,2729.24,218.10000000000036,1.0460760370805413,81.72717774693126,97.38208046939451,116.57540214763496
2018-09-21,5011.69,4805.22,2797.48,206.46999999999935,1.0429678557901614,82.71930968347839,98.85799046645258,119.49017162285686
2018-09-25,4995.7,4792.55,2781.14,203.14999999999964,1.0423887074730571,82.45539037445512,98.59733003067441,118.79223297653321
2018-09-26,5017.06,4815.63,2806.81,201.4300000000003,1.0418283796720265,82.80794299739053,99.07215582844553,119.88868861001718
2018-09-27,4945.69,4755.38,2791.77,190.3099999999995,1.040019935315369,81.62996169126227,97.83263007819815,119.24627751817461
2018-09-28,4987.27,4800.73,2821.35,186.54000000000087,1.0388565905601859,82.31625092635844,98.76561751012709,120.50974295013626
2018-10-08,4817.43,4646.49,2716.51,170.9400000000005,1.0367890601292589,79.51299542638897,95.59243158949377,116.03165924875492
2018-10-09,4818.73,4634.89,2721.01,183.83999999999924,1.0396643717542378,79.53445228078108,95.35378430811834,116.22387001426632
2018-10-10,4812.43,4629.89,2725.84,182.53999999999996,1.0394264226579897,79.43046906334229,95.25091910062893,116.43017623591523
2018-10-11,4456.61,4307.42,2583.46,149.1899999999996,1.0346355823207394,73.55756296348868,88.61673040880692,110.34862761513426
2018-10-12,4427.68,4278.04,2606.91,149.64000000000033,1.0349786350758758,73.08006542690063,88.01229444959914,111.35025927096594
2018-10-15,4358.87,4199.15,2568.1,159.72000000000025,1.0380362692449663,71.94433761865227,86.38928720583122,109.69254820218863
2018-10-16,4261.17,4099.68,2546.33,161.48999999999978,1.0393908792881394,70.33177248472025,84.34288676803692,108.76267523214788
2018-10-17,4292.2,4133.38,2561.61,158.8199999999997,1.038423759731745,70.8439310937879,85.03619826651553,109.41533756481776
2018-10-18,4149.44,4018.46,2486.42,130.97999999999956,1.032594576031614,68.48763837607923,82.67194433757894,106.20370924063936
2018-10-19,4241.23,4127.99,2550.47,113.23999999999978,1.0274322369966982,70.0026573488901,84.92530957284194,108.9395091364184
2018-10-22,4452.74,4333.14,2654.88,119.59999999999945,1.0276012314395564,73.49368755849055,89.14586903613245,113.39922603131755
2018-10-23,4379.06,4253.56,2594.82,125.5,1.0295046972418398,72.27757907263475,87.50866639373099,110.83385301429196
2018-10-24,4377.55,4245.49,2603.29,132.0600000000004,1.0311059500787896,72.25265611099466,87.34264194884308,111.19563638848786
2018-10-25,4345.33,4234.42,2603.8,110.90999999999985,1.0261924891720708,71.72085622752188,87.11489837946152,111.21742027524584
2018-10-26,4359.47,4233.96,2598.85,125.51000000000022,1.0296436433031961,71.95424078221788,87.1054347803725,111.00598843318328
2018-10-29,4296.7,4162.53,2542.1,134.17000000000007,1.0322328007245594,70.91820482052992,85.63590242617879,108.58199711256718
2018-10-30,4336.65,4204.54,2568.05,132.10999999999967,1.0314207975188723,71.57759046127285,86.50017589950481,109.6904125270163
2018-10-31,4400.61,4272.55,2602.78,128.0599999999995,1.029972732911259,72.63326769736592,87.89934845177577,111.17385250172991
2018-11-01,4428.74,4298.98,2606.24,129.76000000000022,1.030183904088877,73.09756101586652,88.44309393856479,111.32164122365644
2018-11-02,4564.18,4437.95,2676.48,126.23000000000047,1.0284433127908157,75.33303513807486,91.30212951552545,114.32183770577231
2018-11-05,4598.2,4440.83,2665.43,157.3699999999999,1.035437069196524,75.89454451224444,91.36137987503935,113.84985349268317
2018-11-06,4603.11,4438.1,2659.36,165.0099999999993,1.0371803249138143,75.97558540075626,91.30521547175015,113.59058252676002
2018-11-07,4592.84,4415.14,2641.34,177.69999999999982,1.04024787435959,75.80607625105841,90.83285843895878,112.82088519464546
2018-11-08,4572.38,4382.33,2635.63,190.05000000000018,1.0433673411176247,75.4683783734714,90.15785694741325,112.5769910899632
2018-11-09,4561.21,4368.61,2598.87,192.60000000000036,1.0440872497201628,75.28401447842514,89.87559481806231,111.0068427032522
2018-11-12,4697.35,4481.69,2630.52,215.66000000000076,1.0481202403557588,77.53104229146001,92.2019943506428,112.35872508734911
2018-11-13,4790.45,4563.54,2654.88,226.90999999999985,1.0497223646555087,79.06768317138909,93.88589779724445,113.39922603131755
2018-11-14,4791.23,4545.51,2632.24,245.71999999999935,1.0540577404955658,79.08055728402438,93.51496585903764,112.43219231327792
2018-11-15,4871.09,4619.81,2668.17,251.27999999999975,1.0543918472837628,80.39866835460589,95.04354284233028,113.96688849212791
2018-11-16,4923.99,4659.1,2679.11,264.8899999999994,1.0568543280891158,81.2717972756397,95.85185764278206,114.43417421983789
2018-11-19,4942.49,4670.74,2703.51,271.75,1.058181358842496,81.5771448189124,96.0913278458174,115.47638370394418
2018-11-20,4811.88,4537.45,2645.85,274.4300000000003,1.060481107229832,79.42139116340715,93.34914714456471,113.01352309519133
2018-11-21,4847.04,4554.67,2651.5,292.3699999999999,1.0641912586422286,80.00171654835137,93.70341491915825,113.25485438966676
2018-11-22,4850.13,4551.33,2645.43,298.8000000000002,1.0656511393372927,80.05271784071422,93.63470096055532,112.99558342374358
2018-11-23,4642.12,4374.76,2579.48,267.3599999999997,1.061114209693789,76.61945608524643,90.00211902327429,110.17862787141527
2018-11-26,4633.73,4367.46,2575.81,266.2699999999995,1.060966786186937,76.4809768480541,89.85193582033976,110.02186931376485
2018-11-27,4671.64,4387.65,2574.68,283.9900000000007,1.0647248527115885,77.10669173267401,90.26730552818198,109.97360305486976
2018-11-28,4728.58,4441.86,2601.74,286.72000000000025,1.0645495355549253,78.04650195504954,91.38257010778217,111.12943045814502
2018-11-29,4617.35,4345.7,2567.44,271.65000000000055,1.06251006742297,76.21062048271321,89.40426643734584,109.66435728991364
2018-11-30,4648.18,4376.65,2588.19,271.53000000000065,1.0620406018301671,76.71947803725901,90.04100207170528,110.55066248643848
2018-12-03,4802.29,4515.17,2654.8,287.1199999999999,1.0635900752352625,79.26310559908363,92.8907797799919,113.3958089510418
2018-12-04,4846.17,4536.21,2665.96,309.96000000000004,1.0683301698995418,79.98735696118125,93.32363657310734,113.87249164951008
2018-12-05,4816.99,4502.7,2649.8,314.28999999999996,1.069800342017012,79.50573310644084,92.63423395251331,113.18224143380691
2018-12-06,4730.91,4411.09,2605.18,319.8199999999997,1.0725036215538561,78.0849592402293,90.74953762089235,111.27636491000266
2018-12-07,4731.9,4410.96,2605.89,320.9399999999996,1.0727596713640568,78.10129946011253,90.74686312549763,111.30669149745
2018-12-10,4676.62,4359.31,2584.58,317.3099999999995,1.072789042302566,77.18888799026848,89.68426553213203,110.39646673899487
2018-12-11,4720.47,4395.57,2594.09,324.90000000000055,1.0739153283874447,77.91264419418783,90.43024401684521,110.80267215677566
2018-12-12,4718.82,4393.32,2602.15,325.5,1.0740897544453853,77.88541049438243,90.38395467347497,111.14694299455832
2018-12-13,4763.72,4443.16,2634.05,320.5600000000004,1.072146850439777,78.62649723454157,91.40931506172942,112.50950375451696
2018-12-14,4641.89,4337.1,2593.74,304.78999999999996,1.070275068594222,76.61565987254629,89.22733828046407,110.7877224305692
2018-12-17,4627.23,4330.65,2597.97,296.5799999999999,1.0684839458279936,76.37369257609342,89.0946421628027,110.96840055014991
2018-12-18,4596.61,4307.27,2576.65,289.33999999999924,1.067174799815196,75.8683011287956,88.61364445258224,110.05774865666034
2018-12-19,4533.4,4247.9,2549.56,285.5,1.0672096800772146,74.82500284715951,87.39222297885297,108.90063984828164
2018-12-20,4550.6,4259.76,2536.27,290.84000000000015,1.0682761470129774,75.10889353604009,87.63621925101786,108.33297738747127
2018-12-21,4517.78,4231.14,2516.25,286.6399999999994,1.067745335772392,74.56719048900172,87.04741880334849,107.47785304846276
2018-12-24,4558.32,4274.72,2527.01,283.59999999999945,1.0663435265935546,75.23631424058415,87.94399195182618,107.93745034555226
2018-12-25,4514.62,4225.51,2504.82,289.1099999999997,1.0684201433673095,74.51503382755621,86.9315925797154,106.98963770406378
2018-12-26,4494.5,4208.41,2498.29,286.09000000000015,1.0679805437207877,74.1829477426564,86.57979357010161,106.71071852655498
2018-12-27,4424.65,4161.27,2483.09,263.3799999999992,1.063293177323269,73.03005445089433,85.60998039389148,106.06147327416092
2018-12-28,4430.02,4168.04,2493.9,261.9800000000005,1.0628544831623499,73.11868776480648,85.74925988483211,106.52320624642275
2019-01-02,4408.53,4131.96,2465.29,276.5699999999997,1.0669343362472046,72.76398945643186,85.00698454758854,105.30117291280465
2019-01-03,4376.86,4112.81,2464.36,264.0499999999993,1.064201847398737,72.24126747289421,84.61301080290411,105.26144935459898
2019-01-04,4497.89,4210.88,2514.87,287.0100000000002,1.068159149631431,74.23890061680204,86.63060898260139,107.41890841370592
2019-01-07,4594.15,4288.32,2533.09,305.8299999999999,1.071316972613984,75.82769815817663,88.22378531619736,108.1971484465099
2019-01-08,4585.03,4277.3,2526.46,307.72999999999956,1.0719449185233674,75.67717007197949,87.99707039889071,107.91395791865641
2019-01-09,4594.74,4288.77,2544.34,305.96999999999935,1.0713421330591286,75.83743626901614,88.23304318487143,108.6776753602884
2019-01-10,4582.48,4281.86,2535.1,300.6199999999999,1.070207806887661,75.63508162682568,88.09088346812104,108.28300258843831
2019-01-11,4621.61,4314.88,2553.83,306.72999999999956,1.0710865655591812,76.28093294402896,88.77020529838113,109.08302650800023
2019-01-14,4594.19,4286.55,2535.76,307.6399999999994,1.0717686717756703,75.828358369081,88.18737103274611,108.31119350071334
2019-01-15,4644.17,4347.36,2570.34,296.8100000000004,1.0682736189319495,76.65329189409556,89.43841768623231,109.78822644990989
2019-01-16,4637.2,4336.88,2570.42,300.3199999999997,1.0692479386102451,76.5382501440085,89.22281221133453,109.79164353018564
2019-01-17,4595.49,4303.73,2559.64,291.7600000000002,1.0677923568625356,75.84981522347314,88.54081588567972,109.33119196302718
2019-01-18,4626.41,4347.81,2596.01,278.59999999999945,1.064078237089477,76.36015825255377,89.44767555490638,110.88468208339386
2019-01-21,4655.11,4373.63,2610.51,281.47999999999956,1.0643584390997867,76.83385957644168,89.97887148638168,111.50402788337506
2019-01-22,4603.2,4308.25,2579.7,294.9499999999998,1.0684616723727731,75.9770708752911,88.63380603325017,110.1880248421736
2019-01-23,4609.67,4315.68,2581.0,293.9899999999998,1.0681213621028436,76.08385998907352,88.78666373157942,110.24355239665469
2019-01-24,4635.75,4338.17,2591.69,297.5799999999999,1.0685957442884904,76.51431749872498,89.24935143486678,110.7001597485029
2019-01-25,4607.94,4318.44,2601.72,289.5,1.0670380970906161,76.05530586745935,88.84344532611357,111.1285761880761
2019-01-28,4570.4,4307.22,2596.98,263.1799999999994,1.061102056546914,75.43569793370492,88.61261580050734,110.92611418173743
2019-01-29,4490.05,4254.29,2594.25,235.76000000000022,1.0554170026020793,74.10949927954485,87.52368471402444,110.80950631732718
2019-01-30,4423.14,4211.62,2575.57,211.52000000000044,1.0502229545875459,73.00513148925425,86.64583303330981,110.0116180729376
2019-01-31,4355.74,4176.47,2584.57,179.26999999999953,1.0429238088625081,71.89267611538506,85.92269062465927,110.3960396039604
2019-02-01,4482.99,4294.27,2618.23,188.71999999999935,1.0439469339375491,73.99297205492294,88.34619491310977,111.83377612998575
2019-02-11,4611.83,4402.87,2653.9,208.96000000000004,1.0474599522584134,76.11951137790967,90.58042721977975,113.3573667979395
2019-02-12,4675.79,4439.49,2671.89,236.30000000000018,1.0532268346138858,77.17518861400275,91.33381199943219,114.12578272495067
2019-02-13,4759.83,4512.41,2721.07,247.42000000000007,1.0548310104799874,78.56229172409127,92.83399818545774,116.22643282447314
2019-02-14,4780.04,4532.17,2719.7,247.8699999999999,1.0546912406198354,78.89586328352593,93.2405214854559,116.16791532475077
2019-02-15,4773.51,4502.73,2682.39,270.78000000000065,1.0601368503108115,78.78808385338696,92.63485114375824,114.57427451114395
2019-02-18,4942.88,4661.0,2754.36,281.8800000000001,1.0604762926410642,81.58358187523004,95.89094642162803,117.64836535422309
2019-02-19,4963.75,4667.28,2755.65,296.47000000000025,1.0635209372482475,81.92804691458686,96.02014512223474,117.7034657736697
2019-02-20,4967.04,4667.62,2761.22,299.4200000000001,1.064148323985243,81.98234926147158,96.02713995634402,117.94137998786935
2019-02-21,4947.66,4659.14,2751.8,288.5199999999995,1.0619255914181587,81.66247707830266,95.85268056444198,117.53901878539882
2019-02-22,5059.51,4777.3,2804.23,282.21000000000004,1.059073116613987,83.5085918196568,98.28359114783171,119.77848777112396
2019-02-25,5324.25,5044.35,2961.28,279.89999999999964,1.055487823009902,87.87819769025215,103.77762187984112,126.48664348747214
2019-02-26,5323.76,5038.54,2941.52,285.22000000000025,1.056607668094329,87.87011010667358,103.6580925087384,125.64262465935983
2019-02-27,5310.27,5017.88,2953.82,292.3900000000003,1.058269627810948,87.64745397917365,103.23305347139218,126.16800075175767
2019-02-28,5330.34,5025.29,2940.95,305.0500000000002,1.0607029644060344,87.978714800443,103.38549970889149,125.61827796239504
2019-03-01,5364.37,5067.23,2994.01,297.1400000000003,1.0586395328414144,88.54038922733866,104.24833306931262,127.88465645529179
2019-03-04,5482.3,5158.25,3027.58,324.0500000000002,1.0628216934037706,90.48685602615755,106.12089130644986,129.3185487660069
2019-03-05,5654.31,5295.29,3054.25,359.02000000000044,1.0677998749832398,93.32592796768928,108.9402209133196,130.45771790293784
2019-03-06,5776.97,5390.03,3102.1,386.9400000000005,1.071788097654373,95.35046470595032,110.88931086482896,132.5015590428758
2019-03-07,5877.3,5458.62,3106.42,418.6800000000003,1.0767007045736836,97.0064387068449,112.30041578116867,132.68608137776678
2019-03-08,5633.32,5245.7,2969.86,387.6199999999999,1.0738929027584498,92.97948229561933,107.92000378543965,126.85312534704723
2019-03-11,5876.34,5456.38,3026.99,419.96000000000004,1.0769667801729352,96.99059364513994,112.25433216821344,129.29334779897317
2019-03-12,6006.18,5551.0,3060.31,455.1800000000003,1.0819996397045577,99.133638240736,114.20095335474304,130.71656173382652
2019-03-13,5866.63,5424.86,3026.95,441.77000000000044,1.0814343595963767,96.83032744810329,111.60586990020019,129.2916392588353
2019-03-14,5688.95,5298.5,2990.69,390.4499999999998,1.0736906671699538,93.89767061087665,109.0062603765278,127.74284762384782
2019-03-15,5777.11,5359.01,3021.75,418.09999999999945,1.078018141410447,95.35277544411561,110.25113511756466,129.069529040911
2019-03-18,5916.34,5501.18,3096.42,415.15999999999985,1.0754674451663098,97.65080454951335,113.17600442731855,132.25894634329697
2019-03-19,5941.91,5522.18,3090.98,419.72999999999956,1.0760080258158915,98.07284437013404,113.60803829877406,132.02658488454543
2019-03-20,5926.17,5515.79,3090.64,410.3800000000001,1.0744009470991462,97.8130513792631,113.47657656360259,132.01206229337345
2019-03-21,5990.64,5589.48,3101.46,401.16000000000076,1.0717705403722708,98.87714630438694,114.9926039915815,132.47422240066976
2019-03-22,6014.55,5622.14,3104.15,392.40999999999985,1.0697972658098163,99.27178737247614,115.66451952690235,132.58912172494212
2019-03-25,5961.44,5549.67,3043.03,411.7699999999995,1.0741972045184667,98.39519234419434,114.17359120955084,129.97847239426275
2019-03-26,5788.36,5394.88,2997.1,393.47999999999956,1.0729358206299304,95.53845976097064,110.98909011609368,128.01664118094297
2019-03-27,5826.53,5447.88,3022.72,378.64999999999964,1.0695041006776946,96.16846601646895,112.07946131548144,129.11096113925456
2019-03-28,5747.86,5370.12,2994.94,377.7399999999998,1.0703410724527571,94.86999622029256,110.47970160860612,127.92438001349748
2019-03-29,5911.21,5547.66,3090.76,363.5500000000002,1.0655321342692234,97.56613250102745,114.13223939614011,132.0171879137871
2019-04-01,6137.73,5757.84,3170.36,379.8899999999994,1.0659778667000124,101.30490685249403,118.45628125816494,135.41718278816666
2019-04-02,6174.94,5775.55,3176.82,399.3899999999994,1.0691518556674255,101.91906804628739,118.82062982309243,135.69311202043414
2019-04-03,6237.02,5836.04,3216.3,400.9800000000005,1.0687075482690318,102.94371536987492,120.06509310329932,137.3794411365209
2019-04-04,6260.07,5871.56,3246.57,388.5099999999993,1.0661681052394933,103.32416190352008,120.79584753730408,138.67237888586098
2019-04-08,6230.21,5847.63,3244.81,382.5799999999999,1.0654247960284764,102.83131446340535,120.30353465425976,138.5972031197943
2019-04-09,6245.43,5858.05,3239.66,387.3800000000001,1.0661278070347642,103.08252471251942,120.5179057466677,138.37722857704236
2019-04-10,6235.71,5850.76,3241.93,384.9499999999998,1.0657948710936698,102.92209346275666,120.36792827414813,138.474188229867
2019-04-11,6106.95,5727.17,3189.96,379.77999999999975,1.066311983056204,100.79687456157869,117.82530607542489,136.25436745572745
2019-04-12,6101.2,5714.37,3188.63,386.8299999999999,1.0676942515097902,100.70196924407502,117.561971144252,136.197558496143
2019-04-15,6052.05,5655.98,3177.79,396.0700000000006,1.0700267681286002,99.89073509532619,116.36071125119068,135.73454411877773
2019-04-16,6179.8,5777.01,3253.6,402.78999999999996,1.069722918949422,101.99928367116875,118.85066646367935,138.97265481509325
2019-04-17,6234.11,5807.73,3263.12,426.3800000000001,1.0734159473666993,102.89568502658173,119.48267029849427,139.3792873679085
2019-04-18,6202.84,5775.17,3250.2,427.6700000000001,1.0740532313334499,102.37956515208784,118.81281206732324,138.82742890337352
2019-04-19,6255.25,5810.18,3270.8,445.0699999999997,1.0766017576047557,103.24460648954307,119.53307425016408,139.7073270743813
2019-04-22,6192.14,5723.04,3215.04,469.10000000000036,1.0819669266683443,102.20295873516795,117.74033941403866,137.32562212217772
2019-04-23,6078.27,5628.06,3198.59,450.21000000000004,1.0799938166970502,100.32350334314297,115.7863119325698,136.6229849904749
2019-04-24,6153.39,5679.73,3201.61,473.66000000000076,1.0833948092602994,101.56337942155622,116.84932098676538,136.7519797708848
2019-04-25,5899.91,5458.42,3123.83,441.4899999999998,1.080882379882823,97.37962292054196,112.29630117286911,133.42972347277868
2019-04-26,5834.38,5408.03,3086.4,426.35000000000036,1.0788364709515295,96.29803240645224,111.25962561179084,131.83095703875824
2019-04-29,5622.48,5265.6,3062.5,356.8799999999992,1.0677757520510482,92.80056514053413,108.3294073112475,130.81010430637542
2019-04-30,5682.24,5307.56,3078.34,374.6799999999994,1.0705936437835841,93.786920231668,109.19265213249862,131.48668620097558
2019-05-06,5246.83,4908.8,2906.46,338.02999999999975,1.0688620436766623,86.60035948483743,100.9889461048032,124.14508922850871
2019-05-07,5312.5,4973.4,2926.39,339.10000000000036,1.068182732134958,87.68426073709247,102.31796458556637,124.99636935220701
2019-05-08,5292.75,4947.74,2893.76,345.0100000000002,1.0697308265996193,87.3582816030581,101.79006034073072,123.60262773473207
2019-05-09,5237.82,4888.41,2850.95,349.40999999999985,1.0714772287921839,86.45164697862732,100.56946178866137,121.77406265216686
2019-05-10,5445.53,5064.32,2939.21,381.21000000000004,1.0752736793883484,89.8799571523123,104.18846551855381,125.54395646639729
2019-05-13,5405.61,5005.9,2903.71,399.71000000000004,1.0798477796200483,89.22106666974764,102.98658843424752,124.02762709402953
2019-05-14,5368.23,4965.61,2883.61,402.6199999999999,1.0810816797936205,88.60409957961069,102.15770059229787,123.16908567474523
2019-05-15,5486.39,5076.56,2938.68,409.8299999999999,1.0807298643175693,90.55436259112975,104.44027954648789,125.52131830957039
2019-05-16,5527.28,5108.36,2955.71,418.9200000000001,1.0820067497200667,91.22926318812544,105.09450226612051,126.24872927327246
2019-05-17,5330.99,4942.58,2882.3,388.40999999999985,1.078584463984397,87.98944322763906,101.68390344660165,123.11313098522969
2019-05-20,5313.15,4923.56,2870.6,389.58999999999924,1.079127704344011,87.69498916428853,101.29260419731195,122.61338299490001
2019-05-21,5418.05,5009.87,2905.97,408.1800000000003,1.0814751680183319,89.42639226100778,103.06826340899413,124.12415961181968
2019-05-22,5395.43,4976.39,2891.7,419.03999999999996,1.0842056189325997,89.05304299458462,102.37947797964505,123.51463791763129
2019-05-23,5267.83,4872.92,2852.52,394.90999999999985,1.081041757303629,86.94697020963346,100.25078537585918,121.84112285257862
2019-05-24,5200.77,4841.76,2852.99,359.0100000000002,1.0741486566868246,85.84012662845146,99.60972940278519,121.8611981991987
2019-05-27,5354.63,4962.95,2892.38,391.6800000000003,1.0789208031513515,88.37962787212376,102.1029763019135,123.54368309997523
2019-05-28,5354.53,4955.49,2909.91,399.03999999999996,1.0805248320549532,88.37797734486281,101.94950141233929,124.29245081540078
2019-05-29,5376.51,4956.86,2914.7,419.65000000000055,1.0846604503657558,88.740763236816,101.9776864791914,124.49704849691182
2019-05-30,5341.98,4926.4,2905.81,415.5799999999999,1.0843577460214355,88.17083617361565,101.35103163516592,124.11732545126817
2019-05-31,5334.25,4912.0,2898.7,422.25,1.0859629478827362,88.0432504163455,101.05477983759641,123.81363244176013
2019-06-03,5255.07,4853.82,2890.08,401.25,1.0826668479671682,86.73636293113834,99.85784028324964,123.44544204204718
2019-06-04,5160.98,4795.41,2862.28,365.5699999999997,1.0762333147739191,85.18338183132602,98.65616892935836,122.25800664622115
2019-06-05,5158.47,4783.82,2861.42,374.65000000000055,1.0783160737653175,85.1419535970766,98.4177273783979,122.22127303325674
2019-06-06,5030.8,4678.78,2827.8,352.02000000000044,1.075237561928537,83.03472544304277,96.25673509946037,120.7852450473693
2019-06-10,5098.94,4725.26,2852.13,373.6799999999994,1.079081362718665,84.15939471864287,97.21297006828193,121.8244645862343
2019-06-11,5289.62,4901.47,2925.72,388.14999999999964,1.0791905285557188,87.30662009979088,100.83814571062373,124.96775130489752
2019-06-12,5264.89,4863.49,2909.38,401.40000000000055,1.0825333248346354,86.89844470816203,100.05678159453414,124.26981265857388
2019-06-13,5294.11,4877.65,2910.74,416.46000000000004,1.0853812799196334,87.38072877380678,100.34809586214418,124.32790302326178
2019-06-14,5173.07,4795.53,2881.97,377.53999999999996,1.0787274816339383,85.38293057717287,98.6586376943381,123.09903552909216
2019-06-17,5160.67,4802.82,2887.62,357.85000000000036,1.074508309701384,85.17826519681712,98.80861516685766,123.34036682356762
2019-06-18,5160.88,4797.15,2890.16,363.7300000000005,1.0758221027068156,85.1817313040651,98.69196602156465,123.44885912232293
2019-06-19,5234.28,4858.92,2917.8,375.3599999999997,1.0772517349534463,86.39321831359027,99.96276279488885,124.62946035759748
2019-06-20,5317.31,4954.73,2987.12,362.58000000000084,1.0731785586702,87.76365109834337,101.93386590080091,127.59036041654208
2019-06-21,5406.04,5021.31,3001.98,384.72999999999956,1.0766194479129947,89.22816393696966,103.3036190037299,128.22508307776422
2019-06-24,5403.8,5024.2,3008.15,379.60000000000036,1.0755543171052109,89.19119212632476,103.36307509365878,128.48862539403208
2019-06-25,5351.69,4974.99,2982.07,376.6999999999998,1.0757187451633068,88.33110237065229,102.35067572154801,127.37465722413486
2019-06-26,5351.39,4962.59,2976.28,388.8000000000002,1.0783461861648858,88.32615078886951,102.09557000697427,127.12734603917684
2019-06-27,5397.57,5007.48,2996.79,390.09000000000015,1.0779014594167127,89.0883642779686,103.01909383981418,128.00339999487437
2019-06-28,5321.43,4950.48,2978.88,370.9500000000007,1.0749321277936688,87.83165282149383,101.84643047443491,127.23840114813898
2019-07-01,5481.41,5100.26,3044.9,381.14999999999964,1.0747314842772722,90.47216633353524,104.92786062998769,130.05834664570858
2019-07-02,5483.52,5084.41,3043.94,399.1100000000006,1.0784968167397988,90.50699245874095,104.60177792224626,130.0173416823995
2019-07-03,5428.51,5040.72,3015.26,387.78999999999996,1.076931470107445,89.59903741250143,103.70294173920381,128.7923184035401
2019-07-04,5404.38,5025.02,3005.25,379.3599999999997,1.0754942268886492,89.20076518443817,103.37994498768705,128.36475623403584
2019-07-05,5424.25,5042.66,3011.06,381.59000000000015,1.0756723633955096,89.52872495118565,103.74285343970968,128.6129216890628
2019-07-08,5244.27,4870.78,2933.36,373.4900000000007,1.0766797104365216,86.55810598695753,100.20675906705372,125.29408247123246
2019-07-09,5260.34,4881.62,2928.23,378.72000000000025,1.0775808030940548,86.82334571778955,100.42977083689075,125.07496219854946
2019-07-10,5214.64,4843.86,2915.3,370.78000000000065,1.076546390688418,86.06905475954294,99.65293278993073,124.52267659898001
2019-07-11,5206.4,4844.55,2917.76,361.84999999999945,1.0746921798722275,85.933051313242,99.66712818856428,124.6277518174596
2019-07-12,5219.19,4861.57,2930.55,357.6199999999999,1.0735605987366221,86.1441537499154,100.01728135485823,125.17405752654646
2019-07-15,5273.81,4925.32,2942.19,348.4900000000007,1.0707547935971675,87.04567173983729,101.32881275034819,125.67124270666929
2019-07-16,5285.23,4932.05,2937.62,353.1799999999994,1.0716091686012914,87.2341619530359,101.46726931962895,125.4760419959166
2019-07-17,5289.42,4929.09,2931.69,360.3299999999999,1.0731027431026823,87.303319045269,101.40637311679524,125.22275092047602
2019-07-18,5194.6,4844.11,2901.18,350.4900000000007,1.0723538482817279,85.73828909645187,99.6580760503052,123.91956193030865
2019-07-19,5220.03,4878.69,2924.2,341.34000000000015,1.0699655030346262,86.15801817890724,100.36949182530196,124.90282677965811
2019-07-22,5073.33,4776.57,2886.97,296.7600000000002,1.0621282635866323,83.73669468711779,98.26857282753826,123.31260304632707
2019-07-23,5131.1,4823.92,2899.94,307.1800000000003,1.063678502131047,84.69020428575908,99.24270634246297,123.86659718603441
2019-07-24,5194.83,4873.03,2923.28,321.8000000000002,1.0660369421078877,85.742085309152,100.25304841042396,124.86353035648692
2019-07-25,5211.09,4891.64,2937.36,319.4499999999998,1.065305296383217,86.01046104177979,100.63591271269954,125.46493648502039
2019-07-26,5216.6,4898.11,2944.54,318.4900000000007,1.0650230394989089,86.10140509385724,100.76902029119084,125.7716194397697
2019-07-29,5218.98,4897.02,2941.01,321.9599999999991,1.0657461068159817,86.14068764266744,100.74659567595816,125.62084077260187
2019-07-30,5239.72,4922.92,2952.34,316.8000000000002,1.0643520512216327,86.48300699658506,101.27943745075329,126.10478476665614
2019-07-31,5200.09,4903.2,2932.51,296.8900000000003,1.060550252896068,85.8289030430771,100.87373707241505,125.25777599330254
2019-08-01,5173.23,4870.47,2908.77,302.7599999999993,1.0621623785794798,85.38557142079036,100.20038142418939,124.24375742147123
2019-08-02,5091.06,4809.92,2867.84,281.1400000000003,1.0584500365910452,84.02933317048131,98.95468376149262,122.49549372538635
2019-08-05,5032.64,4751.98,2821.5,280.66000000000076,1.0590616963876112,83.06509514464396,97.76268173710532,120.51614997565332
2019-08-06,4899.82,4650.56,2777.56,249.2599999999993,1.053597846280878,80.87286483667206,95.67616386839015,118.63931863419302
2019-08-07,4885.44,4626.36,2768.68,259.0799999999999,1.0560008300261976,80.63551901654982,95.1782962641414,118.26002272358383
2019-08-08,4923.33,4656.1,2794.55,267.22999999999956,1.0573935267713321,81.26090379571754,95.79013851828843,119.36502105775722
2019-08-09,4869.79,4600.35,2774.75,269.4399999999996,1.058569456671775,80.37721150021375,94.6431914547815,118.519293689507
2019-08-12,4952.22,4685.05,2814.99,267.1700000000001,1.0570260722937856,81.73774112140123,96.3857280696521,120.23808506821348
2019-08-13,4928.46,4658.39,2797.26,270.0699999999997,1.0579749655997028,81.34557584420344,95.83725078331857,119.48077465209855
2019-08-14,4961.75,4683.84,2808.91,277.90999999999985,1.0593337944934071,81.89503636936819,96.36083468943967,119.97838696725583
2019-08-15,4985.42,4706.55,2815.8,278.8699999999999,1.0592514686978785,82.28571617203116,96.82804846185657,120.27268300600554
2019-08-16,5013.58,4722.66,2823.82,290.9200000000001,1.0616008774715944,82.75050464871003,97.15948016038743,120.61524530365031
2019-08-19,5173.18,4875.04,2883.1,298.1400000000003,1.061156421280646,85.38474615715991,100.29440022383469,123.14730178798725
2019-08-20,5185.27,4872.61,2880.0,312.66000000000076,1.064166842821404,85.58429490300678,100.24440773299483,123.01488992730162
2019-08-21,5186.62,4882.72,2880.33,303.89999999999964,1.062239899072648,85.60657702102937,100.45240118253844,123.02898538343912
2019-08-22,5208.55,4887.91,2883.44,320.6400000000003,1.0655985891720592,85.96853764935209,100.55917526791245,123.16182437915924
2019-08-23,5197.55,4887.9,2897.43,309.65000000000055,1.0633503140407947,85.7869796506494,100.55896953749746,123.75938629238247
2019-08-26,5168.68,4855.46,2863.57,313.22000000000025,1.0645088209973927,85.3104724304179,99.89158007130618,122.31310706566777
2019-08-27,5266.66,4936.12,2902.19,330.53999999999996,1.0669635260082817,86.92765904068054,101.55100159852533,123.96270256879012
2019-08-28,5256.18,4928.19,2893.76,327.9900000000007,1.0665538463411517,86.75468378373472,101.38785737944711,123.60262773473207
2019-08-29,5260.95,4934.18,2890.92,326.7699999999995,1.0662257963835935,86.83341393408124,101.51108989801945,123.48132138494266
2019-08-30,5182.96,4886.49,2886.24,296.47000000000025,1.0606713612429373,85.5461677232792,100.52996154898544,123.28142218881078
2019-09-02,5317.53,5008.3,2924.11,309.22999999999956,1.0617435057804043,87.76728225831741,103.03596373384245,124.8989825643479
2019-09-03,5357.06,5044.18,2930.15,312.8800000000001,1.0620279212875037,88.41973568456444,103.77412446278646,125.15697212516766
2019-09-04,5394.71,5093.27,2957.41,301.4399999999996,1.0591839819997761,89.04115919830589,104.7840550699175,126.32134222913231
2019-09-05,5445.57,5138.41,2985.86,307.15999999999985,1.0597772462687873,89.88061736321667,105.71272216313187,127.5365414021989
2019-09-06,5468.46,5154.64,2999.6,313.8199999999997,1.0608810702590288,90.25842305324436,106.0466226266425,128.12342493956038
2019-09-09,5602.24,5263.46,3024.74,338.77999999999975,1.0643645054773856,92.46649842292119,108.28538100244202,129.19724241621745
2019-09-10,5614.58,5245.31,3021.2,369.2699999999995,1.0704000335537842,92.67017348692039,107.91198029925549,129.04603661401515
2019-09-11,5566.41,5217.29,3008.81,349.1199999999999,1.0669159659516723,91.87511450532872,107.33552367648483,128.51681630630708
2019-09-12,5592.92,5242.61,3031.24,350.3100000000004,1.0668197710682275,92.3126692822022,107.85643308721117,129.47488018862282
2019-09-16,5627.24,5250.34,3030.75,376.89999999999964,1.0717858272035714,92.87913023815457,108.01546269798983,129.45395057193383
2019-09-17,5492.22,5140.45,2978.12,351.77000000000044,1.0684317520839617,90.65058833044216,105.75469116778756,127.20593888551927
2019-09-18,5485.88,5141.04,2985.66,344.84000000000015,1.0670759223814636,90.54594490209897,105.76682926227133,127.5279987015095
2019-09-19,5550.41,5191.67,2999.28,358.7399999999998,1.0690991530663543,91.61103014357937,106.80844235330909,128.10975661845737
2019-09-20,5556.48,5204.48,3006.45,352.0,1.0676340383669454,91.71121714831803,107.07198301489693,128.4160124381722
2019-09-23,5501.21,5171.48,2977.08,329.7300000000005,1.0637593106808882,90.79897073120009,106.39307264546683,127.16151684193441
2019-09-24,5528.89,5180.74,2985.34,348.15000000000055,1.0672008245926259,91.25583667702648,106.58357900973724,127.51433038040648
2019-09-25,5421.62,5087.01,2955.43,334.6099999999997,1.0657773426826367,89.4853160842231,104.65526783014076,126.2367694923073
2019-09-26,5244.08,4970.24,2929.09,273.84000000000015,1.0550959309812,86.55496998516176,102.25295377443307,125.11169581151387
2019-09-27,5291.44,5005.63,2932.17,285.8099999999995,1.0570977079808135,87.33665969593986,102.98103371304312,125.24325340213056
2019-09-30,5232.39,4940.9,2905.19,291.4900000000007,1.058995324738408,86.36202334835865,101.64934073688521,124.09084307913105
2019-10-08,5237.18,4941.76,2913.57,295.4200000000001,1.0597803211811176,86.44108360415736,101.66703355257339,124.44878223801675
2019-10-09,5285.15,4982.95,2924.86,302.1999999999998,1.0606468056071203,87.23284153122715,102.51443713187113,124.93101769193314
2019-10-10,5366.93,5046.36,2947.71,320.5700000000006,1.06352499623491,88.58264272521858,103.81897369325183,125.90702124569661
2019-10-11,5370.65,5055.52,2973.66,315.1299999999992,1.0623338449852833,88.6440423393253,104.00742275337245,127.01543666014574
2019-10-14,5455.61,5131.13,3007.88,324.47999999999956,1.0632375324733538,90.0463303002144,105.5629504210273,128.4770927481014
2019-10-15,5375.53,5061.0,2991.05,314.52999999999975,1.0621477968780872,88.72458806965885,104.12016302078084,127.75822448508873
2019-10-16,5353.02,5038.36,2978.71,314.66000000000076,1.0624528616454563,88.35305438322273,103.65438936126878,127.23113985255299
2019-10-17,5347.27,5029.85,2977.33,317.4200000000001,1.0631072497191765,88.25814906571905,103.47931277812181,127.17219521779617
2019-10-18,5280.53,4961.81,2938.14,318.71999999999935,1.0642346240585592,87.15658717177202,102.07952303460593,125.49825301770903
2019-10-21,5247.3,4951.04,2939.62,296.2600000000002,1.059837933040331,86.60811696296382,101.85795137767373,125.56146900281055
2019-10-22,5312.46,5005.55,2954.38,306.90999999999985,1.0613139415249073,87.68360052618809,102.9793878697233,126.19192031368797
2019-10-23,5269.72,4967.19,2941.62,302.53000000000065,1.060905662960346,86.97816517486513,102.19020599786452,125.6468960097045
2019-10-24,5259.45,4958.25,2940.92,301.1999999999998,1.0607472394494024,86.80865602516722,102.00628300687346,125.61699655729164
2019-10-25,5300.09,4994.57,2954.93,305.52000000000044,1.0611704310881618,87.47943030401062,102.75349587407653,126.21541274058382
2019-10-28,5425.75,5084.47,2980.05,341.27999999999975,1.067122040251983,89.55348286009965,104.60301230473614,127.28837594717194
2019-10-29,5366.75,5007.71,2954.18,359.03999999999996,1.0716974425435977,88.5796717761489,103.0238256393587,126.18337761299858
2019-10-30,5313.42,4947.9,2939.32,365.52000000000044,1.0738737646274177,87.69944558789305,101.79335202737036,125.54865495177647
2019-10-31,5253.88,4917.42,2929.06,336.46000000000004,1.06842205872185,86.71672165673324,101.16628572251494,125.11041440641044
2019-11-01,5303.99,4962.35,2958.2,341.6399999999994,1.0688464134936067,87.54380086718702,102.09063247701478,126.35508589685543
2019-11-04,5337.08,4987.84,2975.49,349.2399999999998,1.0700182844678257,88.08996033782992,102.61503930479579,127.09360237145371
2019-11-05,5352.06,5025.3,2991.56,326.7600000000002,1.0650229837024656,88.33720932151776,103.38570543930645,127.78000837184669
2019-11-06,5304.84,4974.73,2978.6,330.1100000000006,1.0663573701487319,87.55783034890496,102.34532673075856,127.22644136717382
2019-11-07,5340.17,5007.07,2978.71,333.10000000000036,1.0665259323316831,88.14096163019276,103.01065889280005,127.23113985255299
2019-11-08,5321.78,4988.29,2964.18,333.4899999999998,1.0668545734109283,87.83742966690708,102.62429717346984,126.61051264746837
2019-11-11,5183.57,4876.16,2909.97,307.40999999999985,1.0630434604278776,85.5562359395709,100.31744203031232,124.2950136256076
2019-11-12,5196.72,4881.61,2914.82,315.1100000000006,1.0645504249622564,85.77328027438365,100.42956510647578,124.50217411732547
2019-11-13,5181.49,4875.54,2905.24,305.9499999999998,1.062752023365617,85.52190497254347,100.30468674458363,124.09297875430339
2019-11-14,5216.64,4912.11,2909.87,304.53000000000065,1.0619957614955693,86.10206530476161,101.05704287216118,124.29074227526291
2019-11-15,5152.56,4868.44,2891.34,284.1200000000008,1.0583595566546986,85.04440743595542,100.15861814994867,123.49926105639038
2019-11-18,5189.35,4892.46,2909.2,296.8900000000003,1.0606831736999383,85.65163641525285,100.65278260672781,124.26212422795342
2019-11-19,5286.15,4975.11,2933.99,311.03999999999996,1.0625192206805478,87.24934680383647,102.35314448652775,125.32099197840405
2019-11-20,5259.47,4946.28,2911.05,313.1900000000005,1.0633182917263075,86.80898613061943,101.7600237001438,124.34114420933035
2019-11-21,5250.67,4945.72,2903.64,304.9499999999998,1.0616593741659455,86.66373973165727,101.74850279690502,124.02463714878822
2019-11-22,5181.11,4904.08,2885.29,277.02999999999975,1.0564896983735992,85.51563296895193,100.89184134893318,123.24084436053614
2019-11-25,5151.37,4901.5,2906.17,249.8699999999999,1.050978271957564,85.0247661615503,100.83876290186866,124.13270231250908
2019-11-26,5147.73,4882.16,2907.06,265.5699999999997,1.0543960050469463,84.96468696925233,100.44088027929962,124.17071733057689
2019-11-27,5145.97,4904.26,2903.19,241.71000000000004,1.0492857230244725,84.9356376894599,100.8955444964028,124.0054160722371
2019-11-28,5131.13,4889.26,2889.69,241.8699999999999,1.0494696538944543,84.69069944393736,100.58694887393457,123.42878377570285
2019-11-29,5126.61,4894.94,2871.98,231.67000000000007,1.0473284657217454,84.61609561174316,100.70380374964255,122.67232762965685
2019-12-02,5137.78,4905.42,2875.81,232.35999999999967,1.047368013340346,84.80045950678944,100.91940922454037,122.83592034785877
2019-12-03,5171.36,4926.45,2884.7,244.90999999999985,1.0497132823838666,85.3547065610109,101.35206028724082,123.21564339350242
2019-12-04,5179.69,4920.67,2878.12,259.0199999999995,1.0526391731207334,85.49219548184666,101.23314810738306,122.93458854082131
2019-12-05,5238.13,4967.6,2899.47,270.52999999999975,1.054458893630727,86.45676361313622,102.19864094487868,123.84652183941431
2019-12-06,5275.51,5010.51,2912.01,265.0,1.0528888276842079,87.07373070327317,103.08143015555278,124.38214917263946
2019-12-09,5294.28,5024.6,2914.48,269.6799999999994,1.053671934084305,87.38353467015038,103.37130431025794,124.48765152615348
2019-12-10,5326.36,5049.05,2917.32,277.3099999999995,1.054923203374892,87.91302381545785,103.87431517488115,124.60895787594293
2019-12-11,5304.88,5027.28,2924.42,277.60000000000036,1.0552187266275204,87.55849055980933,103.42644006147226,124.91222375041646
2019-12-12,5304.42,5012.0,2915.7,292.4200000000001,1.0583439744612928,87.55089813440904,103.11208398738462,124.53976200035879
2019-12-13,5375.98,5073.69,2967.68,302.28999999999996,1.0595799112677362,88.73201544233305,104.38123491738895,126.7600099095328
2019-12-16,5476.99,5166.04,2984.39,310.9499999999998,1.0601911715743586,90.39921302860198,106.28115529971835,127.47375255213183
2019-12-17,5545.62,5236.06,3022.42,309.5599999999995,1.0591207892957681,91.53196988778065,107.72167966540007,129.09814708822046
2019-12-18,5543.79,5235.12,3017.04,308.6700000000001,1.0589613991656353,91.50176523890556,107.70234100639205,128.8683484396757
2019-12-19,5568.11,5241.74,3017.07,326.3699999999999,1.0622636758023098,91.90317346876459,107.83853454110803,128.86962984477915
2019-12-20,5501.16,5184.68,3004.94,316.47999999999956,1.0610413757454653,90.79814546756961,106.6646367932389,128.35151504796727
2019-12-23,5377.09,5084.35,2962.75,292.7399999999998,1.0575766813850345,88.75033629492943,104.60054353975639,126.54943233753919
2019-12-24,5471.74,5162.07,2982.68,309.6700000000001,1.0599895003361055,90.31256034740296,106.19948032497177,127.4007124612375
2019-12-25,5504.42,5183.1,2981.88,321.3199999999997,1.061993787501688,90.85195265627604,106.63213138767225,127.36654165847992
2019-12-26,5543.66,5219.14,3007.35,324.5199999999995,1.062178826396686,91.49961955346635,107.3735838032559,128.4544545912745
2019-12-27,5498.93,5179.19,3005.04,319.7400000000007,1.0617355223500202,90.7613387096508,106.55169079541551,128.35578639831198
2019-12-30,5530.0,5241.94,3040.02,288.0600000000004,1.0549529372713156,91.27415752962284,107.8426491494076,129.84990474888733
2019-12-31,5567.03,5267.66,3050.12,299.3699999999999,1.0568316861756453,91.88534777434651,108.37178777673313,130.2813111337018
2020-01-02,5676.56,5366.14,3085.2,310.4200000000001,1.057847913025005,93.69317028324699,110.39782090344457,131.77970083462185
2020-01-03,5706.04,5380.64,3083.79,325.39999999999964,1.060476077195278,94.17974571977018,110.69613000516385,131.71947479476162
2020-01-06,5764.73,5434.85,3083.41,329.8799999999992,1.0606971673551246,95.14844016921205,111.81139458476403,131.70324366345176
2020-01-07,5852.36,5499.84,3104.8,352.5199999999995,1.064096410077384,96.59479720796807,113.14843655171138,132.61688550218267
2020-01-08,5772.47,5423.8,3066.89,348.6700000000001,1.064285187506914,95.27619097920831,111.58406247621244,130.99761658650766
2020-01-09,5864.18,5497.54,3094.88,366.6400000000003,1.0666916475368984,96.78988953021043,113.10111855626626,132.19316754798865
2020-01-10,5851.89,5480.23,3092.29,371.66000000000076,1.067818321493806,96.5870397298417,112.7449992079379,132.08253957406095
2020-01-13,5926.72,5559.63,3115.57,367.09000000000015,1.0660277752296465,97.82212927919825,114.37849870286973,133.07690993430666
2020-01-14,5914.11,5542.33,3106.82,371.77999999999975,1.0670800908643114,97.61399779159451,114.02258508495638,132.7031667791456
2020-01-15,5913.52,5530.03,3090.04,383.4900000000007,1.0693468209033226,97.60425968075502,113.76953667453242,131.98643419130525
2020-01-16,5902.13,5527.67,3074.08,374.46000000000004,1.0677428283526331,97.4162646257347,113.72098429659742,131.30472667629144
2020-01-17,5879.41,5510.05,3075.5,369.3599999999997,1.0670338744657488,97.0412648320506,113.35848730540476,131.36537985118616
2020-01-20,5954.87,5587.54,3095.79,367.3299999999999,1.0657409163961242,98.28675270315101,114.95269229107564,132.2320368361254
2020-01-21,5901.86,5523.94,3052.14,377.9200000000001,1.0684149357161736,97.41180820213017,113.64424685181034,130.3675924106647
2020-01-22,5919.59,5575.51,3060.75,344.0799999999999,1.061712740179822,97.70444668549368,114.70519860185611,130.73535567534321
2020-01-23,5699.01,5377.74,2976.53,321.27000000000044,1.0597407089223354,94.06371365332656,110.63646818481998,127.13802441503859
2020-02-03,5200.16,4910.9,2746.61,289.2600000000002,1.0589016269930156,85.83005841215976,101.03214949194874,117.317335702509
2020-02-04,5212.1,4996.47,2783.29,215.6300000000001,1.0431564684667376,86.02713136711523,102.79258465292251,118.8840670089442
2020-02-05,5348.34,5123.96,2818.09,224.3800000000001,1.0437903496514416,88.27580970741103,105.4154417134875,120.37049692889912
2020-02-06,5515.64,5282.89,2866.51,232.75,1.044057324684027,91.03714181495279,108.68511519874589,122.43868476580188
2020-02-07,5583.6,5327.04,2875.96,256.5600000000004,1.0481618309605336,92.1588401414832,109.59341498087736,122.84232737337584
2020-02-10,5661.56,5388.43,2890.49,273.1300000000001,1.0506882338640384,93.44559119410695,110.85639399843234,123.46295457846044
2020-02-11,5623.26,5361.28,2901.67,261.9800000000005,1.048865196371016,92.81343925316943,110.29783592176486,123.94049154699769
2020-02-12,5754.26,5459.95,2926.9,294.3100000000004,1.0539034240240297,94.97562996499231,112.32777792636087,125.01815323896497
2020-02-13,5707.53,5412.84,2906.07,294.6899999999996,1.0544427694149465,94.20433857595808,111.35858194139566,124.12843096216439
2020-02-14,5727.83,5420.8,2917.01,307.02999999999975,1.0566392414403778,94.5393956099276,111.52234335171877,124.59571668987435
2020-02-17,5936.48,5594.44,2983.62,342.03999999999996,1.0611392739934649,97.98322073986535,115.09464627741102,127.44086315447767
2020-02-18,6072.19,5660.81,2984.97,411.3799999999992,1.0726715788023267,100.2231512856782,116.46007904162545,127.49852638413108
2020-02-19,6018.05,5603.26,2975.4,414.78999999999996,1.0740265488305023,99.32955582660881,115.27610050342234,127.08975815614349
2020-02-20,6134.39,5706.71,3030.15,427.6800000000003,1.0749433561544217,101.24977924197884,117.40438164637823,129.42832246986563
2020-02-21,6243.48,5784.03,3039.67,459.4499999999998,1.0794342352996094,103.0503394309312,118.99508921499447,129.83495502268087
2020-02-24,6380.41,5865.47,3031.23,514.9399999999996,1.0877917711624132,105.31040640932746,120.67055771458197,129.47445305358838
2020-02-25,6407.14,5897.72,3013.05,509.4200000000001,1.086375751985513,105.75159234617499,121.33403830288867,128.69792156092228
2020-02-26,6221.84,5743.39,2987.93,478.4499999999998,1.0833044595613393,102.6931653316652,118.15900080852056,127.62495835433414
2020-02-27,6232.09,5753.73,2991.33,478.3600000000006,1.0831391114981066,102.86234437591088,118.37172605760864,127.77018426605386
2020-02-28,5870.97,5451.29,2880.3,419.6800000000003,1.0769872819094197,96.90196033122781,112.1496153869892,123.02770397833574
2020-03-02,6113.41,5656.42,2970.93,456.9899999999998,1.0807913839495653,100.90349862263498,116.36976338944976,126.89882879573548
2020-03-03,6195.89,5710.02,2992.9,485.8699999999999,1.085090770259999,102.26485350745295,117.47247841373623,127.83724446646565
2020-03-04,6226.53,5716.51,3011.67,510.0199999999995,1.0892187715931574,102.77057506020297,117.60599745305748,128.63897692616547
2020-03-05,6315.83,5801.12,3071.68,514.71,1.0887259701574867,104.2444959042166,119.34668249419327,131.2022142680187
2020-03-06,6296.74,5763.86,3034.51,532.8800000000001,1.0924519332530631,103.92941025010438,118.58013096798219,129.61455334489446
2020-03-09,6049.62,5525.82,2943.29,523.8000000000002,1.0947913612821265,99.85062728288551,113.68292416982635,125.71822756046099
2020-03-10,6206.41,5675.11,2996.76,531.3000000000002,1.093619330726629,102.43848897530316,116.75427353504514,128.002118589771
2020-03-11,6122.91,5589.53,2968.52,533.3800000000001,1.0954248389399466,101.06029871242367,114.99363264365641,126.79588925242827
2020-03-12,5999.64,5493.88,2923.49,505.7600000000002,1.092058799973789,99.02569375787095,113.025821224384,124.87250019221077
2020-03-13,5945.46,5457.2,2887.43,488.2600000000002,1.089470790881771,98.13143808789718,112.27120206224168,123.33225125791267
2020-03-16,5657.77,5200.11,2789.25,457.66000000000076,1.0880096767183773,93.38303621091758,106.98207882355119,119.13863948948821
2020-03-17,5642.92,5212.06,2779.64,430.8599999999997,1.0826659708445412,93.13793291266896,107.22792666945091,118.72816272136274
2020-03-18,5556.11,5119.47,2728.76,436.6399999999994,1.0852900788558189,91.70511019745257,105.32306875716199,116.55489966598043
2020-03-19,5617.19,5157.82,2702.13,459.3699999999999,1.0890628211143467,92.71325224843075,106.11204489860577,115.41743906918735
2020-03-20,5670.47,5219.28,2745.62,451.1900000000005,1.0864467895955,93.59265317305614,107.3764640290656,117.2750493340965
2020-03-23,5416.57,4998.91,2660.17,417.65999999999985,1.0835502139466404,89.40196445754596,102.84278287417735,113.62518046455207
2020-03-24,5517.26,5096.04,2722.44,421.22000000000025,1.082656337077417,91.0638803565799,104.84104239486662,116.2849503241955
2020-03-25,5646.63,5217.42,2781.59,429.21000000000004,1.0822647975436135,93.19916747404959,107.33819817187955,118.81145405308435
2020-03-26,5595.43,5166.11,2764.91,429.3200000000006,1.0831031472423158,92.35409751645165,106.28259541262321,118.09899281558873
2020-03-27,5553.61,5137.34,2772.2,416.2699999999995,1.0810283142638017,91.66384701592924,105.69070900872914,118.41037425571722
2020-03-30,5415.41,5027.49,2747.21,387.9200000000001,1.077159775554004,89.38281834131912,103.43076040018681,117.34296380457718
2020-03-31,5427.13,5041.45,2750.3,385.6800000000003,1.0765018000773587,89.57626013630055,103.71796005949724,117.47494853022835
2020-04-01,5403.3,5019.22,2734.52,384.0799999999999,1.0765218500085671,89.18293949002009,103.26062134699934,116.80092944583502
2020-04-02,5538.6,5147.2,2780.64,391.40000000000055,1.0760413428660243,91.41610287406311,105.89355919789827,118.77087622480971
2020-04-03,5507.12,5107.04,2763.99,400.0799999999999,1.0783389203922429,90.89651689232124,105.06734585134332,118.0596963924175
2020-04-07,5695.17,5267.07,2820.76,428.10000000000036,1.0812785856273033,94.00033340650671,108.35964968224938,120.48454198310256
2020-04-08,5718.13,5271.8,2815.37,446.3299999999999,1.084663682233772,94.37929446561705,108.45696016853437,120.25431619952332
2020-04-09,5789.26,5322.46,2825.9,466.8000000000002,1.0877038061347573,95.55331450631904,109.49919045081707,120.70408939082003
2020-04-10,5637.53,5208.51,2796.63,429.0199999999995,1.0823690460419582,93.04896949330464,107.15489237213343,119.45386514492694
2020-04-13,5578.86,5169.18,2783.05,409.6799999999994,1.079254349819507,92.08060514931495,106.34575465002172,118.87381576811696
2020-04-14,5692.0,5288.59,2827.28,403.40999999999985,1.0762793107425608,93.94801169233511,108.80238153528381,120.76303402557687
2020-04-15,5657.95,5268.75,2811.17,389.1999999999998,1.0738695136417555,93.38600715998724,108.39421239196582,120.07491948504601
2020-04-16,5700.96,5316.97,2819.94,383.9899999999998,1.0722197040795791,94.09589893491476,109.3862444529937,120.44951691027603
2020-04-17,5710.05,5318.45,2838.49,391.60000000000036,1.073630475044421,94.24593186293362,109.41669255441056,121.24185239921749
2020-04-20,5803.4,5381.79,2852.55,421.6099999999997,1.0783401061728533,95.78669906101503,110.71978900288642,121.84240425768205
2020-04-21,5773.01,5343.88,2827.01,429.1300000000001,1.0803030756678669,95.28510382641736,109.9398649997017,120.75150137964619
2020-04-22,5826.56,5387.62,2843.98,438.9400000000005,1.0814719672137234,96.16896117464725,110.83972983481907,121.47634953314142
2020-04-23,5789.48,5357.79,2838.5,431.6899999999996,1.0805724001873906,95.55694566629309,110.22603600693724,121.24227953425198
2020-04-24,5675.51,5273.55,2808.53,401.96000000000004,1.076221899858729,93.67583974700719,108.49296299115568,119.96215583594598
2020-04-27,5645.66,5265.72,2815.49,379.9399999999996,1.072153475688035,93.18315735961853,108.33187607622725,120.25944181993695
2020-04-28,5561.2,5227.85,2810.02,333.34999999999945,1.0637642625553525,91.78912203503408,107.55277499470246,120.02579895608199
2020-04-29,5547.63,5226.81,2822.44,320.8199999999997,1.0613796943068525,91.56514548572542,107.53137903154466,120.55630066889347
2020-04-30,5678.17,5353.86,2860.08,324.3100000000004,1.0605749870187118,93.71974377214801,110.14518395385056,122.16403693863778
2020-05-06,5802.42,5451.32,2878.14,351.10000000000036,1.0644064189957663,95.7705238938579,112.15023257823414,122.93544281089024
2020-05-07,5795.87,5445.75,2871.52,350.1199999999999,1.0642923380617912,95.66241435826674,112.03564073709093,122.65267941807123
2020-05-08,5862.77,5507.7,2895.34,355.0700000000006,1.0644679267207728,96.76661709583126,113.31014065788472,123.67011507017831
2020-05-11,5851.8,5496.19,2894.8,355.6100000000006,1.0647011839110367,96.58555425530686,113.0733449502441,123.64704977831693
2020-05-12,5869.51,5512.46,2891.56,357.0500000000002,1.0647714450535697,96.87786263321819,113.40806833541465,123.5086580271487
2020-05-13,5917.03,5536.28,2898.05,380.75,1.0687736169413398,97.66219318761378,113.8981181838942,123.78586866451961
2020-05-14,5863.24,5487.11,2870.34,376.1300000000001,1.0685479241349272,96.77437457395764,112.88654173344332,122.6022774840038
2020-05-15,5889.98,5507.93,2868.46,382.0499999999993,1.0693636266256106,97.21572556353127,113.31487245742926,122.52197609752349
2020-05-18,5860.04,5478.82,2875.42,381.22000000000025,1.0695806761309918,96.72155770160778,112.7159912194259,122.81926208151445
2020-05-19,5936.6,5547.88,2898.58,388.72000000000025,1.070066403743412,97.98520137257847,114.13676546526963,123.8085068213465
2020-05-20,5865.84,5489.7,2883.74,376.1400000000003,1.0685174053226953,96.81728828274191,112.93982591092285,123.17463843019331
2020-05-21,5791.64,5426.17,2867.92,365.47000000000025,1.0673532159884414,95.59259705512927,111.63282058456241,122.4989108056621
2020-05-22,5684.0,5328.23,2813.77,355.77000000000044,1.0667707662769814,93.81596951146044,109.61789690025985,120.18597459400814
2020-05-25,5671.97,5316.6,2817.97,355.3699999999999,1.066841590490163,93.61741108197013,109.37863242763947,120.36537130848546
2020-05-26,5808.55,5420.21,2846.55,388.34000000000015,1.071646670516456,95.87170121495312,111.51020525723503,121.58612323700015
2020-05-27,5772.08,5369.5,2836.8,402.5799999999999,1.0749753235869262,95.26975392289067,110.46694632287743,121.1696665783921
2020-05-28,5758.93,5361.17,2846.22,397.7600000000002,1.0741927601624273,95.05270958807792,110.2955728872001,121.57202778086264
2020-05-29,5816.4,5406.34,2852.35,410.0599999999995,1.0758479858832406,96.00126760493639,111.22485717165942,121.83386155699263
2020-06-01,5993.79,5569.48,2915.43,424.3100000000004,1.0761848502912301,98.92913791310633,114.58114316162387,124.5282293544281
2020-06-02,6002.84,5566.44,2921.4,436.40000000000055,1.0783984018510935,99.07851063022083,114.51860111547032,124.7832289700066
2020-06-03,5994.64,5572.31,2923.37,422.3299999999999,1.0757908300148413,98.94316739482429,114.6393648690629,124.86737457179713
2020-06-04,6006.76,5576.75,2919.25,430.0100000000002,1.07710763437486,99.14321129884942,114.7307091733135,124.69139493759558
2020-06-05,6015.33,5585.42,2930.8,429.90999999999985,1.076970039853762,99.28466148511141,114.90907744310013,125.18473590240819
2020-06-08,6001.43,5575.3,2937.77,426.1300000000001,1.0764317615195595,99.05523819584167,114.70087826314155,125.48244902143364
2020-06-09,6042.34,5610.38,2956.11,431.96000000000004,1.0769930022565317,99.73046889828956,115.42258055888726,126.26581467465125
2020-06-10,6049.32,5615.24,2943.75,434.0799999999999,1.0773039086486063,99.8456757011027,115.52256554056697,125.73787577204658
2020-06-11,6027.41,5589.1,2920.9,438.3099999999995,1.0784222862357087,99.48404517823218,114.98478623581234,124.7618722182831
2020-06-12,6031.17,5591.49,2919.74,439.6800000000003,1.078633780977879,99.54610500324328,115.03395580499225,124.71232455428458
2020-06-15,6028.96,5590.64,2890.03,438.3199999999997,1.0784024727043773,99.50962835077665,115.01646871971907,123.44330636687484
2020-06-16,6151.69,5695.3,2931.75,456.3899999999994,1.0801344968658366,101.53532045812035,117.16964324288739,125.22531373068281
2020-06-17,6178.14,5735.42,2935.87,442.72000000000025,1.0771905108954531,101.97188491863727,117.99503366778244,125.40129336488437
2020-06-18,6149.29,5734.4,2939.32,414.8900000000003,1.07235107421875,101.49570780385795,117.97404916545457,125.54865495177647
2020-06-19,6187.11,5787.15,2967.63,399.96000000000004,1.069111738938856,102.11993721394299,119.05927710446784,126.75787423436047
2020-06-22,6228.02,5784.03,2965.27,443.9900000000007,1.0767613584300222,102.7951679163909,118.99508921499447,126.65707036622558
2020-06-23,6238.9,5804.34,2970.62,434.5599999999995,1.0748681159270477,102.97474528238044,119.41292768781646,126.88558760966693
2020-06-24,6227.57,5789.09,2979.55,438.47999999999956,1.0757424742057904,102.7877405437167,119.09918880497375,127.26701919544847
2020-06-29,6211.38,5762.44,2961.52,448.9400000000005,1.0779079695406808,102.52052018017154,118.55091724905517,126.49689472829941
2020-06-30,6319.56,5864.42,2984.67,455.1400000000003,1.077610403074814,104.30606057104943,120.6489560210092,127.485712333097
2020-07-01,6339.37,5881.89,3025.98,457.47999999999956,1.077777721106651,104.63303002144035,121.00836705597719,129.25020716049173
2020-07-02,6413.95,5975.28,3090.57,438.6700000000001,1.0734141328941909,105.86399325264455,122.9296834014644,132.00907234813215
2020-07-03,6478.35,6051.51,3152.81,426.84000000000015,1.0705344616467625,106.92693280868575,124.49796635484796,134.66756080267217
2020-07-06,6726.0,6299.86,3332.88,426.1400000000003,1.0676427730140035,111.01446357038756,129.60728121084693,142.35898136836983
2020-07-07,6817.87,6380.03,3345.34,437.84000000000015,1.0686266365518657,112.53080296500717,131.25662194773213,142.8911916213192
2020-07-08,6974.0,6535.42,3403.44,438.5799999999999,1.0671081583127022,115.10777117750266,134.45346686608804,145.3728461715887
2020-07-09,7182.18,6693.75,3450.59,488.4300000000003,1.0729680672268909,118.54383882931403,137.7107965264477,147.38678785911378
2020-07-10,7150.42,6676.44,3383.32,473.9800000000005,1.0709929243728695,118.01963137124154,137.35467717811935,144.51345048223547
2020-07-13,7403.09,6899.52,3443.29,503.5699999999997,1.072986236723714,122.19001860144223,141.94411127546687,147.07497928395082
2020-07-14,7344.99,6807.73,3414.62,537.2600000000002,1.0789191110693286,121.23106226283986,140.05571179637627,145.85038314012593
2020-07-15,7131.46,6638.84,3361.3,492.6199999999999,1.0742027221623054,117.70669140256855,136.581130817799,143.57289913633298
2020-07-16,6758.14,6320.0,3210.1,438.1400000000003,1.0693259493670886,111.5449430320516,130.0216222666143,137.11461741514964
2020-07-17,6772.53,6344.59,3214.13,427.9399999999996,1.0674495909113118,111.78245390489991,130.5275133570472,137.28675283404098
2020-07-20,7003.67,6526.83,3314.15,476.84000000000015,1.073058437250549,115.59748261582163,134.2767444396212,141.5589574488079
2020-07-21,7058.79,6563.32,3320.89,495.47000000000025,1.0754907577262727,116.50725324204818,135.02745472387895,141.8468464620405
2020-07-22,7125.57,6620.69,3333.16,504.8800000000001,1.0762579126949003,117.60947534689956,136.20773011461242,142.37094114933495
2020-07-23,7119.67,6620.09,3325.11,499.5799999999999,1.0754642308488254,117.51209423850449,136.1953862897137,142.02709744658677
2020-07-24,6784.63,6283.98,3196.77,500.65000000000055,1.0796708455469306,111.98216770347287,129.28058131186057,136.54524641420142
2020-07-27,6786.53,6298.74,3205.23,487.78999999999996,1.0774424726215084,112.0135277214306,129.58423940436933,136.90660265336285
2020-07-28,6857.94,6359.66,3227.96,498.27999999999975,1.0783501004770695,113.19216923846322,130.8375490924203,137.8774805867127
2020-07-29,7060.53,6530.27,3294.55,530.2599999999993,1.08120031790416,116.5359724163884,134.34751570237395,140.7217727812471
2020-07-30,7048.98,6511.44,3286.82,537.54,1.0825531679628468,116.34533651775058,133.96012533096882,140.39159739960192
2020-07-31,7141.59,6579.67,3310.01,561.9200000000001,1.0854024593938603,117.87388981410112,135.3638239523693,141.3821235445374
2020-08-03,7373.34,6739.81,3367.97,633.5299999999997,1.0939981987622796,121.69898674131451,138.65839081784014,143.85779820432433
2020-08-04,7326.19,6697.71,3371.69,628.4799999999996,1.093835057056815,120.92076313778435,137.7922657707793,144.0166924371471
2020-08-05,7427.19,6772.84,3377.56,654.3499999999995,1.0966138281725244,122.5877956713272,139.33791837851516,144.26742070238086
2020-08-06,7432.77,6770.3,3386.46,662.4700000000003,1.0978494306013027,122.67989509248729,139.28566285311055,144.64757088305896
2020-08-07,7339.81,6688.88,3354.04,650.9300000000003,1.0973152456016553,121.14556495072351,137.610605814353,143.2627991013079
2020-08-10,7358.86,6725.3,3379.25,633.5599999999995,1.0942054629533253,121.45999039393134,138.35987598570588,144.33960652320624
2020-08-11,7213.45,6600.85,3340.29,612.5999999999995,1.0928062295007461,119.05995870380792,135.79956097129445,142.67548842891193
2020-08-12,7092.36,6528.4,3319.27,563.96,1.0863856381349182,117.06133524354354,134.3090441147729,141.77765058645642
2020-08-13,7113.93,6552.66,3320.73,561.2700000000004,1.085655291133677,117.4173539737269,134.8081461015115,141.840012301489
2020-08-14,7183.96,6623.56,3360.1,560.3999999999996,1.0846070693101595,118.57321821455864,136.26677474371135,143.52164293219658
2020-08-17,7339.69,6744.55,3438.8,595.1399999999994,1.0882401346272175,121.14358431801038,138.75590703454012,146.8831956534739
2020-08-18,7410.24,6789.4,3451.09,620.8400000000001,1.091442542787286,122.30803130059897,139.6786079457201,147.4081446108373
2020-08-19,7256.13,6666.27,3408.13,589.8599999999997,1.0884842648137563,119.76440373877435,137.1454493460859,145.57317250275503
2020-08-20,7151.26,6593.79,3363.9,557.4700000000003,1.084544700392339,118.0334958002334,135.6543152983194,143.68395424529513
2020-08-21,7194.27,6643.94,3380.68,550.3300000000008,1.082831873857982,118.7433875751609,136.68605332943818,144.40068683313544
2020-08-24,7253.64,6688.96,3385.64,564.6800000000003,1.0844197005214562,119.7233056099771,137.61225165767283,144.61254581023246
2020-08-25,7213.68,6652.55,3373.58,561.1300000000001,1.08434810711682,119.06375491650809,136.86318721673496,144.09742095866187
2020-08-26,7037.98,6525.88,3329.74,512.0999999999995,1.0784721754000992,116.16377851904791,134.25720005019824,142.22486096754628
2020-08-27,7113.8,6578.79,3350.11,535.0100000000002,1.081323465257289,117.41520828828769,135.34571967585117,143.09493503276127
2020-08-28,7204.78,6691.21,3403.81,513.5699999999997,1.0767529340732094,118.916857990285,137.65854100104306,145.38865016786409
2020-08-31,7224.05,6668.43,3395.68,555.6199999999999,1.0833209616056554,119.2349145934669,137.18988711572132,145.04138938484013
2020-09-01,7258.89,6710.46,3410.61,548.4300000000003,1.0817276311907082,119.80995829117612,138.0545720498773,145.67910199130353
2020-09-02,7272.62,6717.56,3404.8,555.0599999999995,1.0826282161975478,120.03657568410229,138.20064064451228,145.4309365362766
2020-09-03,7189.86,6662.25,3384.98,527.6099999999997,1.0791939660024765,118.67059932295372,137.0627457192644,144.58435489795744
2020-09-04,7182.11,6618.58,3355.37,563.5299999999997,1.0851436410831325,118.54268346023136,136.1643209970519,143.31960806089236
2020-09-07,7057.19,6478.81,3292.59,578.3799999999992,1.0892725670300563,116.48084480587322,133.28882698689293,140.638054314491
2020-09-08,7103.09,6525.1,3316.42,577.9899999999998,1.0885794853718715,117.23843681864172,134.2411530778299,141.65591710163253
2020-09-09,6877.6,6349.22,3254.63,528.3800000000001,1.0832196710777071,113.51666289796276,130.6227665391824,139.01664972364364
2020-09-10,6633.89,6235.57,3234.82,398.3200000000006,1.0638786831035496,109.49416291034171,128.2846403729481,138.170495220359
2020-09-11,6742.06,6311.97,3260.35,430.09000000000015,1.0681387902667472,111.27953824849348,129.8564207433863,139.26097096336036
2020-09-14,6848.36,6351.24,3278.81,497.1199999999999,1.0782713296930992,113.0340487268658,130.66432408300813,140.04946223699162
2020-09-15,6881.59,6387.88,3295.68,493.71000000000004,1.0772885526966693,113.58251893567399,131.4181203234905,140.77003904014217
2020-09-16,6812.91,6353.84,3283.92,459.0699999999997,1.07225079636881,112.44893681286487,130.7178139909026,140.26772823960567
2020-09-17,6825.15,6367.02,3270.44,458.1299999999992,1.0719535983866864,112.65096134960314,130.9889666778447,139.69195021314042
2020-09-18,6929.77,6469.47,3338.09,460.3000000000002,1.0711495686663668,114.37774296999177,133.0966747793027,142.5815187213286
2020-09-21,6927.19,6445.96,3316.94,481.22999999999956,1.0746560636429638,114.33515936665968,132.6130025736875,141.67812812342495
2020-09-22,6815.78,6358.65,3274.3,457.1300000000001,1.0718910460553734,112.49630694525365,130.81677032050743,139.85682433644575
2020-09-23,6862.97,6392.03,3279.71,470.9400000000005,1.073676124799164,113.2751907596882,131.50349844570673,140.08790439009388
2020-09-24,6675.15,6244.64,3223.18,430.5099999999993,1.0689407235645287,110.17517045820287,128.4712378593339,137.67331004023612
2020-09-25,6634.39,6236.89,3219.42,397.5,1.0637336877834946,109.50241554664638,128.31179678772534,137.5127072672755
2020-09-28,6550.37,6178.47,3217.53,371.89999999999964,1.0601928956521598,108.11564254201005,127.10991970341905,137.4319787457607
2020-09-29,6621.03,6228.77,3224.36,392.2599999999993,1.0629755152301337,109.28190510458566,128.1447436907625,137.72371197430357
2020-09-30,6617.16,6192.5,3218.05,424.65999999999985,1.0685765038352846,109.21802969958753,127.39855947563431,137.45418976755312
2020-10-09,6822.36,6357.97,3272.08,464.3899999999994,1.0730406088735869,112.60491163902309,130.80278065228887,139.76200035879341
2020-10-12,7036.28,6541.18,3358.47,495.09999999999945,1.0756897073616687,116.13571955561204,134.57196758511583,143.452019921578
2020-10-13,7053.87,6551.4,3359.75,502.47000000000025,1.076696583936258,116.42604730081023,134.78222406922418,143.50669320599013
2020-10-14,6988.61,6508.37,3340.78,480.2399999999998,1.0737880606050363,115.34891321032504,133.8969660935703,142.69641804560095
2020-10-15,6926.85,6460.04,3332.18,466.8100000000004,1.0722611624695824,114.32954757397252,132.90267099797768,142.32908191595692
2020-10-16,6906.39,6428.68,3336.36,477.71000000000004,1.0743091894448005,113.99184969638551,132.2575004166041,142.5076243603653
2020-10-19,6858.36,6358.32,3312.67,500.03999999999996,1.0786434152417619,113.19910145295916,130.8099812168131,141.49574146370637
2020-10-20,6923.38,6423.11,3328.1,500.27000000000044,1.0778859462160855,114.27227427801812,132.1429085754609,142.15481082189322
2020-10-21,6815.09,6350.01,3325.02,465.0799999999999,1.0732408295420006,112.48491830715321,130.6390192419657,142.02325323127653
2020-10-22,6771.81,6317.14,3312.5,454.6700000000001,1.0719740262207265,111.77057010862121,129.96278336793034,141.48848016812036
2020-10-23,6641.33,6213.26,3278.0,428.0699999999997,1.0688961994186625,109.61696213855517,127.82565581713037,140.01486429919956
2020-10-26,6648.52,6214.38,3251.12,434.1400000000003,1.0698605492422415,109.73563504861627,127.848697623608,138.86672532654472
2020-10-27,6682.54,6221.34,3254.32,461.1999999999998,1.0741319394214108,110.29714442278586,127.99188599243325,139.0034085375751
2020-10-28,6685.43,6246.0,3269.24,439.4300000000003,1.0703538264489274,110.34484466062683,128.49921719577102,139.640694009004
2020-10-29,6674.74,6255.19,3272.73,419.5500000000002,1.0670723031594564,110.16840329643304,128.68828344713654,139.78976413603397
2020-10-30,6511.16,6111.48,3224.53,399.6800000000003,1.0653982341429573,107.46847080299801,125.73173165347593,137.73097326988957
2020-11-02,6513.79,6143.12,3225.12,370.6700000000001,1.0603390459571032,107.51187966996056,126.38266268646892,137.75617423692324
2020-11-03,6647.58,6241.77,3271.07,405.8099999999995,1.0650152120312026,109.72012009236349,128.41219323023498,139.718859720312
2020-11-04,6632.68,6234.16,3277.44,398.52000000000044,1.0639252120574385,109.4741915304844,128.2556323844361,139.99094473726925
2020-11-05,6754.95,6351.98,3320.13,402.97000000000025,1.0634400612092607,111.4922912124278,130.67954813371654,141.81438419942083
2020-11-06,6688.66,6301.25,3312.16,387.40999999999985,1.0614814520928386,110.39815669115498,129.63587773852902,141.47395757694838
2020-11-09,6851.98,6421.65,3373.73,430.3299999999999,1.0670123722096345,113.09379781371159,132.11287193487397,144.10382798417893
2020-11-10,6779.49,6373.09,3360.15,406.39999999999964,1.0637681250382467,111.89733060226088,131.11384503973684,143.52377860736897
2020-11-11,6663.73,6294.61,3342.2,369.1199999999999,1.058640646521389,109.98668024500427,129.49927274298304,142.75707122049565
2020-11-12,6676.42,6315.49,3338.68,360.9300000000003,1.0571499598605967,110.19613215441673,129.92883784945883,142.60671968836226
2020-11-13,6686.39,6306.97,3310.1,379.4200000000001,1.0601588401403528,110.3606897223318,129.75355553589688,141.3859677598476
2020-11-16,6747.81,6387.37,3346.97,360.4400000000005,1.0564301112977643,111.37444356599717,131.4076280723266,142.96081463193775
2020-11-17,6681.72,6336.94,3339.9,344.78000000000065,1.0544079634650163,110.2836100992462,130.3701295895884,142.65883016256763
2020-11-18,6682.12,6341.01,3347.3,341.1099999999997,1.0537942693671827,110.29021220828994,130.4538618684848,142.97491008807526
2020-11-19,6718.46,6360.6,3363.09,357.8599999999997,1.0562619878627801,110.89001381491317,130.8568877514283,143.64935630750307
2020-11-20,6766.06,6422.99,3377.73,343.0700000000006,1.0534128186405398,111.67566479111753,132.14043981048115,144.27468199796684
2020-11-23,6807.72,6472.93,3414.49,334.78999999999996,1.051721554226602,112.36327444802244,133.16785750288537,145.8448303846778
2020-11-24,6808.0,6475.19,3402.82,332.8100000000004,1.0513977196035946,112.36789592435304,133.2143525766706,145.34636379945158
2020-11-25,6691.87,6350.37,3362.33,341.5,1.0537763941313656,110.45113861623095,130.64642553690496,143.61689404488337
2020-11-26,6643.18,6334.3,3369.73,308.8800000000001,1.048763083529356,109.64749689288244,130.315816760034,143.93297397039103
2020-11-27,6641.77,6351.61,3408.31,290.16000000000076,1.0456829055940149,109.62422445850328,130.67193610836233,145.58086093337548
2020-11-30,6622.36,6320.94,3391.76,301.4200000000001,1.047685945444823,109.30385711715607,130.0409609256223,144.873952451328
2020-12-01,6713.23,6426.62,3451.94,286.6099999999997,1.044597315540673,110.80369123916634,132.21511995111845,147.44445108876724
2020-12-02,6735.71,6434.98,3449.38,300.7300000000005,1.0467336339817686,111.1747297674242,132.38711057804076,147.33510451994294
2020-12-03,6711.84,6440.88,3442.14,270.96000000000004,1.042068785631777,110.78074891023937,132.50849152287827,147.0258587549868
2020-12-04,6746.63,6464.73,3444.58,281.90000000000055,1.0436058427807504,111.35496734431814,132.99915856260273,147.13007970339746
2020-12-07,6733.0,6424.68,3416.6,308.3199999999997,1.047989938798508,111.13000047865292,132.17520825061257,145.93495587695097
2020-12-08,6734.37,6423.65,3410.18,310.72000000000025,1.048371253103765,111.15261270212768,132.15401801786976,145.66073518482133
2020-12-09,6602.52,6307.22,3371.96,295.3000000000002,1.0468193594008137,108.97639250858688,129.75869879627135,144.02822508307779
2020-12-10,6605.19,6320.1,3373.28,285.08999999999924,1.0451084634736791,109.02046158645378,130.02367957076407,144.0846069076278
2020-12-11,6498.24,6209.43,3347.19,288.8099999999995,1.0465115155497364,107.25522268088541,127.74686106819348,142.97021160269608
2020-12-14,6576.82,6259.02,3369.12,317.7999999999993,1.050774721921323,108.55220700252694,128.76707819607344,143.90691873328836
2020-12-15,6596.5,6265.58,3367.23,330.9200000000001,1.0528155414183524,108.87703076747867,128.90203734829956,143.82619021177356
2020-12-16,6543.36,6235.44,3366.98,307.9200000000001,1.0493822408683269,107.9999405810186,128.28196587755338,143.81551183591182
2020-12-17,6597.86,6308.9,3404.87,288.96000000000004,1.0458019623072168,108.89947793822736,129.79326150598777,145.43392648151786
2020-12-18,6573.4,6291.92,3394.9,281.47999999999956,1.044736741725896,108.49575897020303,129.44393126135375,145.00807285215149
2020-12-21,6691.59,6398.6,3420.57,292.9899999999998,1.0457897039977495,110.44651713990035,131.6386633283478,146.10452848563546
2020-12-22,6549.97,6250.06,3356.78,299.90999999999985,1.0479851393426622,108.10904043296632,128.5827437442524,143.37983410075265
2020-12-23,6601.24,6307.6,3382.32,293.6399999999994,1.0465533641955735,108.95526575964692,129.76651655204057,144.4707369787885
2020-12-24,6496.33,6205.22,3363.11,291.1099999999997,1.04691372747461,107.22369761020158,127.66024856348739,143.650210577572
2020-12-25,6561.27,6278.5,3396.56,282.77000000000044,1.0450378275065701,108.29555001345182,129.1678410444522,145.07897726787346
2020-12-28,6519.47,6244.48,3397.29,274.9900000000007,1.0440372937378293,107.6056296183816,128.46794617269424,145.11015812538977
2020-12-29,6477.26,6199.85,3379.04,277.40999999999985,1.04474463091849,106.90894206154155,127.54977133064378,144.33063668748238
2020-12-30,6526.88,6269.25,3414.45,257.6300000000001,1.0410942297723014,107.72793368841675,128.97754041059676,145.84312184453992
2020-12-31,6646.47,6367.11,3473.07,279.3600000000006,1.043875478827914,109.70179923976715,130.9908182515795,148.3469874166019
2021-01-04,6798.76,6482.79,3502.96,315.97000000000025,1.0487398172700335,112.21538720544277,133.3707076920545,149.6236940346321
2021-01-05,6807.45,6539.73,3528.68,267.72000000000025,1.0409374698955463,112.3588180244179,134.5421366749439,150.72228534328843
2021-01-06,6724.95,6528.14,3550.88,196.8099999999995,1.0301479441311001,110.99713303414775,134.30369512398346,151.67052511981137
2021-01-07,6616.55,6538.12,3576.2,78.43000000000029,1.0119958030748901,109.20796148329583,134.5090140781323,152.7520310270889
2021-01-08,6585.36,6557.6,3570.11,27.75999999999931,1.0042332560692935,108.69316203061068,134.90977692651106,152.49190579109683
2021-01-11,6475.95,6455.4,3531.5,20.550000000000182,1.0031833813551445,106.88732015442332,132.8072120854275,150.8427374230089
2021-01-12,6564.74,6543.23,3608.34,21.51000000000022,1.0032873672482856,108.35282330940619,134.61414232018646,154.12484302787485
2021-01-13,6513.64,6496.91,3598.65,16.730000000000473,1.0025750703026517,107.50940387906918,133.6611990380046,153.7109491794736
2021-01-14,6506.83,6439.89,3565.9,66.9399999999996,1.0103945874851898,107.3970029725996,132.48812421179537,152.31208194158503
2021-01-15,6528.46,6417.5,3566.38,110.96000000000004,1.0172902220490845,107.75401201913952,132.02749381265778,152.33258442323958
2021-01-18,6652.1,6514.46,3596.22,137.64000000000033,1.0211283820915318,109.79472392455772,134.0222559162924,153.60715536609743
2021-01-19,6614.07,6476.37,3566.38,137.69999999999982,1.0212619106073308,109.16702840722468,133.2386287656381,152.33258442323958
2021-01-20,6671.45,6535.42,3583.09,136.02999999999975,1.0208142705442036,110.11410094954832,134.45346686608804,153.0463270658386
2021-01-21,6745.11,6622.5,3621.26,122.60999999999967,1.0185141562853908,111.32987932995195,136.2449673197236,154.67670149240985
2021-01-22,6721.92,6637.81,3606.75,84.10999999999967,1.0126713479295129,110.94712205814147,136.55994058505618,154.05692855739414
2021-01-25,6657.27,6645.31,3624.24,11.960000000000036,1.0017997655489361,109.88005618394796,136.71423839629028,154.8039877326818
2021-01-26,6534.1,6532.96,3569.43,1.1400000000003274,1.0001744997673336,107.84710175665617,134.40285718400324,152.46286060875286
2021-01-27,6537.75,6557.16,3573.34,-19.409999999999854,0.9970398770199294,107.90734600168024,134.90072478825198,152.62987040723056
2021-01-28,6399.13,6414.38,3505.18,-15.25,0.9976225293793008,105.61938511257421,131.9633059231844,149.7185180122844
2021-01-29,6304.12,6346.14,3483.07,-42.02000000000044,0.9933786522200896,104.0512191619613,130.55940157136894,148.7741224510717
2021-02-01,6345.81,6393.28,3505.28,-47.469999999999345,0.9925750162670806,104.73932397704446,131.5292147475791,149.72278936262913
2021-02-02,6417.46,6454.79,3533.68,-37.32999999999993,0.9942166979870762,105.92192675950332,132.7946625301138,150.93585286052334
2021-02-03,6307.39,6399.33,3517.31,-91.9399999999996,0.9856328709411767,104.10519140339383,131.65368164864125,150.23663280909628
2021-02-04,6167.75,6328.79,3501.86,-161.03999999999996,0.9745543776930503,101.80039513622627,130.20245930138066,149.57670918084045
2021-02-05,6045.3,6239.87,3496.33,-194.5699999999997,0.9688182606368403,99.7793245052132,128.373104451389,149.34050350677865
2021-02-08,6088.82,6323.16,3532.45,-234.34000000000015,0.9629394163677655,100.49763396917145,130.0866330777476,150.88331525128353
2021-02-09,6254.01,6457.88,3603.49,-203.8699999999999,0.9684308163050414,103.22413995150752,132.85823322834224,153.91768253615697
2021-02-10,6303.31,6525.17,3655.09,-221.85999999999967,0.9659993532735546,104.03784989114773,134.24259319073474,156.12169931402116
2021-02-18,6404.59,6614.54,3675.36,-209.94999999999982,0.9682593196201097,105.70950390102118,136.08120590940044,156.9875020288914
2021-02-19,6527.65,6703.48,3696.17,-175.82999999999993,0.9737703401815176,107.74064274832595,137.91097222022205,157.87637003562307
2021-02-22,6534.57,6657.06,3642.44,-122.49000000000069,0.9815999855792196,107.85485923478255,136.95597163389039,155.58137349541684
2021-02-23,6489.96,6631.23,3636.36,-141.26999999999953,0.9786962599698699,107.1185590236801,136.42456997200009,155.32167539445922
2021-02-24,6437.84,6536.19,3564.08,-98.34999999999945,0.9849530077920012,106.25830421528157,134.4693081080414,152.23434336531153
2021-02-25,6399.35,6499.15,3585.05,-99.79999999999927,0.9846441457729089,105.62301627254827,133.70728265095983,153.1300455325947
2021-02-26,6325.4,6364.35,3509.08,-38.95000000000073,0.9938799720317077,104.40245136308792,130.93403665704534,149.8851006757276
2021-03-01,6495.16,6488.44,3551.4,6.720000000000255,1.0010356880852718,107.20438644124866,133.48694537651753,151.6927361416038
2021-03-02,6466.63,6433.33,3508.59,33.30000000000018,1.0051761684850615,106.73349101370432,132.35316505956925,149.86417105903863
2021-03-03,6553.6,6524.75,3576.9,28.850000000000364,1.0044216253496303,108.16895457253821,134.23395251330564,152.78193047950182
2021-03-04,6434.89,6401.99,3503.49,32.900000000000546,1.0051390270837661,106.20961366108403,131.70840593902562,149.646332191459
2021-03-05,6456.28,6403.5,3501.99,52.779999999999745,1.0082423674552978,106.56266144219771,131.73947123168745,149.58226193628855
2021-03-08,6327.65,6256.41,3421.41,71.23999999999978,1.0113867217781443,104.43958822645894,128.71338255776396,146.1404078285309
2021-03-09,6126.28,6108.0,3359.29,18.279999999999745,1.0029927963326783,101.11592148111714,125.6601374690633,143.48704499440456
2021-03-10,6078.24,6062.26,3357.74,15.979999999999563,1.002635980640883,100.32300818496469,124.7191265509502,143.4208390640617
2021-03-11,6219.66,6213.83,3436.83,5.829999999999927,1.0009382297230534,102.65718383737685,127.83738245078415,146.79905005168334
2021-03-12,6220.48,6222.38,3453.08,-1.9000000000005457,0.9996946505999311,102.67071816091648,128.01328195559105,147.49314448269678
2021-03-15,6177.74,6173.87,3419.95,3.869999999999891,1.0006268353561056,101.96528280959352,127.0152837125288,146.07804611349832
2021-03-16,6233.46,6195.24,3446.73,38.220000000000255,1.0061692525229047,102.88495659938567,127.45492960933854,147.22191373580844
2021-03-17,6277.58,6225.36,3445.55,52.220000000000255,1.0083882699153142,103.61316922690953,128.07458961925474,147.17151180174102
2021-03-18,6298.89,6273.86,3463.07,25.030000000000655,1.0039895694197831,103.96489658621446,129.072382131902,147.9198523821321
2021-03-19,6250.81,6206.6,3404.66,44.210000000000036,1.0071230625463217,103.17132307915764,127.68863936075448,145.424956645794
2021-03-22,6359.6,6305.69,3443.44,53.910000000000764,1.0085494212370099,104.9669316863272,129.72722204277957,147.0813863094679
2021-03-23,6289.0,6219.17,3411.51,69.82999999999993,1.0112281863978634,103.80165944010815,127.94724249238286,145.71754414440582
2021-03-24,6196.27,6142.54,3367.06,53.73000000000047,1.008747195785457,102.27112551104452,126.37073032240014,143.81892891618756
2021-03-25,6190.71,6157.41,3363.59,33.30000000000018,1.0054081180236496,102.1793561953366,126.67665144947364,143.67071305922656
2021-03-26,6301.34,6251.79,3418.33,49.55000000000018,1.0079257300709077,104.00533450410734,128.61833510604376,146.0088502379142
2021-03-29,6326.61,6254.94,3435.3,71.67000000000007,1.0114581434833907,104.42242274294522,128.68314018676207,146.7336983914095
2021-03-30,6301.58,6280.36,3456.68,21.220000000000255,1.0033787872032813,104.00929576953357,129.20610690163824,147.6469130951059
2021-03-31,6293.39,6254.07,3441.91,39.32000000000062,1.0062871058366794,103.87411758686314,128.6652416406589,147.01603464919398
2021-04-01,6335.79,6311.66,3466.33,24.13000000000011,1.00382308299243,104.57394114549894,129.85004310052196,148.05909840336923
2021-04-02,6361.25,6326.61,3484.39,34.64000000000033,1.0054752861326999,104.9941653861326,130.1576100709153,148.8305042756217
2021-04-06,6421.49,6343.1,3482.97,78.38999999999942,1.0123583106052245,105.98844300811894,130.49685952521537,148.76985110072698
2021-04-07,6422.76,6348.08,3479.63,74.68000000000029,1.011764186966768,106.0094047043328,130.59931327187482,148.62718799921407
2021-04-08,6404.13,6356.75,3482.55,47.38000000000011,1.0074534943170645,105.70191147562089,130.77768154166145,148.75191142927926
2021-04-09,6399.52,6335.24,3450.68,64.28000000000065,1.010146419078046,105.62582216889184,130.335155419042,147.39063207442402
2021-04-12,6263.4,6226.42,3412.95,36.97999999999956,1.0059392074418365,103.37912446130917,128.0963970432425,145.77905158936946
2021-04-13,6231.14,6209.78,3396.47,21.360000000000582,1.0034397353851505,102.84666436693202,127.75406163271772,145.07513305256325
2021-04-14,6320.07,6277.21,3416.72,42.85999999999967,1.0068278741670265,104.31447826008018,129.14130182091992,145.94008149736456
2021-04-15,6296.61,6276.46,3398.99,20.149999999999636,1.0032104084149345,103.92726456466517,129.12587203979652,145.18277108124963
2021-04-16,6368.85,6339.59,3426.62,29.26000000000022,1.0046154404306904,105.11960545796354,130.42464814955778,146.3629451814897
2021-04-19,6477.39,6425.26,3477.55,52.13000000000011,1.0081132903571217,106.91108774698077,132.18714061468134,148.53834391204435
2021-04-20,6457.63,6428.54,3472.94,29.090000000000146,1.0045251332339846,106.5849435602203,132.25462019079438,148.34143466115378
2021-04-21,6457.71,6420.26,3472.93,37.44999999999982,1.0058330971019864,106.58626398202907,132.08427540719194,148.3410075261193
2021-04-22,6485.21,6445.47,3465.11,39.73999999999978,1.0061655705479973,107.04015897878578,132.60292178335357,148.00698792916393
2021-04-23,6453.3,6462.76,3474.17,-9.460000000000036,0.9985362291033553,106.51347572982188,132.95862967085193,148.39397227039356
2021-04-26,6431.09,6442.65,3441.17,-11.55999999999949,0.9982057072788372,106.14689362516856,132.54490580632952,146.98442665664325
2021-04-27,6400.9,6446.28,3442.61,-45.38000000000011,0.9929602809682483,105.64859944509273,132.61958594696682,147.0459341016069
2021-04-28,6437.25,6489.74,3457.07,-52.48999999999978,0.9919118485486322,106.24856610444206,133.51369033046475,147.66357136145024
2021-04-29,6405.1,6491.93,3474.9,-86.82999999999993,0.9866249328011855,105.71792159005196,133.55874529134516,148.42515312790988
2021-04-30,6382.14,6485.71,3446.86,-103.56999999999971,0.9840310467165507,105.3389605309416,133.4307809732283,147.22746649125656
2021-05-06,6398.44,6489.35,3441.28,-90.91000000000076,0.9859908927704623,105.60799647447377,133.5056668442806,146.98912514202243
2021-05-07,6320.25,6444.44,3418.87,-124.1899999999996,0.9807291246407757,104.31744920914987,132.5817315506107,146.0319155297756
2021-05-10,6338.57,6475.99,3427.99,-137.42000000000007,0.9787800784127214,104.61982580335287,133.2308110098689,146.42146268121203
2021-05-11,6343.86,6456.04,3441.85,-112.18000000000029,0.9826240233951462,104.70713869545625,132.82037883198618,147.0134718389872
2021-05-12,6420.34,6512.05,3462.75,-91.71000000000004,0.9859168771738546,105.9694619446182,133.97267488628253,147.90618406102908
2021-05-13,6375.01,6439.03,3429.54,-64.01999999999953,0.990057508662019,105.22127793723706,132.47043139610716,146.48766861155485
2021-05-14,6462.48,6525.8,3490.38,-63.32000000000062,0.9902969750835146,106.66499413237558,134.2555542068784,149.08635816126912
2021-05-17,6457.28,6578.14,3517.62,-120.86000000000058,0.9816270252685408,106.57916671480704,135.33234719887756,150.24987399516482
2021-05-18,6486.82,6599.6,3529.01,-112.78000000000065,0.9829110855203345,107.06673246768679,135.77384466942212,150.73638079942594
2021-05-19,6488.95,6584.39,3510.96,-95.44000000000051,0.9855051113314977,107.10188869834467,135.46092870823932,149.96540206220797
2021-05-20,6482.84,6548.71,3506.94,-65.86999999999989,0.9899415304693596,107.00104148270164,134.7268825875949,149.7936937783511
2021-05-21,6480.37,6527.86,3486.56,-47.48999999999978,0.9927250278039051,106.96027345935659,134.29793467236405,148.92319257810163
2021-05-24,6537.86,6544.12,3497.28,-6.260000000000218,0.9990434160742774,107.90916158166726,134.6324523271196,149.38108133505327
2021-05-25,6615.71,6619.67,3581.34,-3.9600000000000364,0.9994017828683303,109.19409705430401,136.1867456122846,152.9715784348064
2021-05-26,6644.75,6628.21,3593.36,16.539999999999964,1.002495394684236,109.67341017087908,136.3624393866765,153.4849947462391
2021-05-27,6705.05,6685.41,3608.85,19.640000000000327,1.0029377405424649,110.66867810922199,137.53921736035534,154.14662691463278
2021-05-28,6694.35,6668.17,3600.78,26.18000000000029,1.003926114661144,110.4920716923021,137.18453812493186,153.80192894181567
2021-05-31,6814.36,6728.99,3615.48,85.36999999999989,1.0126868965476246,112.47286945814841,138.43579050883304,154.42981744248627
2021-06-01,6854.73,6739.76,3624.71,114.96999999999935,1.0170584709247805,113.13918731338725,138.65736216576525,154.8240630793019
2021-06-02,6759.46,6681.43,3597.14,78.02999999999975,1.0116786376569087,111.56672999189593,137.45733665519379,153.64645178926867
2021-06-03,6754.07,6667.73,3584.21,86.34000000000015,1.012948934644924,111.47776657253159,137.17548598667278,153.09416618969922
2021-06-04,6785.8,6693.06,3591.84,92.73999999999978,1.0138561435277735,112.00147887242579,137.69660112781418,153.4200702209997
2021-06-07,6861.85,6721.5,3599.54,140.35000000000036,1.0208807557836792,113.25670485436574,138.28169842801393,153.74896419754143
2021-06-08,6809.86,6684.56,3580.11,125.29999999999927,1.018744689254042,112.39859573140637,137.52173027508218,152.9190408255666
2021-06-09,6823.41,6692.9,3591.4,130.51000000000022,1.0194997684113016,112.62224217526288,137.69330944117448,153.401276279483
2021-06-10,6898.21,6765.64,3610.86,132.5699999999997,1.0195945985893426,113.85683656644115,139.18979247973041,154.23248105656126
2021-06-11,6852.97,6725.92,3589.75,127.05000000000018,1.0188896091538406,113.11013803359484,138.37263127143456,153.3307989987955
2021-06-15,6815.12,6663.66,3556.56,151.46000000000004,1.0227292508921524,112.48541346533149,137.09175370777643,151.91313781939022
2021-06-16,6673.24,6566.29,3518.33,106.94999999999982,1.0162877363016254,110.14364538751904,135.08855665712764,150.2802005826122
2021-06-17,6787.67,6616.17,3525.6,171.5,1.0259213411989112,112.03234373220525,136.114739967042,150.59072775267174
2021-06-18,6863.72,6657.76,3525.1,205.96000000000004,1.030935329600346,113.28756971414519,136.9703727629389,150.56937100094825
2021-06-21,6968.3,6707.18,3529.18,261.1199999999999,1.0389314137983474,115.01369112362944,137.98709247376425,150.74364209501192
2021-06-22,7000.25,6739.79,3557.41,260.46000000000004,1.0386451209904166,115.54103458349769,138.65797935701016,151.94944429732016
2021-06-23,7046.17,6789.95,3566.22,256.22000000000025,1.0377351821441985,116.29895670171837,139.68992311854393,152.32575026268805
2021-06-24,6974.64,6754.87,3566.65,219.77000000000044,1.0325350450859898,115.11833455197262,138.96822082279823,152.34411706917027
2021-06-25,7000.43,6813.41,3607.56,187.02000000000044,1.027448810507514,115.54400553256738,140.17256667208423,154.0915264951862
2021-06-28,7063.47,6828.52,3606.37,234.94999999999982,1.0344071628991347,116.58449791785985,140.48342532911727,154.04069742608428
2021-06-29,7004.3,6765.42,3573.18,238.8800000000001,1.0353089682532644,115.60788093756551,139.1852664106009,152.62303624667902
2021-06-30,7083.7,6808.18,3591.2,275.5199999999995,1.0404689652741261,116.9183995827467,140.06496966505034,153.39273357879358
2021-07-01,6969.53,6716.67,3588.78,252.85999999999967,1.0376466314408777,115.03399260893892,138.18233063757916,153.2893669004519
2021-07-02,6908.93,6658.05,3518.76,250.8800000000001,1.0376807023077328,114.03377308881322,136.9763389449733,150.29856738909442
2021-07-05,7006.7,6711.01,3534.32,295.6899999999996,1.0440604320363105,115.64749359182791,138.06588722270115,150.9631895027294
2021-07-06,6979.06,6709.5,3530.26,269.5600000000004,1.040175870035025,115.19128785690589,138.03482193003933,150.7897726787347
2021-07-07,7089.66,6764.13,3553.72,325.52999999999975,1.0481259230677116,117.01677100749835,139.15872718706862,151.7918314696008
2021-07-08,7099.41,6748.65,3525.5,350.7600000000002,1.051974839412327,117.17769741543935,138.8402565046814,150.58645640232703
2021-07-09,7142.9,6804.54,3524.09,338.3599999999997,1.049725624362558,117.89551172121932,139.99008379399805,150.5262303624668
2021-07-12,7284.23,6904.38,3547.84,379.84999999999945,1.055015801563645,120.22820189909666,142.04409625714658,151.54067606933256
2021-07-13,7331.73,6961.85,3566.52,369.8799999999992,1.0531295560806393,121.01220234804006,143.22642895202986,152.33856431372215
2021-07-14,7243.82,6898.75,3528.5,345.0699999999997,1.050019206377967,119.56122383295342,141.92827003351348,150.714596912668
2021-07-15,7241.62,6932.41,3564.59,309.21000000000004,1.044603536143996,119.52491223321289,142.62075861033222,152.2561272520695
2021-07-16,7228.36,6925.12,3539.3,303.2399999999998,1.0437884108867428,119.30605231841311,142.47078113781265,151.17590274989536
2021-07-19,7205.27,6889.34,3539.12,315.9300000000003,1.0458578035051254,118.92494557386357,141.7346777130184,151.1682143192749
2021-07-20,7253.28,6901.13,3536.79,352.14999999999964,1.0510278751450848,119.71736371183775,141.97723387227845,151.06869185624342
2021-07-21,7398.81,6984.54,3562.66,414.27000000000044,1.0593124242970906,122.11937603467429,143.69323126361678,152.1736901904168
2021-07-22,7446.48,7026.55,3574.73,419.9299999999994,1.0597633262411852,122.90618237996127,144.55750473694283,152.68924217702184
2021-07-23,7379.79,6985.75,3550.4,394.03999999999996,1.0564062555917404,121.80544574964472,143.7181246438292,151.65002263815683
2021-07-26,7286.15,6868.21,3467.44,417.9399999999996,1.060851371754795,120.25989202250658,141.29996934616818,148.1065103921954
2021-07-27,7093.87,6719.26,3381.18,374.6099999999997,1.0557516750356437,117.08625820518364,138.23561481505865,144.42204358485893
2021-07-28,6945.51,6621.98,3361.59,323.53000000000065,1.0488569883931997,114.6375359608627,136.23426933814468,143.5852860523326
2021-07-29,7207.48,6758.89,3411.72,448.58999999999924,1.066370365548189,118.9614222263302,139.05092444961974,145.72651398012968
2021-07-30,7262.38,6767.32,3397.36,495.0600000000004,1.0731545131603057,119.8675616925827,139.22435518944687,145.11314807063107
2021-08-02,7402.35,6872.0,3464.29,530.3500000000004,1.0771754947613505,122.17780469971133,141.37794117344515,147.9719628563374
2021-08-03,7308.96,6816.01,3447.99,492.9499999999998,1.0723223704190574,120.63637729072552,140.22605657997875,147.27573275015163
2021-08-04,7478.21,6931.34,3477.22,546.8699999999999,1.0788981639913782,123.42989467985548,142.59874545592947,148.52424845590687
2021-08-05,7447.94,6911.83,3466.55,536.1099999999997,1.0775641183304565,122.9302800779709,142.1973654163058,148.0684953741276
2021-08-06,7482.17,6938.87,3458.23,543.3000000000002,1.0782980514118294,123.49525555938845,142.75366045840852,147.71311902544872
2021-08-09,7507.08,6979.53,3494.63,527.5500000000002,1.0755853187822102,123.90640190008698,143.5901603257124,149.2678905509188
2021-08-10,7549.55,7019.23,3529.93,530.3200000000006,1.0755524466358846,124.60738082780544,144.40691007317832,150.77567722259715
2021-08-11,7605.92,7073.52,3532.62,532.3999999999996,1.075266628213393,125.53778304479366,145.52382049609835,150.89057654686954
2021-08-12,7657.53,7095.2,3524.74,562.3299999999999,1.079254989288533,126.38962016416144,145.9698440357724,150.55399413970733
2021-08-13,7641.92,7088.89,3516.3,553.0299999999997,1.0780136241357956,126.13197285872972,145.8400281439208,150.19349217061483
2021-08-16,7568.14,7052.49,3517.34,515.6500000000005,1.0731160200156258,124.91421384561299,145.09116943339788,150.2379142141997
2021-08-17,7360.03,6894.4,3446.98,465.6300000000001,1.0675374216755629,121.47930156288427,141.8387773029977,147.2325921116702
2021-08-18,7405.49,6941.01,3485.29,464.47999999999956,1.066918215072446,122.22963125570463,142.797686767214,148.868946428724
2021-08-19,7468.77,6947.06,3465.55,521.71,1.0750979551061888,123.27408490642335,142.9221536682762,148.02578187068062
2021-08-20,7467.36,6920.02,3427.33,547.3399999999992,1.0790951471238521,123.25081247204419,142.36585862617346,146.39327176893704
2021-08-23,7652.56,7024.56,3477.13,628.0,1.0894006172628605,126.30758895929306,144.51656438436206,148.52040424059663
2021-08-24,7715.07,7090.78,3514.47,624.29,1.0880425002609022,127.33933355010258,145.87891119235178,150.11532645930686
2021-08-25,7769.63,7153.0,3540.38,616.6300000000001,1.0862057877813505,128.2398612236679,147.15896583435,151.2220333336181
2021-08-26,7669.53,7118.84,3501.66,550.6899999999996,1.077356704182142,126.58768343547347,146.45619073678236,149.56816648015104
2021-08-27,7680.08,7180.11,3522.16,499.97000000000025,1.0696326379400873,126.76181406150195,147.71670098935758,150.44379330081412
2021-08-30,7727.75,7226.88,3528.15,500.8699999999999,1.0693065333864682,127.54862040678894,148.67890214021352,150.69964718646153
2021-08-31,7728.42,7255.34,3543.94,473.0799999999999,1.0652043873891506,127.5596789394372,149.26441090124325,151.37409340588934
2021-09-01,7606.87,7193.1,3567.1,413.7699999999995,1.0575231819382462,125.55346305377253,147.98394479841508,152.3633381457214
2021-09-02,7690.86,7307.01,3597.04,383.84999999999945,1.0525317469115274,126.93974090023057,150.3274199554388,153.64218043892396
2021-09-03,7630.84,7278.68,3581.73,352.15999999999985,1.0483823990064132,125.9490944382183,149.7445856898038,152.98823670115073
2021-09-06,7735.1,7355.4,3621.86,379.7000000000007,1.0516219376240585,127.66993416046756,151.3229494335213,154.70232959447802
2021-09-07,7878.35,7498.93,3676.59,379.4200000000001,1.0505965517747198,130.03431446175483,154.27579807971233,157.04003963813122
2021-09-08,7894.25,7544.04,3675.19,350.21000000000004,1.0464220762350147,130.29674829624324,155.20384798168178,156.98024073330544
2021-09-09,7900.24,7617.45,3693.13,282.78999999999996,1.0371239719328647,130.39561487917314,156.71411495804128,157.74652098514426
2021-09-10,7932.65,7607.67,3703.11,324.97999999999956,1.0427174154504597,130.93055076444168,156.512910612192,158.1728017495451
2021-09-13,7947.48,7648.75,3715.37,298.72999999999956,1.0390560549109331,131.17532395723813,157.358051156925,158.69646930180508
2021-09-14,7916.9,7556.62,3662.6,360.27999999999975,1.0476774007426601,130.67059272084467,155.46265684372514,156.44247772490795
2021-09-15,7972.23,7592.31,3656.22,379.91999999999916,1.0500401063707883,131.58382945431916,156.19690869478455,156.16996557291623
2021-09-16,7754.95,7446.94,3607.09,308.0100000000002,1.0413606125468984,127.99756382176287,153.20620565223743,154.07145114856613
2021-09-17,7730.22,7395.56,3613.97,334.65999999999985,1.04525147520945,127.58938843013401,152.14916278007627,154.36532005228133
2021-09-22,7769.06,7453.62,3628.49,315.4400000000005,1.0423203758710533,128.2304532182806,153.34363356944328,154.98552012233148
2021-09-23,7806.8,7502.84,3642.22,303.96000000000004,1.0405126592063805,128.85336220655688,154.35623867196904,155.5719765246585
2021-09-24,7695.62,7380.38,3613.07,315.2399999999998,1.0427132478273475,127.018305997851,151.8368640101384,154.32687789917907
2021-09-27,7467.82,7170.59,3582.83,297.22999999999956,1.0414512613327493,123.25840489744448,147.52084563429776,153.03522155494238
2021-09-28,7468.73,7198.9,3602.22,269.8299999999999,1.0374821153231744,123.27342469551898,148.10326843910278,153.86343638677934
2021-09-29,7199.18,7010.22,3536.29,188.96000000000004,1.026954931514275,118.82442846367272,144.2215469692824,151.04733510451996
2021-09-30,7405.46,7103.61,3568.17,301.85000000000036,1.042492479176081,122.22913609752635,146.1428633147696,152.40904159440967
2021-10-08,7425.67,7091.34,3592.17,334.3299999999999,1.0471462375235145,122.56270765696102,145.8904320955906,153.4341656771372
2021-10-11,7384.84,7090.47,3591.71,294.3699999999999,1.0415162887650606,121.88879737632188,145.87253354948743,153.41451746555157
2021-10-12,7208.47,6952.19,3546.94,256.28000000000065,1.0368632042565005,118.97776244621345,143.0276933711603,151.5022339162303
2021-10-13,7289.36,6981.59,3561.76,307.7699999999995,1.0440830813611226,120.31287394758255,143.63254079119804,152.13524803731454
2021-10-14,7342.25,7008.33,3558.28,333.9200000000001,1.0476461582145817,121.18583781589027,144.1826639208514,151.98660504531904
2021-10-15,7350.41,7024.16,3572.37,326.25,1.0464468349240337,121.32052084038246,144.50833516776288,152.58843830888696
2021-10-18,7429.63,7068.1,3568.14,361.52999999999975,1.0511495309913554,122.62806853649397,145.41231461117982,152.40776018930626
2021-10-19,7504.05,7120.38,3593.15,383.6700000000001,1.0538833601577444,123.8563909240807,146.48787322068907,153.4760249105152
2021-10-20,7523.56,7118.8,3587.0,404.7600000000002,1.056857897398438,124.17840879268883,146.45536781512243,153.2133368643163
2021-10-21,7503.53,7098.25,3594.78,405.27999999999975,1.0570957630401858,123.84780818232383,146.03259181234097,153.54564792113382
2021-10-22,7438.48,7026.07,3582.6,412.40999999999985,1.0586971094794102,122.77414019908659,144.54762967702385,153.02539744914958
2021-10-25,7532.37,7103.99,3609.86,428.3800000000001,1.0603013236223586,124.32382024437707,146.15068107053878,154.18976755311428
2021-10-26,7508.69,7102.43,3597.64,406.2599999999993,1.0572001413600696,123.932975388988,146.1185871258021,153.66780854099216
2021-10-27,7433.55,7048.6,3562.31,384.9499999999998,1.0546136821496468,122.69276920512257,145.01114030197112,152.15874046421035
2021-10-28,7267.85,6950.28,3518.42,317.5700000000006,1.0456916843637956,119.95784553375577,142.98839886189936,150.28404479792243
2021-10-29,7385.3,7022.5,3547.34,362.8000000000002,1.0516625133499466,121.89638980172217,144.47418391887638,151.5193193176091
2021-11-01,7455.61,7060.76,3544.48,394.84999999999945,1.0559217421354075,123.0568755188845,145.26130848658536,151.3971586977507
2021-11-02,7368.6,6985.1,3505.63,383.5,1.054902578345335,121.62075174914627,143.7047521668556,149.73773908883555
2021-11-03,7385.2,7017.85,3498.54,367.34999999999945,1.0523450914453856,121.89473927446122,144.37851927591126,149.43490034939646
2021-11-04,7483.69,7073.85,3526.87,409.83999999999924,1.0579373325699584,123.52034357375463,145.53060959979265,150.6449739020494
2021-11-05,7389.59,6991.91,3491.57,397.6800000000003,1.0568771623204531,121.9671974212162,143.84485457945618,149.13718723037104
2021-11-08,7422.91,7026.97,3498.63,395.9399999999996,1.0563457649598618,122.51715310455924,144.56614541437193,149.4387445647067
2021-11-09,7531.96,7081.75,3507.0,450.21000000000004,1.0635732693190243,124.31705308260723,145.6931366276259,149.7962565885579
2021-11-10,7535.23,7062.33,3492.46,472.89999999999964,1.0669609038376853,124.37102532403976,145.29360816173704,149.17520224843884
2021-11-11,7593.73,7119.86,3532.79,473.8699999999999,1.066556083967943,125.33658377168587,146.47717523911018,150.89783784245552
2021-11-12,7697.81,7156.61,3539.1,541.2000000000007,1.0756223966375142,127.05445254486547,147.23323451415735,151.16736004920597
2021-11-15,7676.48,7098.21,3533.3,578.2699999999995,1.0814670177410923,126.70239508010832,146.03176889068104,150.9196217292135
2021-11-16,7589.18,7045.94,3521.79,543.2400000000007,1.077099719838659,125.2614847813134,144.95641601158675,150.42798930453876
2021-11-17,7725.09,7104.53,3537.37,620.5600000000004,1.0873470869994215,127.50471638164811,146.16179051294765,151.0934656882427
2021-11-18,7714.8,7084.68,3520.71,630.1199999999999,1.0889412083538,127.33487712649807,145.75341563921472,150.381858720816
2021-11-19,7803.76,7169.88,3560.37,633.8800000000001,1.0884087320847768,128.8031861778245,147.50623877483423,152.0758762675232
2021-11-22,7947.37,7255.07,3582.08,692.3000000000002,1.0954229249338738,131.1735083772511,149.2588561800388,153.00318642735715
2021-11-23,7941.56,7261.38,3589.09,680.1800000000003,1.093670900021759,131.0776127433909,149.38867207189045,153.3026080865205
2021-11-24,7938.77,7256.11,3592.7,682.6600000000008,1.0940807126683583,131.03156303281082,149.2802521431966,153.45680383396407
2021-11-25,7925.76,7233.54,3584.18,692.2200000000003,1.0956958833434252,130.8168294361634,148.81591859658943,153.09288478459578
2021-11-26,7940.79,7219.86,3564.09,720.9300000000003,1.0998537367760595,131.0649036834817,148.53447938889838,152.234770500346
2021-11-29,7999.83,7221.9,3562.7,777.9300000000003,1.107718190503884,132.0393749783368,148.57644839355407,152.1753987305547
2021-11-30,8054.29,7252.76,3563.89,801.5299999999997,1.1105137906121256,132.93825212464122,149.21133245417872,152.2262277996566
2021-12-01,8055.82,7272.84,3576.89,782.9799999999996,1.1076580812997399,132.9635051917335,149.62443912745618,152.78150334446732
2021-12-02,7968.24,7229.99,3573.84,738.25,1.1021094081734553,131.51797341660793,148.74288429927194,152.65122715895404
2021-12-03,8023.96,7301.92,3607.43,722.04,1.0988835813046431,132.43764720640007,150.2227031742146,154.08597373973808
2021-12-06,7906.76,7240.46,3589.31,666.3000000000002,1.0920245398773007,130.50322925658602,148.95828404375476,153.3120050572788
2021-12-07,7781.44,7206.83,3595.09,574.6099999999997,1.07973131043746,128.43478849318416,148.266412658181,153.55888910720236
2021-12-08,7922.55,7302.99,3637.57,619.5600000000004,1.0848364847822605,130.76384751108742,150.2447163286173,155.37335873363008
2021-12-09,7931.76,7320.32,3673.04,611.4400000000005,1.0835264032173457,130.9158610718194,150.6012471377756,156.88840670089442
2021-12-10,7949.12,7306.65,3666.35,642.4700000000003,1.0879294888902575,131.20239260431745,150.32001366049957,156.60265336283413
2021-12-13,7984.9,7353.03,3681.08,631.8699999999999,1.0859332819259544,131.79295125827946,151.27419132517133,157.23182326860814
2021-12-14,7981.83,7324.13,3661.53,657.6999999999998,1.089799061458494,131.74228007136878,150.67963042588255,156.3967742762197
2021-12-15,7955.58,7314.26,3647.63,641.3199999999997,1.0876807770027317,131.30901666537375,150.47657450629845,155.8030565783067
2021-12-16,8005.98,7381.0,3675.02,624.9799999999996,1.0846741633924941,132.14088240488425,151.8496192958671,156.97297943771943
2021-12-17,7894.1,7314.56,3632.36,579.54,1.0792310132120044,130.29427250535184,150.4827464187478,155.15082138067132
2021-12-20,7751.95,7195.97,3593.6,555.9799999999996,1.0772626900890359,127.94804800393484,148.042989427514,153.49524598706637
2021-12-21,7849.03,7275.47,3625.13,573.5599999999995,1.0788347694375757,129.5503798688491,149.6785462265956,154.84200275074963
2021-12-22,7930.81,7302.46,3622.62,628.3500000000004,1.0860463460258598,130.90018106284055,150.23381261662345,154.73479185709772
2021-12-23,7932.66,7337.19,3643.34,595.4700000000003,1.0811577729348703,130.9307158171678,150.94831434784487,155.61981564851914
2021-12-24,7776.61,7278.76,3618.05,497.84999999999945,1.068397639158318,128.35506802648104,149.74623153312365,154.53959114634503
2021-12-27,7776.43,7272.75,3615.97,503.6800000000003,1.0692557835756764,128.35209707741137,149.6225875537214,154.45074705917528
2021-12-28,7863.53,7286.03,3630.11,577.5,1.0792612712272664,129.78970632168446,149.89579754481323,155.0547159979156
2021-12-29,7855.43,7247.77,3597.0,607.6599999999999,1.0838409607368886,129.65601361354885,149.10867297710428,153.6404718987861
2021-12-30,7924.53,7310.96,3619.19,613.5699999999997,1.083924682941775,130.7965279508539,150.40868346935542,154.58828454027457
2021-12-31,8010.32,7359.4,3639.78,650.9200000000001,1.0884474277794385,132.21251528800875,151.40524159951283,155.4677555762479
2022-01-04,7983.07,7354.46,3632.33,628.6099999999997,1.0854733046341947,131.76274660940436,151.30361077451332,155.14953997556788
2022-01-05,7781.68,7222.67,3595.18,559.0100000000002,1.077396586027051,128.43874975861038,148.59228963550743,153.56273332251257
2022-01-06,7844.52,7229.96,3586.08,614.5600000000004,1.0850018533989123,129.475941089381,148.742267108027,153.17404044114505
2022-01-07,7682.7,7175.68,3579.54,507.0199999999995,1.0706581118444523,126.80505787573838,147.62556241552196,152.89469412860183
2022-01-10,7734.19,7191.45,3593.52,542.7399999999998,1.0754701763900187,127.65491436239307,147.94999927994357,153.4918289067906
2022-01-11,7646.69,7135.22,3567.44,511.46999999999935,1.0716824428679144,126.21070300907624,146.79317715651766,152.37786073689335
2022-01-12,7779.52,7196.93,3597.43,582.5900000000001,1.080949793870442,128.40309836977423,148.06273954735195,153.6588387052683
2022-01-13,7644.79,7097.76,3555.26,547.0299999999997,1.0770707941660467,126.1793429911185,146.022511022007,151.85761026490917
2022-01-14,7675.37,7081.14,3521.26,594.2299999999996,1.0839172788562292,126.68407422751199,145.6805870723122,150.40535114771185
2022-01-17,7808.09,7157.86,3541.67,650.2300000000005,1.0908413967303077,128.87465400822293,147.25895081602968,151.2771337530647
2022-01-18,7758.6,7163.16,3569.91,595.4400000000005,1.0831253245774213,128.05780806678695,147.36798793596847,152.4833630904074
2022-01-19,7665.18,7118.76,3558.18,546.4200000000001,1.0767577499452152,126.51588549962285,146.45454489346253,151.98233369497433
2022-01-20,7492.61,7056.79,3555.06,435.8199999999997,1.0617589583932638,123.6675706054299,145.17963351183877,151.84906756421975
2022-01-21,7388.74,6976.62,3522.57,412.1199999999999,1.059071584807543,121.95316793949826,143.53029277495358,150.4613058372274
2022-01-24,7425.4,6979.25,3524.11,446.14999999999964,1.0639252068632017,122.55825123335649,143.58439987409298,150.52708463253575
2022-01-25,7133.07,6743.96,3433.06,389.1099999999997,1.057697554552518,117.73326489146957,138.74376894005633,146.63802014368824
2022-01-26,7171.03,6782.58,3455.67,388.4499999999998,1.057271716662391,118.35980503971993,139.53829980270453,147.60377245662445
2022-01-27,6960.11,6605.92,3394.25,354.1899999999996,1.0536170586383122,114.87851294095898,135.9038662916887,144.98030907491096
2022-01-28,6973.01,6580.53,3361.44,392.4800000000005,1.0596426123731675,115.09143095761942,135.38151676805748,143.57887902681554
2022-02-07,7061.62,6676.61,3429.58,385.0100000000002,1.057665491918803,116.55396316353259,137.35817459517398,146.48937715169274
2022-02-08,7080.62,6742.19,3452.63,338.4300000000003,1.0501958562425562,116.86756334310995,138.70735465660508,147.47392340614562
2022-02-09,7211.43,6843.03,3479.95,368.40000000000055,1.053835800807537,119.02661805313708,140.78194016125153,148.6408563203171
2022-02-10,7175.62,6840.49,3485.91,335.1300000000001,1.0489921043667925,118.4355642409968,140.7296846358469,148.8954288008611
2022-02-11,7033.85,6745.02,3462.95,288.8299999999999,1.0428212221757682,116.09561174317136,138.7655763640441,147.91472676171847
2022-02-14,7006.08,6695.7,3428.88,310.3800000000001,1.04635512343743,115.63726032281012,137.75091395736857,146.45947769927986
2022-02-15,7124.85,6760.28,3446.09,364.5700000000006,1.0539282396587124,117.59759155062086,139.07952097730177,147.1945770936024
2022-02-16,7183.11,6772.03,3465.83,411.0799999999999,1.060702625357537,118.55918873284071,139.3212542149019,148.03774165164577
2022-02-17,7220.61,6768.79,3468.04,451.8199999999997,1.0667504827302958,119.17813645569075,139.25459756044876,148.1321384942636
2022-02-18,7251.79,6835.02,3490.76,416.7699999999995,1.0609756811245614,119.69277085564984,140.6171500988535,149.10258929257898
2022-02-21,7334.59,6867.11,3490.61,467.4800000000005,1.0680752165030123,121.05940742770278,141.2773390005205,149.09618226706192
2022-02-22,7279.24,6784.76,3457.15,494.47999999999956,1.0728809862102713,120.14584058877608,139.58314903316992,147.66698844172598
2022-02-23,7450.4,6887.42,3489.15,562.9799999999996,1.0817403323740964,122.97088304858987,141.6951774733425,149.03382055202934
2022-02-24,7285.12,6764.88,3429.96,520.2399999999998,1.0769030640602641,120.24289159171897,139.17415696819205,146.5056082830026
2022-02-25,7361.96,6819.43,3451.41,542.5299999999997,1.079556502522938,121.5111567390203,140.2964163819015,147.4218129319403
2022-02-28,7419.83,6853.31,3462.31,566.5199999999995,1.082663705567091,122.46631686492249,140.99343102784977,147.8873901195124
2022-03-01,7429.44,6874.04,3488.83,555.3999999999996,1.080796736707962,122.62493253469819,141.41991017810082,149.02015223092627
2022-03-02,7414.31,6875.24,3484.19,539.0700000000006,1.0784074446855674,122.37520776011897,141.4445978278983,148.82196157493232
2022-03-03,7342.61,6859.55,3481.11,483.0599999999995,1.0704215291090522,121.19177971402964,141.12180680679654,148.69040398431562
2022-03-04,7241.56,6803.83,3447.65,437.7300000000005,1.0643358226175552,119.52392191685635,139.97547693453453,147.26121015897968
2022-03-07,7085.73,6659.39,3372.86,426.33999999999924,1.0640208787891983,116.95190528614366,137.00390682058045,144.06666723618008
2022-03-08,6871.22,6429.89,3293.53,441.3299999999999,1.0686372550696823,113.4113592587152,132.28239379681654,140.67820500773115
2022-03-09,6796.04,6305.61,3256.39,490.4300000000003,1.0777767733811638,112.17049286394538,129.72557619945974,139.09182548971032
2022-03-10,6952.52,6414.94,3296.09,537.5800000000008,1.0838012514536381,114.75323792185415,131.9748268264232,140.78755157655542
2022-03-11,6990.78,6474.13,3309.75,516.6499999999996,1.0798022282530626,115.38472965188728,133.19254515268284,141.37101803364115
2022-03-14,6800.59,6323.58,3223.53,477.0100000000002,1.0754335360665952,112.24559185431787,130.09527375517672,137.6882597664426
2022-03-15,6473.48,5964.98,3063.97,508.5,1.0852475616012125,106.84655213107825,122.71778107403621,130.87289315644247
2022-03-16,6692.97,6156.27,3170.71,536.6999999999998,1.0871794122090161,110.46929441610122,126.65319818216607,135.4321325143731
2022-03-17,6818.54,6267.52,3215.04,551.0199999999995,1.0879167517614623,112.54186149765542,128.94194904880544,137.32562212217772
2022-03-18,6879.37,6332.22,3251.07,547.1499999999996,1.0864072947560255,113.54587723048128,130.2730248337184,138.8645896513724
2022-03-21,6954.41,6358.94,3253.69,595.4700000000003,1.093642965651508,114.78443288708577,130.8227365025418,138.9764990304035
2022-03-22,6923.44,6358.11,3259.86,565.3299999999999,1.08891478757052,114.27326459437465,130.80566087809856,139.24004134667138
2022-03-23,6966.95,6398.1,3271.03,568.8499999999995,1.088909207420953,114.99140900560683,131.62837680759887,139.7171511801741
2022-03-24,6900.81,6344.12,3250.26,556.6900000000005,1.0877489707004282,113.89975027522543,130.51784402754322,138.82999171358034
2022-03-25,6819.81,6268.24,3212.24,551.5700000000006,1.0879943971513535,112.56282319386928,128.9567616386839,137.20602431252615
2022-03-28,6767.25,6283.28,3214.5,483.97000000000025,1.0770250569766109,111.69530606552263,129.26618018281206,137.30255683031635
2022-03-29,6725.68,6253.07,3203.94,472.6100000000006,1.0755804748707436,111.00918188315259,128.64466859916104,136.85150223391625
2022-03-30,6864.75,6377.87,3266.6,486.8800000000001,1.076338965830285,113.3045701449328,131.21218417809672,139.527930359904
2022-03-31,6772.07,6324.96,3252.2,447.1099999999997,1.0706897751132023,111.77486147949962,130.12366455244378,138.91285591026747
2022-04-01,6772.6,6364.52,3282.72,408.0799999999999,1.0641179539069718,111.78360927398259,130.9375340741,140.2164720354693
2022-04-06,6764.29,6356.93,3283.43,407.3599999999997,1.064081246765341,111.646450458599,130.78138468913107,140.24679862291666
2022-04-07,6623.59,6221.59,3236.7,402.0,1.0646137080714093,109.32415860246556,127.99702925280772,138.2507966068393
2022-04-08,6575.28,6224.12,3251.85,351.15999999999985,1.0564192207091123,108.52678888270857,128.04907904779736,138.89790618406104
2022-04-11,6328.07,6029.89,3167.13,298.1799999999994,1.0494503216476585,104.44652044095486,124.05317719766373,135.27921817203293
2022-04-12,6414.42,6126.91,3213.33,287.5100000000002,1.0469257749828218,105.87175073077096,126.04917368378825,137.25258203128337
2022-04-13,6286.25,6044.33,3186.82,241.92000000000007,1.040024287224556,103.75626994043247,124.35025191689316,136.12024705490396
2022-04-14,6359.71,6126.49,3225.64,233.22000000000025,1.0380674741981135,104.96874726631422,126.04053300635914,137.77838525871567
2022-04-15,6275.07,6070.75,3211.24,204.3199999999997,1.0336564674875426,103.57174099266008,124.8937916732672,137.16331080907918
2022-04-18,6326.02,6074.01,3195.52,252.01000000000022,1.0414898888872426,104.41268463210574,124.9608597885503,136.49185453489267
2022-04-19,6345.79,6092.4,3194.03,253.39000000000033,1.0415911627601602,104.73899387159227,125.33919802169633,136.42821141475667
2022-04-20,6234.25,5956.92,3151.05,277.3299999999999,1.046555938303687,102.89799576474705,122.55196235956329,134.5923850366055
2022-04-21,5981.38,5759.8,3079.81,221.57999999999993,1.038470085766867,98.72430748002449,118.49660441950078,131.54947505104263
2022-04-22,5891.81,5740.98,3086.92,150.83000000000084,1.0262725179324785,97.24593021240636,118.10941977851064,131.85316806055067
2022-04-25,5431.61,5369.72,2928.51,61.88999999999942,1.0115257406345208,89.65020375759035,110.47147239200699,125.08692197951463
2022-04-26,5266.55,5234.01,2886.43,32.539999999999964,1.0062170305368159,86.92584346069351,107.6795049303294,123.2895377544657
2022-04-27,5540.72,5437.04,2958.28,103.68000000000029,1.01906919941733,91.45109405199491,111.8564495456444,126.35850297713121
2022-04-28,5493.91,5418.76,2975.48,75.14999999999964,1.0138684865172105,90.67848224115194,111.4803743470631,127.09317523641926
2022-04-29,5734.49,5627.9,3047.06,106.59000000000015,1.01893956893335,94.64932072550576,115.78302024593015,130.15060781315407
2022-05-05,5836.93,5686.7,3067.76,150.23000000000047,1.0264177818418416,96.34012085160604,116.99271508600562,131.03477733450654
2022-05-06,5764.69,5563.77,3001.56,200.91999999999916,1.0361122044944344,95.14777995830768,114.463671094671,128.20714340631648
2022-05-09,5840.89,5608.52,3004.14,232.3699999999999,1.0414316076255412,96.40548173113902,115.38431470170121,128.31734424520968
2022-05-10,5950.67,5690.09,3035.84,260.5799999999999,1.0457954092114536,98.21743055819181,117.06245769668344,129.67136230447895
2022-05-11,6003.03,5737.82,3058.7,265.21000000000004,1.0462213872167478,99.0816466320166,118.04440896737734,130.64779299327688
2022-05-12,6034.57,5743.1,3054.99,291.46999999999935,1.0507513363862722,99.60222293011502,118.15303462648616,130.4893258954886
2022-05-13,6071.67,5796.8,3084.28,274.8699999999999,1.047417540712117,100.21456854392135,119.25780695492243,131.74040441145064
2022-05-16,6082.88,5791.08,3073.75,291.8000000000002,1.0503878378471718,100.39959264987199,119.14012915755454,131.29063122015395
2022-05-17,6118.46,5816.34,3093.7,302.1199999999999,1.0519433183067015,100.98685024931213,119.65980418579103,132.14276561392117
2022-05-18,6127.8,5797.49,3085.98,330.3100000000004,1.0569746562736633,101.14100949548333,119.27200235355595,131.8130173673105
2022-05-19,6180.19,5838.41,3096.96,341.77999999999975,1.0585399106948639,102.00572072748639,120.11385121164928,132.28201163515837
2022-05-20,6263.44,5929.49,3146.57,333.9499999999998,1.056320189426072,103.37978467221353,121.98764383127639,134.40102854116302
2022-05-23,6343.47,5965.73,3146.86,377.7400000000007,1.0633183198032765,104.70070163913863,122.73321085515963,134.41341545716264
2022-05-24,6081.64,5745.68,3070.93,335.96000000000004,1.0584717561715933,100.37912611183644,118.20611307355068,131.17017914043345
2022-05-25,6188.27,5844.25,3107.46,344.02000000000044,1.0588646960687855,102.13908333016984,120.23399777399692,132.73050342135164
2022-05-26,6227.1,5911.56,3123.11,315.53999999999996,1.0533767736435053,102.7799830655903,121.61876919721936,133.39896975029689
2022-05-27,6210.09,5899.92,3130.24,310.1700000000001,1.0525718992799902,102.4992283785055,121.379298994184,133.7035170298738
2022-05-30,6282.36,5942.83,3149.06,339.52999999999975,1.057132712865756,103.69206442998215,122.26208820485813,134.50738516474598
2022-05-31,6353.35,6026.24,3186.43,327.1100000000006,1.0542809446686492,104.86377373251885,123.97808559619645,136.10358878855962
2022-06-01,6373.32,6023.64,3182.16,349.6799999999994,1.0580512779648186,105.19338402652727,123.92459568830199,135.92120212884103
2022-06-02,6442.93,6078.43,3195.46,364.5,1.059966142573,106.34231605286308,125.05179263197093,136.48929172468584
2022-06-06,6604.98,6187.44,3236.37,417.53999999999996,1.0674818664908265,109.01699547920583,127.29445988565504,138.23670115070178
2022-06-07,6597.83,6186.57,3241.76,411.2600000000002,1.0664762542087134,108.89898278004908,127.27656133955188,138.46692693428102
2022-06-08,6608.89,6217.83,3263.79,391.0600000000004,1.0628933245199692,109.08153109510835,127.91967461677567,139.40790541521798
2022-06-09,6490.38,6130.69,3238.95,359.6900000000005,1.058670394360178,107.12549123817602,126.12693978065023,138.34690198959498
2022-06-10,6627.75,6240.1,3284.83,387.64999999999964,1.0621224018845852,109.39282053652039,128.37783625093354,140.30659752774244
2022-06-13,6674.8,6233.62,3255.55,441.1800000000003,1.0707742852467748,110.1693936127896,128.24452294202723,139.05594614681488
2022-06-14,6665.25,6275.57,3288.91,389.6800000000003,1.0620947579263718,110.01176825937044,129.10756203286337,140.4808686218061
2022-06-15,6653.76,6261.06,3305.41,392.6999999999998,1.0627210089026458,109.8221226770892,128.8090472007291,141.18564142868127
2022-06-16,6696.76,6264.82,3285.38,431.9400000000005,1.0689469130797056,110.53184939929062,128.88640183676114,140.33008995463828
2022-06-17,6774.74,6316.31,3316.79,458.4299999999994,1.0725787682998458,111.81893055736654,129.9457077434871,141.67172109790792
2022-06-20,6848.75,6330.39,3315.43,518.3599999999997,1.081884370473225,113.04048578318344,130.2353761677773,141.61363073322
2022-06-21,6779.14,6277.0,3306.72,502.1400000000003,1.0799968137645373,111.89155375684763,129.13698148220536,141.2415961181968
2022-06-22,6691.81,6179.57,3267.2,512.2400000000007,1.0828924989926485,110.4501482998744,127.13255004906672,139.55355846197216
2022-06-23,6845.45,6300.47,3320.15,544.9799999999996,1.0864983088563234,112.98601838357263,129.61983076616065,141.81523846948977
2022-06-24,6931.65,6368.28,3349.75,563.3699999999999,1.088465017241704,114.40877288249732,131.01488871013203,143.07955817152035
2022-06-27,7002.93,6407.74,3379.19,595.1900000000005,1.0928861033687385,115.58526871409072,131.82670092763843,144.33704371299945
2022-06-28,7079.72,6501.35,3409.21,578.3699999999999,1.0889615233759142,116.85270859776156,133.7525433422552,145.61930308647777
2022-06-29,6900.99,6374.3,3361.52,526.6899999999996,1.0826271119966113,113.9027212242951,131.13873841994928,143.5822961070913
2022-06-30,6995.53,6454.08,3398.62,541.4499999999998,1.083892669443205,115.46312969678164,132.7800556706503,145.16696708497426
2022-07-01,6994.5,6438.54,3387.64,555.96,1.0863487685096311,115.44612926599402,132.46035060577321,144.6979728171264
2022-07-04,7076.32,6523.13,3405.43,553.1899999999996,1.084804380719072,116.79659067088981,134.20062418607904,145.45784604344817
2022-07-05,7036.0,6511.53,3404.03,524.4700000000003,1.0805448181917308,116.13109807928141,133.96197690470362,145.39804713862245
2022-07-06,6953.98,6418.55,3355.35,535.4299999999994,1.0834191523007533,114.77733561986376,132.04909550623057,143.31875379082345
2022-07-07,7041.87,6452.99,3364.4,588.8800000000001,1.0912569212101677,116.22798402949822,132.7576310554176,143.70531099701861
2022-07-08,7000.79,6404.44,3356.08,596.3500000000004,1.0931150889070709,115.54994743070675,131.75880989069543,143.34993464833974
2022-07-11,6893.63,6319.14,3313.58,574.4899999999998,1.0909126874859554,113.78124241789041,130.0039294509261,141.5346107518431
2022-07-12,6779.56,6241.48,3281.47,538.0800000000008,1.086210321910829,111.89848597134355,128.40622704820058,140.16308015616056
2022-07-13,6834.9,6268.49,3284.29,566.4099999999999,1.0903582840524593,112.81188775754414,128.9619048990584,140.28353223588107
2022-07-14,6920.87,6302.43,3281.74,618.4399999999996,1.0981272302905387,114.23084604376868,129.6601539274965,140.17461280209125
2022-07-15,6852.82,6196.8,3228.06,656.0199999999995,1.1058643170668732,113.10766224270343,127.48702355407522,137.88175193705737
2022-07-18,6953.93,6312.36,3278.1,641.5700000000006,1.1016371056150158,114.7765103562333,129.86444422957047,140.01913564954424
2022-07-19,7009.32,6335.71,3279.43,673.6099999999997,1.1063195758644255,115.69073740606437,130.34482474854602,140.07594460912873
2022-07-20,7110.1,6410.71,3304.72,699.3900000000003,1.1090971202877684,117.35413877963316,131.88780286088718,141.15616911130283
2022-07-21,7075.29,6347.6,3272.0,727.6899999999996,1.1146401789652782,116.77959024010221,130.58943821195584,139.75858327851768
2022-07-22,7034.6,6289.53,3269.97,745.0700000000006,1.1184619518469585,116.10799069762837,129.3947616921738,139.6718748665203
2022-07-25,6948.91,6231.24,3250.39,717.6700000000001,1.1151729029856017,114.69365388773443,128.19555910326227,138.83554446902843
2022-07-26,7027.42,6307.96,3277.44,719.46,1.114055891286565,115.98948284029333,129.7739228469798,139.99094473726925
2022-07-27,7099.43,6332.23,3275.76,767.2000000000007,1.1211579490953425,117.17802752089155,130.27323056413337,139.91918605147833
2022-07-28,7150.2,6348.17,3282.58,802.0299999999997,1.1263403469031232,118.01600021126748,130.60116484560962,140.21049214498674
2022-07-29,7117.43,6294.11,3253.24,823.3200000000006,1.1308080093929087,117.47512242785957,129.4889862222341,138.95727795385233
2022-08-01,7180.45,6347.22,3259.96,833.2299999999996,1.1312747943194028,118.51528470769988,130.58162045618664,139.24431269701606
2022-08-02,6957.98,6170.0,3186.27,787.9799999999996,1.1277115072933548,114.84335671030111,126.93566604193198,136.09675462800809
2022-08-03,6916.67,6124.31,3163.67,792.3599999999997,1.1293794729528714,114.16152389880946,125.99568377589377,135.13142945010637
2022-08-04,6960.31,6158.73,3189.04,801.5800000000008,1.130153456962718,114.88181399548085,126.70380786425083,136.21507103255624
2022-08-05,7090.0,6270.51,3227.03,819.4899999999998,1.1306895292408432,117.02238280018551,129.0034624428841,137.837757028507
2022-08-08,7176.11,6323.07,3236.93,853.04,1.1349091501438384,118.44365182457534,130.08478150401277,138.2606207126321
2022-08-09,7207.4,6341.48,3247.43,865.9200000000001,1.1365485659499044,118.96010180452146,130.4635311979888,138.7091124988254
2022-08-10,7212.08,6322.06,3230.02,890.0199999999995,1.1407800621949173,119.03734648033316,130.06400273209994,137.96547040381347
2022-08-11,7294.49,6439.36,3281.67,855.1300000000001,1.1327973587437261,120.39754599606844,132.4772204998015,140.17162285684998
2022-08-12,7228.83,6420.85,3276.89,807.9799999999996,1.1258369219028632,119.31380979653949,132.0964135016757,139.9674523103734
2022-08-15,7283.5,6442.81,3276.09,840.6899999999996,1.1304849902449396,120.21615305009186,132.54819749296917,139.93328150761585
2022-08-16,7324.62,6465.19,3277.88,859.4300000000003,1.1329319014599726,120.89484985978771,133.00862216169176,140.00973867878594
2022-08-17,7328.67,6493.5,3292.53,835.1700000000001,1.1286163086163086,120.9616962138555,133.5910449664968,140.63549150428418
2022-08-18,7351.44,6468.81,3277.54,882.6299999999992,1.1364439518242149,121.33752127117006,133.0830965719141,139.99521608761393
2022-08-19,7234.41,6391.72,3258.08,842.6899999999996,1.1318408816406225,119.40590921769957,131.4971208028424,139.16401131053573
2022-08-22,7288.58,6472.68,3277.79,815.8999999999996,1.1260528869031066,120.29999983494729,133.1627142425109,140.0058944634757
2022-08-23,7306.02,6466.4,3276.22,839.6200000000008,1.1298434987009776,120.58785178925409,133.03351554190422,139.93883426306394
2022-08-24,7039.41,6284.58,3215.2,754.8299999999999,1.1201082649914553,116.18738105887925,129.2929251367593,137.33245628272923
2022-08-25,7016.31,6322.7,3246.25,693.6100000000006,1.1097015515523432,115.80610926160362,130.07716947865856,138.65871056475797
2022-08-26,6980.18,6298.37,3236.22,681.8100000000004,1.108251817533743,115.20977376222834,129.5766273790151,138.23029412518474
2022-08-29,7021.31,6310.4,3240.73,710.9100000000008,1.1126568838742394,115.8886356246503,129.82412106823463,138.4229320257306
2022-08-30,6976.72,6285.93,3227.22,690.79,1.1098946377067513,115.15266551900005,129.32069874278145,137.84587259416193
2022-08-31,6750.74,6155.75,3202.14,594.9899999999998,1.0966559720586444,111.4228040147425,126.64250020058716,136.77461792771166
2022-09-01,6717.1,6126.77,3184.98,590.3299999999999,1.0963525642385792,110.86756664416448,126.04629345797855,136.0416542085615
2022-09-02,6776.83,6149.43,3186.48,627.3999999999996,1.1020257162045912,111.85342657712005,126.51247857832055,136.10572446373197
2022-09-05,6791.09,6182.65,3199.91,608.4400000000005,1.0984108755954163,112.08879176452918,127.19591501688019,136.6793668150249
2022-09-06,6919.65,6291.57,3243.45,628.0799999999999,1.0998288185619804,114.2107096111853,129.4367306968295,138.5391127551064
2022-09-07,6963.52,6301.56,3246.29,661.96,1.1050470042338723,114.93479592055682,129.64225538139337,138.66041910489585
2022-09-08,6897.1,6272.58,3235.59,624.5200000000004,1.0995634969980455,113.8385157138448,129.04604863878473,138.20338461801316
2022-09-09,6913.58,6316.97,3262.05,596.6099999999997,1.0944455965439126,114.11052260644664,129.9592859508757,139.33358391922025
2022-09-13,6904.08,6300.42,3263.8,603.6599999999999,1.0958126601083737,113.95372251665793,129.61880211408575,139.40833255025245
2022-09-14,6829.56,6249.96,3237.54,579.6000000000004,1.0927365935141986,112.72374960181031,128.58068644010262,138.28667594973476
2022-09-15,6619.19,6107.8,3199.92,511.3899999999994,1.0837273650086774,109.25153540298447,125.65602286076371,136.67979395005938
2022-09-16,6481.24,5954.5,3126.4,526.7399999999998,1.0884608279452515,106.9746330465267,122.50217559913841,133.53949717663744
2022-09-19,6399.8,5913.15,3115.6,486.65000000000055,1.082299620337722,105.63044364522247,121.651480333201,133.07819133941007
2022-09-20,6482.13,5958.29,3122.41,523.8400000000001,1.0879178421996916,106.98932273914903,122.58014742641538,133.36907029788398
2022-09-21,6480.6,5978.58,3117.18,502.02000000000044,1.0839697720863484,106.96406967205674,122.99757443840743,133.14567867485627
2022-09-22,6487.27,5965.89,3108.91,521.3800000000001,1.087393498706815,107.07415984036102,122.73650254179928,132.79243800134975
2022-09-23,6363.68,5889.6,3088.37,474.0799999999999,1.080494430861179,105.03427319857327,121.16698520592588,131.9151026405488
2022-09-26,6283.59,5806.32,3051.23,477.27000000000044,1.0821983631628984,103.71236591529166,119.45366230998225,130.32872312252798
2022-09-27,6409.78,5920.05,3093.86,489.72999999999956,1.082723963480038,105.79516626586363,121.79343431953637,132.1495997744727
2022-09-28,6211.11,5769.52,3045.07,441.58999999999924,1.0765384295400655,102.51606375656704,118.6965743828602,130.0656079412946
2022-09-29,6228.78,5771.88,3041.2,456.89999999999964,1.079159649888771,102.80771192357399,118.7451267607952,129.90030668295475
2022-09-30,6124.86,5714.06,3024.39,410.7999999999993,1.0718928397671708,101.09248399401187,117.55559350138766,129.18229269001102
2022-10-10,5984.5,5635.71,2974.15,348.78999999999996,1.0618892739335417,98.77580393056562,115.9436957000286,127.03636627683477
2022-10-11,6017.72,5684.51,2979.79,333.21000000000004,1.058617189520293,99.32410908664772,116.94766012512525,127.27727043627573
2022-10-12,6192.65,5820.45,3025.51,372.1999999999998,1.0639469456828938,102.2113764241987,119.74435938634733,129.23013181387165
2022-10-13,6252.22,5830.34,3016.36,421.8800000000001,1.0723594164319747,103.1945955135368,119.9478267667614,128.8393032573318
2022-10-14,6406.46,5973.44,3071.99,433.02000000000044,1.0724908930197676,105.74036876080064,122.89182900510829,131.21545545408725
2022-10-17,6472.45,6015.6,3084.94,456.84999999999945,1.0759442117162044,106.82955170029065,123.75918843465901,131.76859532372563
2022-10-18,6508.5,6035.67,3080.96,472.8299999999999,1.0783392730218848,107.4245667778572,124.17208937752149,131.59859558000667
2022-10-19,6461.15,5972.72,3044.38,488.4299999999994,1.0817768119047937,106.64304211980516,122.87701641522983,130.03613562391615
2022-10-20,6429.7,5948.86,3035.05,480.84000000000015,1.0808289319298152,106.12395129624157,122.38614364509036,129.63761863675586
2022-10-21,6432.33,5956.88,3038.93,475.4499999999998,1.0798152724244907,106.16736016320414,122.55113943790337,129.8033470301301
2022-10-24,6378.43,5896.9,2977.56,481.53000000000065,1.0816581593718735,105.27772596956098,121.3171684088604,127.18201932358897
2022-10-25,6355.78,5869.78,2976.28,486.0,1.0827969702442,104.90388154495953,120.75922752343784,127.12734603917684
2022-10-26,6491.69,5971.6,2999.5,520.0899999999992,1.0870939111795832,107.14711314529426,122.8539746087522,128.1191535892157
2022-10-27,6461.61,5963.0,2982.9,498.6099999999997,1.083617306724803,106.65063454520546,122.67704645187041,127.41010943199585
2022-10-28,6239.93,5781.8,2915.93,458.1300000000001,1.0792365699263204,102.99174571316807,118.9492113324542,124.54958610615161
2022-10-31,6292.62,5807.11,2893.48,485.5100000000002,1.0836061311048009,103.86140852695394,119.46991501276558,123.59066795376692
2022-11-01,6439.82,5941.15,2969.2,498.6700000000001,1.0839349284229485,106.29098465504805,122.22752549514169,126.8249344347722
2022-11-02,6524.51,5997.8,3003.37,526.71,1.087817199639868,107.68881619233264,123.3929882959967,128.2844548475555
2022-11-03,6566.84,5996.72,2997.81,570.1199999999999,1.0950719726783975,108.38748438188578,123.370769411179,128.04696776839032
2022-11-04,6709.64,6133.46,3070.8,576.1800000000003,1.0939404512298117,110.74443731049884,126.18392710559938,131.16462638498535
2022-11-07,6713.64,6141.41,3077.82,572.2300000000005,1.0931756713849101,110.81045840093617,126.34748278550754,131.46447517918315
2022-11-08,6694.96,6134.26,3064.49,560.6999999999998,1.091404668207738,110.5021399085938,126.20038553879769,130.8951041782349
2022-11-09,6676.01,6120.83,3048.17,555.1800000000003,1.0907033849984398,110.18936499264692,125.92408959148112,130.1980198019802
2022-11-10,6603.31,6089.7,3036.13,513.6100000000006,1.0843407721234215,108.98943167394826,125.28365080965204,129.68374922047857
2022-11-11,6643.48,6138.62,3087.29,504.8599999999997,1.0822432403374047,109.65244847466522,126.29008399972845,131.86897205682607
2022-11-14,6599.67,6129.51,3083.4,470.15999999999985,1.0767043368882667,108.92935248165026,126.10266359168274,131.70281652841732
2022-11-15,6752.51,6236.38,3134.08,516.1300000000001,1.082761153104846,111.45201834726105,128.3013045365614,133.86753688311023
2022-11-16,6702.04,6203.92,3119.98,498.1199999999999,1.0802911707436589,110.61899723866789,127.63350360954013,133.26527648450784
2022-11-17,6714.5,6217.21,3115.43,497.28999999999996,1.0799860387537175,110.8246529353802,127.90691933104699,133.07093004382406
2022-11-18,6658.4,6191.65,3097.24,466.75,1.07538378299807,109.8987071419965,127.38107239036111,132.2939714161235
2022-11-21,6689.33,6189.71,3085.04,499.6199999999999,1.0807178365383838,110.40921522380324,127.34116068985524,131.77286667407034
2022-11-22,6583.23,6125.4,3088.94,457.8299999999999,1.0747428739347635,108.65800579995279,126.01810839112643,131.9394493375136
2022-11-23,6567.99,6115.6,3096.91,452.3899999999994,1.073973117927922,108.40646544538653,125.8164925844472,132.279875959986
2022-11-24,6586.86,6120.07,3089.31,466.78999999999996,1.0762720034247975,108.71791993952466,125.90845407994273,131.95525333378896
2022-11-25,6512.16,6087.86,3101.69,424.3000000000002,1.0696960836812937,107.48497607560734,125.24579641329593,132.48404650646256
2022-11-28,6492.71,6055.28,3078.55,437.4300000000003,1.0722394340146122,107.16394852335578,124.57552672129495,131.49565603669947
2022-11-29,6594.32,6163.82,3149.75,430.5,1.0698430518736757,108.84104927319032,126.80852464547507,134.53685748212442
2022-11-30,6590.31,6156.15,3151.34,434.16000000000076,1.0705245973538657,108.77486313002689,126.65072941718631,134.60477195260512
2022-12-01,6658.43,6186.1,3165.47,472.3299999999999,1.0763534375454649,109.8992023001748,127.26689201004788,135.20831375631093
2022-12-02,6680.54,6168.01,3156.14,512.5299999999997,1.083094871765772,110.26413387756719,126.8947256893512,134.8097967691506
2022-12-05,6714.37,6215.12,3211.81,499.25,1.0803282961551828,110.82250724994098,127.86392167431642,137.18765750604396
2022-12-06,6703.55,6211.25,3212.53,492.3000000000002,1.0792594083316562,110.643920200308,127.78430400371961,137.2184112285258
2022-12-07,6705.29,6204.01,3199.62,501.27999999999975,1.080799353966225,110.67263937464821,127.63535518327495,136.66697989902528
2022-12-08,6662.34,6186.28,3197.35,476.0600000000004,1.0769541630834687,109.96373791607729,127.2705951575175,136.57002024620064
2022-12-09,6680.38,6192.3,3206.95,488.0799999999999,1.0788204705844355,110.2614930339497,127.39444486733476,136.98006987929162
2022-12-12,6655.67,6154.81,3179.04,500.8599999999997,1.0813770043266973,109.85364774777302,126.62316154157915,135.78793599808645
2022-12-13,6593.67,6121.66,3176.33,472.0100000000002,1.0771049029184894,108.83032084599424,125.94116521592436,135.67218240374513
2022-12-14,6570.02,6096.39,3176.53,473.6300000000001,1.0776902396336192,108.43997114878347,125.42128445727289,135.68072510443454
2022-12-15,6597.55,6101.88,3168.65,495.6700000000001,1.081232341507863,108.89436130371848,125.53423045509626,135.34414269727233
2022-12-16,6519.44,6072.86,3167.86,446.5799999999999,1.0735370155083437,107.6051344602033,124.93720079082773,135.31039902954922
2022-12-19,6390.77,5936.48,3107.12,454.2900000000009,1.076525146214592,105.48140103356019,122.13144939134656,132.71598083017966
2022-12-20,6341.58,5878.03,3073.77,463.5500000000002,1.0788614552834879,104.66950667390698,120.92895511579538,131.2914854902229
2022-12-21,6289.14,5845.84,3068.41,443.3000000000002,1.0758317025440314,103.80397017827346,120.26670890997855,131.06254111174707
2022-12-22,6186.93,5779.06,3054.43,407.8699999999999,1.0705772219011396,102.11696626487333,118.89284119875,130.4654063335583
2022-12-23,6160.75,5763.35,3045.87,397.39999999999964,1.0689529527097954,101.68485822796092,118.56963871681828,130.09977874405214
2022-12-26,6275.52,5843.26,3065.56,432.2600000000002,1.0739758285614538,103.57916836533431,120.21363046291403,130.94080762692317
2022-12-27,6325.63,5885.66,3095.57,439.97000000000025,1.0747528739342742,104.40624757578809,121.0859274224242,132.22263986536706
2022-12-28,6268.47,5862.1,3087.4,406.3699999999999,1.0693215741799014,103.46280619343851,120.60122656473413,131.87367054220522
2022-12-29,6261.83,5857.4,3073.7,404.4300000000003,1.0690459931027418,103.35321118331251,120.50453326969406,131.2884955449816
2022-12-30,6281.62,5864.47,3089.26,417.14999999999964,1.0711317476259576,103.67985052825124,120.6499846730841,131.9531176586166
2023-01-03,6423.7,5955.9,3116.51,467.8000000000002,1.0785439648080055,106.02491966058555,122.53097785723543,133.1170606275468
2023-01-04,6421.28,5952.45,3123.52,468.8299999999999,1.0787625263546943,105.98497690087099,122.46000086406774,133.41648228671013
2023-01-05,6485.47,6010.46,3155.22,475.0100000000002,1.0790305567294352,107.04445034966422,123.6534430013599,134.77050034597937
2023-01-06,6500.32,6012.82,3157.64,487.5,1.0810767659766964,107.28955364791281,123.7019953792949,134.87386702432107
2023-01-09,6535.75,6040.02,3176.08,495.72999999999956,1.0820742315422796,107.87433545646157,124.26158210803729,135.66150402788338
2023-01-10,6540.2,6048.3,3169.51,491.89999999999964,1.081328637799051,107.9477839195731,124.43192689163976,135.38087631023674
2023-01-11,6486.9,6014.16,3161.84,472.7399999999998,1.0786044933955863,107.06805288949555,123.72956325490205,135.0532637387984
2023-01-12,6489.57,6015.29,3163.45,474.27999999999975,1.078845741435575,107.11212196736246,123.75281079179466,135.122032479348
2023-01-13,6517.51,6057.69,3195.31,459.8200000000006,1.0759068225676784,107.5732792840673,124.62510775130484,136.4828846991688
2023-01-16,6591.81,6126.18,3227.59,465.6300000000001,1.0760065815891795,108.7996210389409,126.0341553634948,137.8616765904373
2023-01-17,6597.49,6132.64,3224.24,464.84999999999945,1.0757993294894204,108.89337098736192,126.1670572115711,137.71858635388992
2023-01-18,6613.01,6151.46,3224.41,461.5500000000002,1.075030968257942,109.14953281825879,126.55424185256126,137.7258476494759
2023-01-19,6676.08,6204.33,3240.28,471.75,1.0760356073903226,110.19052036172955,127.64193855655428,138.4037109491795
2023-01-20,6736.85,6251.43,3264.81,485.4200000000001,1.0776494338095444,111.19354577819884,128.61092881110451,139.4514731887339
2023-01-30,6786.45,6283.33,3269.32,503.1199999999999,1.08007219101973,112.01220729962186,129.26720883488696,139.6441110892798
2023-01-31,6805.28,6289.15,3255.67,516.1300000000001,1.0820667339783596,112.32300158285564,129.3869439364046,139.0610717672285
2023-02-01,6916.72,6365.91,3284.92,550.8100000000004,1.0865249430167878,114.16234916243995,130.96613060178203,140.31044174305268
2023-02-02,6933.23,6370.14,3285.67,563.0899999999992,1.0883952315019763,114.43485121322006,131.0531545673181,140.3424768706379
2023-02-03,6925.08,6343.69,3263.41,581.3900000000003,1.091648551552803,114.30033324145398,130.5089976196991,139.39167428390812
2023-02-06,6891.41,6302.33,3238.7,589.0799999999999,1.0934701927699755,113.74460071269768,129.6580966233467,138.33622361373327
2023-02-07,6924.32,6317.24,3248.09,607.0799999999999,1.0960989292792422,114.28778923427087,129.96484067208013,138.7373034111004
2023-02-08,6877.72,6268.28,3232.11,609.4400000000005,1.0972260332978105,113.51864353067586,128.95758456034383,138.0547416260177
2023-02-09,6999.18,6354.56,3270.38,644.6199999999999,1.1014421140094672,115.52337394180572,130.73262658078107,139.68938740293356
2023-02-10,6975.39,6334.25,3260.67,641.1400000000003,1.1012179816079253,115.13071350642963,130.31478810795912,139.2746392844634
2023-02-13,7052.18,6383.83,3284.16,668.3500000000004,1.1046942039496666,116.39815339010046,131.3347995054241,140.27797948043295
2023-02-14,7061.45,6397.21,3293.28,664.2399999999998,1.103832764595816,116.55115726718901,131.61006680066575,140.6675266318694
2023-02-15,7063.6,6384.35,3280.49,679.25,1.1063929765755323,116.5866436032991,131.345497487003,140.12122092278253
2023-02-16,6925.2,6289.48,3249.03,635.7200000000003,1.1010767185840484,114.3023138741671,129.3937330400989,138.77745410434056
2023-02-17,6868.55,6237.41,3224.02,631.1400000000003,1.101186229540787,113.36729018084827,128.32249476930423,137.7091893831316
2023-02-20,6959.36,6346.07,3290.34,613.29,1.0966409131950956,114.86613398650198,130.55796145846406,140.5419489317353
2023-02-21,6990.48,6383.42,3306.52,607.0599999999995,1.0950994921217778,115.37977807010449,131.32636455840995,141.23305341750742
2023-02-22,6998.43,6375.07,3291.15,623.3600000000006,1.097780887111828,115.51099498734871,131.15457966190266,140.57654686952733
2023-02-23,6966.79,6360.32,3287.48,606.4700000000003,1.0953521206480177,114.98876816198936,130.85112729980887,140.41978831187694
2023-02-24,6944.82,6340.84,3267.16,603.9799999999996,1.0952523640400955,114.62614732276224,130.45036445143015,139.5518499218343
2023-02-27,6894.3,6307.21,3258.03,587.0900000000001,1.0930823612976261,113.79230095053865,129.75849306585638,139.16187563536337
2023-02-28,6955.57,6357.54,3279.61,598.0299999999997,1.0940662583326255,114.80357900331259,130.79393424444476,140.0836330397492
2023-03-01,7002.77,6402.14,3312.35,600.6300000000001,1.093817067418082,115.58262787047322,131.7114918952503,141.4820731426033
2023-03-02,6972.31,6382.23,3310.65,590.0800000000008,1.0924567118389654,115.07987726679288,131.30188263902747,141.40946018674344
2023-03-03,6967.94,6390.32,3328.39,577.6199999999999,1.090389839632444,115.00774922549009,131.46831854474533,142.16719773789285
2023-03-06,6997.04,6395.22,3322.03,601.8199999999997,1.0941046594175023,115.48805265842172,131.56912644808497,141.89553985597007
2023-03-07,6855.34,6284.3,3285.1,571.04,1.0908677179638147,113.14925552967895,129.28716468513989,140.31813017367313
2023-03-08,6891.46,6301.52,3283.25,589.9399999999996,1.0936186824766088,113.74542597632814,129.64143245973344,140.2391101922962
2023-03-09,6892.86,6285.95,3276.09,606.9099999999999,1.0965502430022511,113.7685333579812,129.3211102036114,139.93328150761585
2023-03-10,6798.3,6204.9,3230.08,593.4000000000005,1.0956340956340958,112.20779478004248,127.65366519020806,137.9680332140203
2023-03-13,6832.62,6245.0,3268.7,587.6199999999999,1.0940944755804645,112.77425573599487,128.47864415427313,139.61762871714265
2023-03-14,6769.85,6189.4,3245.31,580.4500000000007,1.0937813035189197,111.73821977430691,127.33478304699088,138.6185598715178
2023-03-15,6803.47,6224.64,3263.31,578.8299999999999,1.0929901166975118,112.29312703943275,128.05977702937625,139.3874029335634
2023-03-16,6689.78,6140.83,3226.89,548.9499999999998,1.0893934533279703,110.41664259647743,126.33555042143875,137.83177713802442
2023-03-17,6736.37,6183.18,3250.55,553.1899999999996,1.0894669086133673,111.18562324734636,127.20681872887407,138.84237862957997
2023-03-20,6721.45,6160.35,3234.91,561.0999999999995,1.0910824871963443,110.93936458001508,126.73713619147745,138.1743394356692
2023-03-21,6809.39,6234.68,3255.65,574.71,1.0921795505142204,112.39083825328002,128.266330366015,139.06021749715956
2023-03-22,6840.33,6269.74,3265.75,570.5900000000001,1.0910069636061464,112.90151138781283,128.98762120093073,139.49162388197405
2023-03-23,6868.83,6305.76,3286.65,563.0699999999997,1.089294549744995,113.37191165717888,129.72866215568445,140.38433610401592
2023-03-24,6867.95,6310.1,3265.65,557.8499999999995,1.0884058889716486,113.35738701728266,129.81794915578527,139.48735253162937
2023-03-27,6886.69,6311.6,3251.4,575.0899999999992,1.0911163571835982,113.6666958259816,129.84880871803207,138.87868510750988
2023-03-28,6825.38,6279.92,3245.38,545.46,1.0868577943668072,112.65475756230327,129.19705476337919,138.62154981675909
2023-03-29,6806.28,6260.55,3240.06,545.7299999999996,1.0871696576179408,112.33950685546496,128.79855494956522,138.39431397842114
2023-03-30,6807.64,6286.18,3261.25,521.46,1.0829533993617746,112.36195402621367,129.32584200315594,139.29941311646266
2023-03-31,6875.81,6339.82,3272.86,535.9900000000007,1.0845434097498037,113.48711845999205,130.4293799491023,139.7953168914821
2023-04-03,6962.2,6413.81,3296.4,548.3899999999994,1.0855014414209339,114.9130089607125,131.9515792895306,140.80079276262398
2023-04-04,6953.36,6408.9,3312.56,544.46,1.084953736210582,114.76710235084597,131.850565655776,141.4910429783272
2023-04-06,6983.03,6416.85,3312.63,566.1799999999994,1.0882333232037524,115.25681378916495,132.01412133568417,141.49403292356848
2023-04-07,7042.89,6464.47,3327.65,578.4200000000001,1.089476786186648,116.24481940755975,132.9938095718133,142.13558974534212
2023-04-10,6968.57,6410.52,3315.36,558.0499999999993,1.0870522204126964,115.01814754723397,131.88389398300257,141.61064078797872
2023-04-11,6984.14,6420.88,3313.57,563.2600000000002,1.0877231781313466,115.27513464176131,132.0970306929206,141.53418361680863
2023-04-12,7021.02,6443.44,3327.18,577.5800000000008,1.089638453993519,115.88384909559359,132.56115850911283,142.115514398722
2023-04-13,6966.82,6404.65,3318.36,562.1700000000001,1.0877752882671183,114.98926332016761,131.76313022941,141.73878129831968
2023-04-14,7020.09,6431.07,3338.15,589.0200000000004,1.0915897354561528,115.86849919206689,132.30666998578405,142.5840815315354
2023-04-17,7012.77,6459.24,3385.61,553.5300000000007,1.0856958403775059,115.74768059656657,132.88621256477938,144.61126440512905
2023-04-18,6997.07,6449.85,3393.33,547.2199999999993,1.0848422831538718,115.4885478166,132.69303170511427,144.94101265173973
2023-04-19,6965.58,6416.97,3370.13,548.6099999999997,1.0854936208210417,114.96879678213206,132.0165901006639,143.9500593717698
2023-04-20,6963.9,6411.76,3367.03,552.1399999999994,1.0861136411843237,114.94106792414836,131.90940455445994,143.81764751108417
2023-04-21,6773.51,6250.54,3301.26,522.9700000000003,1.083667971087298,111.79862907205707,128.59261880417142,141.0083803893763
2023-04-24,6725.27,6208.78,3275.41,516.4900000000007,1.0831870351341166,111.00241472138275,127.73348859121984,139.90423632527188
2023-04-25,6603.24,6118.15,3264.87,485.09000000000015,1.07928703938282,108.98827630486558,125.8689538402668,139.4540359989407
2023-04-26,6624.4,6142.15,3264.1,482.25,1.0785148522911359,109.3375278732791,126.36270683621595,139.42114660128652
2023-04-27,6633.49,6157.94,3285.88,475.5500000000002,1.0772255007356357,109.48756080129797,126.68755516146753,140.35144670636177
2023-04-28,6723.3,6241.24,3323.27,482.0600000000004,1.0772378565797822,110.96989933434236,128.4012895182411,141.94850460024432
2023-05-04,6733.97,6262.39,3350.46,471.5799999999999,1.0753035183053115,111.14601059308396,128.8364093459213,143.10988475896772
2023-05-05,6653.65,6200.58,3334.5,453.0699999999997,1.073068970967232,109.82030709710216,127.5647896509372,142.4281772439539
2023-05-08,6702.5,6248.58,3395.0,453.9200000000001,1.0726437046496964,110.62658966406818,128.55229564283553,145.01234420249617
2023-05-09,6611.64,6181.98,3357.67,429.66000000000076,1.0695020042122427,109.12692059478401,127.18213107907661,143.41784911882044
2023-05-10,6627.31,6173.81,3319.15,453.5,1.0734554513339414,109.38555821657229,127.01404933003893,141.77252496604277
2023-05-11,6622.52,6154.47,3309.55,468.0500000000002,1.07605041538914,109.30649796077358,126.61616670746989,141.3624753329518
2023-05-12,6535.94,6091.65,3272.36,444.28999999999996,1.0729342624740423,107.87747145825732,125.32376824057292,139.7739601397586
2023-05-15,6585.91,6159.39,3310.74,426.5199999999995,1.0692471170034694,108.70223993054582,126.71738607163947,141.41330440205365
2023-05-16,6516.29,6110.83,3290.99,405.46000000000004,1.0663510521483988,107.5531428514839,125.71835917650232,140.56971270897583
2023-05-17,6554.98,6122.05,3284.23,432.9299999999994,1.070716508359128,108.19173184873907,125.94918870210854,140.28096942567424
2023-05-18,6583.74,6128.18,3297.32,455.5599999999995,1.0743385474969729,108.66642348898354,126.07530144649057,140.8400891857952
2023-05-19,6602.32,6117.08,3283.54,485.2399999999998,1.079325429780222,108.973091454065,125.84694068586406,140.25149710829584
2023-05-22,6595.98,6115.32,3296.47,480.65999999999985,1.07859932104943,108.8684480257218,125.81073213282778,140.80378270786525
2023-05-23,6528.45,6052.43,3246.24,476.0199999999995,1.0786494019757353,107.75384696641342,124.516893553026,138.6582834297235
2023-05-24,6513.18,6005.79,3204.75,507.3900000000003,1.0844834734481226,107.50181145366888,123.55736689756478,136.8861001717083
2023-05-25,6501.0,5988.19,3201.26,512.8100000000004,1.0856368952888937,107.30077723328716,123.19528136720206,136.73703004467833
2023-05-26,6546.41,6034.98,3212.5,511.4300000000003,1.084744274214662,108.05028166247708,124.15789397888794,137.21712982342237
2023-05-29,6534.12,6025.16,3221.45,508.96000000000004,1.0844724455450145,107.84743186210835,123.95586671137875,137.59941567927285
2023-05-30,6564.47,6061.31,3224.21,503.15999999999985,1.0830117581842869,108.34836688580167,124.69958216152719,137.7173049487865
2023-05-31,6561.65,6047.8,3204.56,513.8499999999995,1.0849647805813682,108.30182201704335,124.42164037089081,136.87798460605336
2023-06-01,6574.76,6051.46,3204.63,523.3000000000002,1.0864749994216272,108.51820614095173,124.49693770277305,136.88097455129466
2023-06-02,6626.28,6105.22,3230.07,521.0599999999995,1.0853466377951981,109.36855778578467,125.60294441369919,137.96760607898585
2023-06-05,6632.96,6097.11,3232.44,535.8500000000004,1.0878859000411671,109.47881300681503,125.43609704715135,138.06883708215517
2023-06-06,6489.81,5983.42,3195.34,506.3900000000003,1.0846322003135331,107.11608323278871,123.09714795925717,136.48416610427222
2023-06-07,6488.56,5987.01,3197.76,501.5500000000002,1.0837730352880655,107.09545164202706,123.17100517823457,136.58753278261392
2023-06-08,6442.48,5966.15,3213.59,476.3299999999999,1.079838756987337,106.33488868018888,122.74185153258873,137.26368754217958
2023-06-09,6495.56,6009.58,3231.41,485.9800000000005,1.0808675481481236,107.21098855029238,123.63533872484176,138.02484217360475
2023-06-12,6530.16,6027.71,3228.83,502.4499999999998,1.083356697651347,107.78207098257538,124.00832796719837,137.91464133471158
2023-06-13,6554.96,6044.04,3233.67,510.9200000000001,1.0845328621253334,108.1914017432869,124.34428573485876,138.12137469139495
2023-06-14,6578.12,6044.08,3228.99,534.04,1.088357533321862,108.57366385691908,124.34510865651869,137.92147549526308
2023-06-15,6613.95,6096.81,3252.98,517.1399999999994,1.0848214066044373,109.16504777451156,125.42992513470202,138.94617244295614
2023-06-16,6669.01,6148.01,3273.33,521.0,1.084742868017456,110.07382808438155,126.48326485939356,139.81539223810216
2023-06-19,6693.3,6131.38,3255.81,561.9200000000001,1.091646578747362,110.47474115606231,126.14113517928378,139.06705165771106
2023-06-20,6693.91,6126.11,3240.36,567.8000000000002,1.0926852439802746,110.484809372354,126.03271525058994,138.40712802945524
2023-06-21,6548.41,5990.85,3197.9,557.5599999999995,1.0930685962759874,108.08329220769575,123.25000565758644,136.59351267309648
2023-06-26,6420.97,5887.03,3150.62,533.9400000000005,1.0906976862696471,105.9798602663621,121.11411248927631,134.57401823012327
2023-06-27,6507.27,5948.0,3189.44,559.2700000000004,1.0940265635507735,107.40426529254772,122.36845082940218,136.23215643393502
2023-06-28,6475.51,5942.31,3189.38,533.1999999999998,1.0897294149918129,106.88005783447522,122.25139022327924,136.22959362372822
2023-06-29,6520.04,5940.58,3182.38,579.46,1.0975426641843053,107.61503762376891,122.2157988614879,135.93059909959936
2023-06-30,6602.04,5998.73,3202.06,603.3100000000004,1.1005729546087255,108.9684699777344,123.41212122458973,136.77120084743592
2023-07-03,6612.88,6042.31,3243.98,570.5699999999997,1.0944291173408844,109.14738713281957,124.30869437306744,138.5617509119333
2023-07-04,6638.45,6055.26,3245.35,583.1899999999996,1.0963113062032017,109.56942695344027,124.57511526046501,138.62026841165567
2023-07-05,6584.42,6020.82,3222.95,563.6000000000004,1.0936085117973964,108.67764707435789,123.86657971127795,137.66348593444332
2023-07-06,6567.08,5988.55,3205.57,578.5299999999997,1.0966060231608652,108.39144564731203,123.2026876621413,136.9211252445348
2023-07-07,6521.43,5961.61,3196.61,559.8200000000006,1.093904163472619,107.63797995269589,122.64844992418836,136.53841225364988
2023-07-10,6526.85,5984.28,3203.7,542.5700000000006,1.0906658779335192,107.7274385302385,123.11484077494532,136.84125099308895
2023-07-11,6579.37,6029.23,3221.37,550.1400000000003,1.0912454824247872,108.59429544768075,124.03959899027512,137.59599859899708
2023-07-12,6482.99,5962.79,3196.13,520.1999999999998,1.0872410398487955,107.00351727359305,122.67272611315585,136.51790977199533
2023-07-13,6548.31,6044.06,3236.48,504.25,1.083429019566318,108.08164168043481,124.34469719568872,138.24139963608096
2023-07-14,6544.46,6030.52,3237.7,513.9399999999996,1.0852231648348731,108.01809638088888,124.0661382138074,138.29351011028626
2023-07-17,6516.56,6012.69,3209.63,503.8700000000008,1.0838010940194822,107.55759927508844,123.69932088390017,137.09454206852956
2023-07-18,6510.03,6001.8,3197.82,508.22999999999956,1.0846795961211635,107.44981984494946,123.47528046198823,136.59009559282075
2023-07-19,6492.35,5993.41,3198.84,498.9400000000005,1.083248100830746,107.15800662521644,123.302672643821,136.63366336633663
2023-07-20,6408.76,5925.48,3169.52,483.28000000000065,1.0815596373627117,105.77833088780211,121.90514593486988,135.3813034452712
2023-07-21,6401.42,5925.63,3167.75,475.78999999999996,1.0802935721602598,105.65718218684958,121.90823189109456,135.30570054417004
2023-07-24,6393.79,5916.71,3164.16,477.0799999999999,1.0806326488876419,105.53124695684035,121.72472036093345,135.15235906679536
2023-07-25,6498.27,6016.63,3231.52,481.6400000000003,1.0800514573773026,107.25571783906369,123.78037866740182,138.02954065898393
2023-07-26,6457.25,6001.54,3223.03,455.71000000000004,1.0759321774077986,106.57867155662876,123.46993147119878,137.66690301471908
2023-07-27,6407.55,5961.18,3216.67,446.3699999999999,1.0748794701720128,105.75835950794482,122.63960351634427,137.39524513279628
2023-07-28,6465.38,6043.24,3275.93,422.1400000000003,1.0698532575241095,106.71285942294266,124.32782730166045,139.9264473470643
2023-07-31,6515.85,6088.24,3291.04,427.6100000000006,1.0702354046489626,107.5458805315358,125.25361416906516,140.57184838414818
2023-08-01,6507.41,6098.88,3290.95,408.52999999999975,1.066984429928118,107.406576030713,125.47251133060261,140.56800416883794
2023-08-02,6496.02,6077.46,3261.69,418.5600000000004,1.0688708769782114,107.2185809756927,125.03183678171798,139.31820705797932
2023-08-03,6499.54,6098.69,3280.46,400.85000000000036,1.0657272299461031,107.27667953527755,125.468602452718,140.11993951767914
2023-08-04,6535.32,6128.56,3288.08,406.7599999999993,1.066371219340269,107.86723818923956,126.08311920225977,140.4454164139451
2023-08-07,6503.98,6090.73,3268.83,413.25,1.0678490098887983,107.349962945663,125.30484104239488,139.62318147259074
2023-08-08,6471.34,6066.1,3260.62,405.2399999999998,1.0668040421358038,106.8112308476943,124.79812703030204,139.27250360929105
2023-08-09,6420.98,6021.75,3244.49,399.22999999999956,1.0662980030721965,105.98002531908817,123.88571263987099,138.58353479869126
2023-08-10,6426.81,6031.71,3254.56,395.10000000000036,1.0655038123517213,106.07625105840062,124.09062013318987,139.01365977840234
2023-08-11,6304.64,5913.35,3189.25,391.28999999999996,1.0661706139497915,104.05980190371815,121.65559494150058,136.2240408682801
2023-08-14,6319.41,5916.8,3178.43,402.6099999999997,1.0680452271498106,104.30358478015802,121.72657193466827,135.7618807609838
2023-08-15,6261.73,5879.78,3176.18,381.9499999999998,1.06495991346615,103.35156065605157,120.96495793841666,135.6657753782281
2023-08-16,6186.4,5833.22,3150.13,353.1799999999994,1.0605463191856297,102.10821847039036,120.00707712627529,134.55308861343426
2023-08-17,6247.6,5874.36,3163.74,373.2400000000007,1.06353713425803,103.11834115408168,120.85345205349813,135.13441939534766
2023-08-18,6117.11,5777.8,3131.95,339.3099999999995,1.058726504898058,100.96456813128954,118.86691916646267,133.77655712076816
2023-08-21,6057.17,5710.78,3092.98,346.3900000000003,1.0606554621260145,99.975242091086,117.4881139252746,132.11201189143938
2023-08-22,6099.19,5741.06,3120.33,358.1299999999992,1.0623804663250338,100.66879364613024,118.11106562183049,133.28022621071426
2023-08-23,5973.67,5629.5,3078.4,344.1700000000001,1.0611368682831512,98.59705182820652,115.81593711232676,131.4892490111824
2023-08-24,5987.97,5652.67,3082.24,335.3000000000002,1.0593171014759397,98.83307722652002,116.29261448383268,131.6532688644188
2023-08-25,5879.03,5581.21,3064.07,297.8199999999997,1.053361188702808,97.03499282845904,114.82246493839403,130.87716450678718
2023-08-28,5922.16,5644.14,3098.64,278.0199999999995,1.049258168649254,97.74686523609967,116.11712643985577,132.35377032094925
2023-08-29,6108.76,5770.32,3135.89,338.4400000000005,1.0586518598621915,100.8267491050016,118.7130328160585,133.94484832434927
2023-08-30,6139.63,5775.15,3137.14,364.4800000000005,1.0631117806463901,101.33626687045177,118.81240060649327,133.99824020365799
2023-08-31,6104.3,5739.4,3119.88,364.90000000000055,1.063578074363174,100.75313558916396,118.07691437294399,133.26100513416313
2023-09-01,6107.2,5750.8,3133.25,356.39999999999964,1.061973986228003,100.80100087973103,118.31144704601985,133.83208467524926
2023-09-04,6198.76,5829.78,3177.06,368.9800000000005,1.0632922683188732,102.31222363984176,119.93630586352255,135.70336326126142
2023-09-05,6167.64,5788.71,3154.37,378.9300000000003,1.0654601802474126,101.79857955623926,119.09137104920455,134.73419386804946
2023-09-06,6195.38,5790.38,3158.08,405.0,1.069943596102501,102.25643581842219,119.12572802850603,134.89266096583773
2023-09-07,6083.49,5702.7,3122.35,380.78999999999996,1.0667736335420064,100.40966086616369,117.32188374997172,133.36650748767715
2023-09-08,6102.49,5708.62,3116.72,393.8699999999999,1.068995659196093,100.72326104574105,117.44367615563918,133.12603046327064
2023-09-11,6182.64,5774.73,3142.78,407.91000000000076,1.0706370687460713,102.04615864537926,118.80375992906416,134.23914436309897
2023-09-12,6184.61,5770.93,3137.06,413.6799999999994,1.0716834201766439,102.07867403241966,118.72558237137221,133.99482312338222
2023-09-13,6103.14,5715.4,3123.07,387.7400000000007,1.0678412709521645,100.73398947293713,117.58316137699482,133.397261210159
2023-09-14,6068.71,5702.1,3126.55,366.6099999999997,1.0642938566493045,100.16571293699772,117.309539925073,133.54590420215447
2023-09-15,6079.06,5704.66,3117.74,374.40000000000055,1.0656305546693405,100.33654250850435,117.36220691130757,133.16959823678658
2023-09-18,6083.97,5719.69,3125.93,364.28000000000065,1.0636887663492254,100.41758339701619,117.67141972502073,133.51942183001734
2023-09-19,6031.04,5687.9,3124.96,343.1400000000003,1.060328064839396,99.54395931780408,117.01740273580306,133.47798973167377
2023-09-20,5982.56,5651.01,3108.57,331.5500000000002,1.0586709278518354,98.7437837017035,116.25846323494619,132.77791541017777
2023-09-21,5939.66,5611.92,3084.7,327.7399999999998,1.0584006899599423,98.03570750676303,115.454263042794,131.75834408289836
2023-09-22,6054.93,5698.82,3132.43,356.1100000000006,1.0624883747863594,99.93827028044109,117.24206034895994,133.7970596024227
2023-09-25,6027.39,5666.66,3115.61,360.7300000000005,1.0636583101862473,99.48371507278,116.58043133438805,133.07861847444454
2023-09-26,5996.11,5646.65,3102.27,349.46000000000004,1.0618880221016,98.96743014556,116.16876477401543,132.50882033846182
2023-09-27,6034.06,5674.35,3107.32,359.71000000000004,1.063392282816534,99.59380524108427,116.73863802350677,132.72452353086908
2023-09-28,6078.94,5690.77,3110.48,388.16999999999916,1.0682104530669838,100.33456187579122,117.076447364902,132.8594982017615
2023-10-09,6059.97,5658.08,3096.92,401.8900000000003,1.0710293951305037,100.02145685439214,116.40391463833623,132.28030309502049
2023-10-10,6043.48,5630.37,3075.24,413.1099999999997,1.0733717322307414,99.7492849090642,115.8338356584299,131.35427434028995
2023-10-11,6059.4,5629.79,3078.96,429.6099999999997,1.0763101287969887,100.01204884900481,115.82190329436115,131.5131685731127
2023-10-12,6104.46,5671.64,3107.9,432.8199999999997,1.0763130240988497,100.75577643278145,116.68288508104752,132.7492973628683
2023-10-13,6081.87,5633.38,3088.1,448.4899999999998,1.0796129499518938,100.38292232453657,115.89576051333854,131.9035699946181
2023-10-16,6024.36,5580.67,3073.81,443.6899999999996,1.0795047906434172,99.43370409677371,114.81135549598518,131.29319403036078
2023-10-17,6011.37,5595.34,3083.5,416.02999999999975,1.0743529436995785,99.21930060557845,115.11316201475911,131.707087878762
2023-10-18,5908.01,5524.6,3058.71,383.40999999999985,1.0694004995836803,97.51331562867759,113.65782505919894,130.64822012831138
2023-10-19,5842.89,5464.03,3005.39,378.8600000000006,1.0693371010042039,96.43849227635769,112.41171593567223,128.3707361245184
2023-10-20,5774.32,5423.67,2983.06,350.64999999999964,1.0646517948179,95.30672573353557,111.58138798081771,127.41694359254736
2023-10-23,5638.14,5290.33,2939.29,347.8100000000004,1.065744480968106,93.05903770959634,108.83817862749012,125.54737354667304
2023-10-24,5719.32,5352.01,2962.24,367.3099999999995,1.068630290302148,94.39893574002215,110.10712382707948,126.52764845078124
2023-10-25,5778.9,5376.0,2974.11,402.89999999999964,1.0749441964285713,95.38231988208634,110.60067109261367,127.03465773669689
2023-10-26,5811.69,5398.93,2988.3,412.7599999999993,1.076452185896094,95.92352777094642,111.07241093416012,127.64076235060955
2023-10-27,5916.68,5492.03,3017.78,424.65000000000055,1.0773211362647328,97.65641634220053,112.9877610976129,128.8999564322265
2023-10-30,6006.56,5546.39,3021.55,460.1700000000001,1.0829674797480884,99.13991024432755,114.1061116334378,129.0609863402216
2023-10-31,5969.34,5528.24,3018.77,441.10000000000036,1.0797903130110127,98.5255839978081,113.73271093025122,128.942242800639
2023-11-01,5958.42,5509.97,3023.08,448.4499999999998,1.081388827888355,98.34534642091415,113.35684146208493,129.12633800049548
2023-11-02,5885.25,5459.45,3009.41,425.8000000000002,1.077993204443671,97.13765562408912,112.31749140561192,128.54244440837525
2023-11-03,5973.17,5510.36,3030.8,462.8100000000004,1.0839890678648945,98.58879919190186,113.3648649482691,129.45608624710619
2023-11-06,6096.57,5605.06,3058.41,491.5099999999993,1.0876904083096344,100.6255498318938,115.31313197811852,130.63540607727728
2023-11-07,6116.76,5611.1,3057.27,505.65999999999985,1.0901178022134697,100.95879128587629,115.43739314876574,130.5867126833477
2023-11-08,6138.94,5608.02,3052.37,530.9199999999992,1.0946715596592023,101.32487823235132,115.37402818095227,130.37741651645752
2023-11-09,6100.69,5592.06,3053.28,508.6299999999992,1.0909557479712304,100.69355155504425,115.04568243864605,130.41628580459428
2023-11-10,6088.56,5573.1,3038.97,515.46,1.0924907143241642,100.49334259829304,114.65561757184621,129.80505557026797
2023-11-13,6144.63,5605.57,3046.53,539.0600000000004,1.0961650643913108,101.41879323349845,115.32362422928244,130.12796965632717
2023-11-14,6181.98,5630.55,3056.07,551.4299999999994,1.0979353704345045,102.03526516545709,115.83753880589953,130.53545647921138
2023-11-15,6207.27,5664.62,3072.83,542.6500000000005,1.0957963640985628,102.45268350974719,116.53846232973237,131.25133479698272
2023-11-16,6145.15,5609.36,3050.93,535.79,1.0955171356447082,101.42737597525529,115.40159605655941,130.31590907149388
2023-11-17,6199.23,5631.42,3054.37,567.8099999999995,1.1008289205919644,102.31998111796811,115.8554373520027,130.46284352335147
2023-11-20,6253.28,5659.77,3068.32,593.5099999999993,1.1048646853140673,103.21209110250268,116.43868307846765,131.05869689643686
2023-11-21,6212.13,5641.08,3067.93,571.0500000000002,1.1012306154140696,102.53289913462855,116.05417293287223,131.04203863009252
2023-11-22,6132.97,5572.9,3043.61,560.0700000000006,1.1004988426133613,101.2263417548736,114.65150296354662,130.00324622626198
2023-11-23,6197.53,5622.99,3061.86,574.54,1.1021769556766061,102.29192215453227,115.68200661217554,130.78276766416937
2023-11-24,6115.41,5570.42,3040.97,544.9899999999998,1.0978364288509663,100.93650916785366,114.6004818206319,129.89048257716195
2023-11-27,6111.36,5566.51,3031.7,544.8499999999995,1.0978800002155749,100.86966281378587,114.52004122837518,129.49452840020845
2023-11-28,6143.3,5591.5,3038.55,551.8000000000002,1.0986855047840471,101.39684122092802,115.03416153540724,129.78711589882025
2023-11-29,6113.37,5553.33,3021.69,560.04,1.100847599548379,100.90283841173063,114.24888854143309,129.0669662307042
2023-11-30,6080.55,5545.05,3029.67,535.5,1.0965726188221927,100.36113536469225,114.07854375783062,129.4078199882111
2023-12-01,6130.05,5566.87,3031.64,563.1800000000003,1.1011663645818925,101.17814635885433,114.52744752331441,129.49196559000163
2023-12-04,6114.39,5559.07,3022.91,555.3200000000006,1.0998944067982594,100.91967378979217,114.36697779963092,129.1190767049095
2023-12-05,5992.6,5460.41,2972.3,532.1900000000005,1.0974633772921814,98.90949663870123,112.33724152544988,126.95734629545787
2023-12-06,6023.8,5481.82,2968.93,541.9800000000005,1.0988686239241712,99.42446114411248,112.77771034391955,126.81340178884153
2023-12-07,6020.83,5481.14,2966.21,539.6899999999996,1.0984630934440645,99.37544048446276,112.763720675701,126.69722105946575
2023-12-08,6003.14,5497.99,2969.56,505.15000000000055,1.0918790321553877,99.08346221200362,113.11037642494028,126.84031129601311
2023-12-11,6075.08,5564.85,2991.44,510.22999999999956,1.0916880059660188,100.27085152351918,114.4858899794887,127.77488275143305
2023-12-12,6078.99,5566.18,3003.44,512.8099999999995,1.09212961133129,100.3353871394217,114.51325212468089,128.2874447927968
2023-12-13,6019.55,5507.51,2968.76,512.04,1.0929712338243598,99.35431373552281,113.30623178000015,126.80614049325555
2023-12-14,5991.86,5489.33,2958.99,502.52999999999975,1.0915466914905827,98.89728273697031,112.93221388556864,126.38882956457856
2023-12-15,5951.6,5449.79,2942.56,501.8100000000004,1.0920787773473841,98.2327804617185,112.11875582474238,125.68704670294468
2023-12-18,5857.01,5385.27,2930.8,471.7399999999998,1.0875982077036064,96.6715467256015,110.79138318729905,125.18473590240819
2023-12-19,5863.54,5379.87,2932.39,483.6700000000001,1.089903659382104,96.77932615574045,110.68028876321048,125.25265037288888
2023-12-20,5761.31,5309.29,2902.11,452.02000000000044,1.0851375607661289,95.09199213688814,109.22824349428997,123.95928548851435
2023-12-21,5798.91,5338.76,2918.71,460.14999999999964,1.0861904262412994,95.71259038699912,109.83453102723256,124.66832964573422
2023-12-22,5733.91,5311.69,2914.78,422.22000000000025,1.079488825590349,94.63974766739234,109.27761879388487,124.5004655771876
2023-12-25,5735.73,5315.37,2918.81,420.3599999999997,1.079083864340582,94.66978726354132,109.35332758659709,124.67260099607891
2023-12-26,5651.59,5258.28,2898.88,393.3100000000004,1.0747982229930702,93.28103362619188,108.17881264748299,123.8213208723806
2023-12-27,5696.16,5285.53,2914.61,410.6300000000001,1.077689465389469,94.01667362638995,108.73942802830028,124.4932042816016
2023-12-28,5805.53,5382.8,2954.7,422.72999999999956,1.0785334770008173,95.82185529167292,110.74056777479927,126.20558863479101
2023-12-29,5887.24,5429.23,2974.93,458.0100000000002,1.0843600289543822,97.17050111658169,111.69577409154591,127.0696828095234
2024-01-02,5854.75,5409.46,2962.28,445.28999999999996,1.0823169040902418,96.6342448095044,111.2890450611328,126.52935699091911
2024-01-03,5824.04,5401.4,2967.25,422.6400000000003,1.078246380568001,96.12736788767171,111.12322634665988,126.7416431030506
2024-01-04,5783.02,5355.32,2954.35,427.7000000000007,1.0798645085634473,95.4503216052368,110.17522059443748,126.19063890858457
2024-01-05,5675.81,5281.87,2929.18,393.9400000000005,1.0745834335188107,93.68079132879,108.66413069641803,125.11554002682408
2024-01-08,5543.57,5167.7,2887.54,375.8699999999999,1.0727344853609924,91.4981340789315,106.31530654860484,123.33694974329185
2024-01-09,5553.3,5180.65,2893.25,372.65000000000055,1.0719311283333173,91.65873038142036,106.58172743600241,123.5808438479741
2024-01-10,5512.07,5158.08,2877.7,353.9899999999998,1.0686282492710466,90.97821799173745,106.11739388939523,122.91664886937357
2024-01-11,5611.11,5223.86,2886.65,387.25,1.074131006573683,92.612900190966,107.47068855912589,123.29893472522404
2024-01-12,5574.49,5206.18,2881.98,368.3099999999995,1.0707447687171783,92.00847710801216,107.10695718544336,123.09946266412663
2024-01-15,5559.38,5193.3,2886.29,366.0799999999999,1.0704908247164615,91.7590824388851,106.84197641095064,123.28355786398313
2024-01-16,5539.47,5190.4,2893.99,349.0700000000006,1.0672530055487055,91.43046246123325,106.78231459060676,123.61245184052487
2024-01-17,5389.12,5061.54,2833.62,327.5799999999999,1.0647194332159777,88.94889472441972,104.13127246318969,121.0338376374307
2024-01-18,5373.42,5066.96,2845.78,306.46000000000004,1.0604820247248843,88.68976194445317,104.24277834810822,121.55323383934599
2024-01-19,5306.99,5018.43,2832.28,288.5599999999995,1.0575000547980145,87.59331668501503,103.244368644216,120.97660154281175
2024-01-22,5000.83,4780.97,2756.34,219.85999999999967,1.045986483914352,82.540062422941,98.35909421012894,117.73293809104813
2024-01-23,5079.63,4865.74,2770.98,213.89000000000033,1.0439583701554132,83.84067790455661,100.1030709379044,118.35826378151188
2024-01-24,5143.41,4933.7,2820.77,209.71000000000004,1.0425056245819568,84.89338419158,101.50121483810047,120.48496911813702
2024-01-25,5316.2,5073.18,2906.11,243.01999999999953,1.0479028932543295,87.745330245747,104.37074266622506,124.13013950230227
2024-01-26,5269.76,5027.09,2910.22,242.67000000000007,1.0482724598127346,86.97882538576948,103.42253118358767,124.30569200146935
2024-01-29,5131.25,4927.91,2883.36,203.34000000000015,1.04126292890901,84.69268007665049,101.38209692782772,123.15840729888347
2024-01-30,4984.66,4814.99,2830.53,169.67000000000007,1.035237871729744,82.27317216484805,99.05898908188688,120.90185291177956
2024-01-31,4785.03,4696.98,2788.55,88.05000000000018,1.018746087911807,78.9782245938465,96.63116445472181,119.10874003707535
2024-02-01,4750.44,4678.73,2770.74,71.71000000000004,1.015326808770756,78.4073072142896,96.25570644738546,118.3480125406846
2024-02-02,4574.67,4563.22,2730.15,11.449999999999818,1.002509193069806,75.50617544774678,93.87931442396514,116.61427143577173
2024-02-05,4293.07,4460.26,2702.19,-167.1900000000005,0.9625156381018146,70.85829068095802,91.76111407134321,115.42000187939416
2024-02-06,4592.44,4805.9,2789.49,-213.46000000000004,0.9555837616263343,75.79947414201466,98.87198013467113,119.14889073031547
2024-02-07,4797.85,5109.57,2829.7,-311.71999999999935,0.9389929093837643,79.18982218869819,105.11939564633298,120.86640070391854
2024-02-08,4993.1,5150.23,2865.9,-157.1299999999992,0.9694906829403737,82.41247666567085,105.95589551363685,122.41262952869923
2024-02-19,5029.59,5141.6,2910.54,-112.01000000000022,0.9782149525439552,83.01475406318548,105.77835016551013,124.31936032257238
2024-02-20,5046.01,5140.96,2922.73,-94.94999999999982,0.9815306868756031,83.28577063943077,105.7651834189515,124.84003792959106
2024-02-21,5073.48,5139.04,2950.96,-65.5600000000004,0.9872427535103832,83.7391704780092,105.72568317927555,126.0458401318993
2024-02-22,5151.53,5176.34,2988.36,-24.8100000000004,0.995207038177554,85.0274070051678,106.49305762714656,127.64332516081636
2024-02-23,5225.67,5197.71,3004.88,27.960000000000036,1.0053792920343767,86.25110791642389,106.93270352395629,128.34895223776047
2024-02-26,5255.4,5195.46,2977.02,59.9399999999996,1.0115369957616842,86.74180967109942,106.88641418058606,127.15895403172759
2024-02-27,5394.03,5307.8,3015.48,86.22999999999956,1.0162459022570556,89.02993561293154,109.19758966245811,128.80171537429842
2024-02-28,5152.05,5184.05,2957.85,-32.0,0.993827220030671,85.03598974692466,106.65167577709522,126.34013617064899
2024-02-29,5344.61,5346.79,3015.17,-2.180000000000291,0.999592278731725,88.2142450405782,109.99973255046054,128.78847418822988
2024-03-01,5401.94,5379.05,3027.02,22.889999999999418,1.0042553982580567,89.16049231927138,110.66341886918221,129.29462920407659
2024-03-04,5428.34,5388.82,3039.31,39.52000000000044,1.0073337019978401,89.59623151615784,110.86441748461651,129.81957816143995
2024-03-05,5375.13,5351.83,3047.79,23.300000000000182,1.004353650994146,88.71798596061512,110.10342067960985,130.18178867067036
2024-03-06,5381.46,5350.1,3039.93,31.359999999999673,1.0058615726808844,88.82246433623222,110.06782931781854,129.8460605335771
2024-03-07,5303.28,5277.3,3027.4,25.979999999999563,1.004922971974305,87.5320821236344,108.57011189677273,129.31086033538642
2024-03-08,5370.37,5349.6,3046.02,20.769999999999527,1.0038825332735157,88.63942086299468,110.05754279706959,130.1061857695692
2024-03-11,5466.65,5441.05,3068.46,25.599999999999454,1.004704974223725,90.22854850982147,111.9389474420509,131.06467678691942
2024-03-12,5496.36,5423.72,3055.94,72.63999999999942,1.0133930217636602,90.7189201590448,111.58241663289262,130.52990372376325
2024-03-13,5521.78,5415.11,3043.83,106.67000000000007,1.0196985841469517,91.1384841887741,111.40528274559583,130.0126431970203
2024-03-14,5486.65,5392.93,3038.23,93.71999999999935,1.0173783082665637,90.55865396200815,110.9489726851728,129.77344757771723
2024-03-15,5555.64,5454.15,3054.64,101.49000000000069,1.0186078490690575,91.6973527193262,112.20845428567314,130.47437616928218
2024-03-18,5648.01,5528.45,3084.93,119.5600000000004,1.0216263147898599,93.22194475025047,113.73703126896577,131.76816818869116
2024-03-19,5607.48,5478.22,3062.76,129.2599999999993,1.023595255393175,92.55298605139411,112.70364739452718,130.82120981727167
2024-03-20,5659.15,5493.41,3079.69,165.73999999999978,1.0301706954332555,93.40581348711845,113.01615189488,131.544349430629
2024-03-21,5658.28,5465.83,3077.11,192.44999999999982,1.0352096570877616,93.39145389994833,112.44874741036841,131.4341485917358
2024-03-22,5595.88,5384.57,3048.03,211.3100000000004,1.0392436164819103,92.36152488912583,110.77698205825051,130.19203991149763
2024-03-25,5466.06,5294.75,3026.31,171.3100000000004,1.032354690967468,90.21881039898196,108.92911147091075,129.2643026166292
2024-03-26,5447.75,5284.42,3031.48,163.32999999999993,1.0309078385139712,89.91659885750502,108.71659195223764,129.48513142945012
2024-03-27,5266.23,5156.68,2993.14,109.54999999999927,1.0212442889611144,86.92056177345853,106.0885916312982,127.84749570729291
2024-03-28,5382.24,5223.81,3010.66,158.42999999999938,1.0303284384386109,88.83533844886749,107.46965990705102,128.595836287684
2024-03-29,5441.26,5286.16,3041.17,155.10000000000036,1.0293407691027137,89.80947963827045,108.75238904444396,129.89902527785136
2024-04-01,5559.06,5401.22,3077.38,157.84000000000015,1.0292230273901082,91.75380075165012,111.11952319919025,131.4456812376665
2024-04-02,5531.05,5381.23,3074.96,149.82000000000062,1.0278412184574903,91.29148806586265,110.70826809964758,131.3423145593248
2024-04-03,5500.93,5374.6,3069.3,126.32999999999993,1.0235050050236296,90.79434925486947,110.57186883451664,131.1005561298149
2024-04-08,5399.91,5298.59,3047.05,101.31999999999971,1.0191220683238371,89.12698661587444,109.00811195026263,130.1501806781196
2024-04-09,5468.91,5342.9,3048.54,126.01000000000022,1.0235845701772446,90.26585042591856,109.91970341903377,130.2138237982556
2024-04-10,5367.05,5275.47,3027.33,91.57999999999993,1.0173595907094533,88.58462335793169,108.53246323083158,129.30787039014515
2024-04-11,5379.92,5301.81,3034.25,78.10999999999967,1.014732704491485,88.79704621641383,109.0743571438858,129.60344783399825
2024-04-12,5338.77,5277.22,3019.47,61.55000000000018,1.0116633378938154,88.1178542485397,108.5684660534529,128.97214225305189
2024-04-15,5287.51,5339.72,3057.38,-52.210000000000036,0.990222333755328,87.2717939745852,109.85428114707052,130.5914111687269
2024-04-16,5066.66,5191.55,3007.07,-124.89000000000033,0.9759436006587627,83.62660451881354,106.80597358832932,128.44249481030934
2024-04-17,5287.46,5339.75,3071.38,-52.289999999999964,0.9902074067137975,87.2709687109547,109.85489833831545,131.1894002169846
2024-04-18,5286.72,5349.84,3074.22,-63.11999999999989,0.9882015163070298,87.25875480922382,110.06248032702908,131.310706566774
2024-04-19,5264.39,5314.87,3065.26,-50.47999999999956,0.9905021195250308,86.89019207185737,109.34304106584814,130.9279935758891
2024-04-22,5246.08,5267.58,3044.6,-21.5,0.9959184293356722,86.58798053038042,108.3701419334133,130.04553259467448
2024-04-23,5218.43,5208.27,3021.98,10.159999999999854,1.0019507437210435,86.13160974273232,107.14995484217394,129.0793531467038
2024-04-24,5305.61,5263.04,3044.82,42.56999999999971,1.0080884811819784,87.57053940881414,108.27674032501291,130.05492956543284
2024-04-25,5313.99,5259.34,3052.9,54.649999999999636,1.0103910376587175,87.70885359328037,108.20062007147075,130.40005467328442
2024-04-26,5415.94,5372.12,3088.64,43.81999999999971,1.008156928735769,89.39156613580207,110.52084769160189,131.92663528647947
2024-04-29,5545.23,5478.49,3113.04,66.73999999999978,1.012182188887814,91.52553283146301,112.70920211573159,132.96884477058578
2024-04-30,5497.43,5441.14,3104.82,56.289999999999964,1.0103452585303816,90.7365808007368,111.94079901578571,132.6177397722516
2024-05-06,5606.84,5528.6,3140.72,78.23999999999978,1.0141518648482437,92.54242267692415,113.74011722519046,134.15115454599817
2024-05-07,5625.34,5527.08,3147.74,98.26000000000022,1.0177779225196668,92.84777022019685,113.70884620211368,134.45100334019597
2024-05-08,5536.66,5458.76,3128.48,77.89999999999964,1.0142706402186576,91.384082645201,112.3032960069784,133.62834126380716
2024-05-09,5626.83,5556.77,3154.32,70.05999999999949,1.0126080438816074,92.87236307638474,114.31965980418582,134.7320581928771
2024-05-10,5574.23,5535.4,3154.55,38.82999999999993,1.0070148498753477,92.00418573713371,113.88001390737605,134.74188229866994
2024-05-13,5520.8,5505.26,3148.02,15.539999999999964,1.0028227549652513,91.12230902161696,113.25994243662991,134.46296312116112
2024-05-14,5551.68,5500.74,3145.77,50.94000000000051,1.0092605722139203,91.63199183979323,113.16695228905947,134.36685773840543
2024-05-15,5497.23,5446.66,3119.9,50.56999999999971,1.0092845890876243,90.73327974621492,112.054362204854,133.26185940423207
2024-05-16,5488.95,5424.67,3122.4,64.27999999999975,1.0118495687295264,90.59661608900963,111.60196102231559,133.3686431628495
2024-05-17,5563.23,5491.89,3154.03,71.33999999999924,1.0129900635300415,91.82262773843102,112.98488087180323,134.7196712768775
2024-05-20,5596.78,5523.5,3171.15,73.27999999999975,1.0132669503032496,92.37637963447423,113.63519471355126,135.4509264558898
2024-05-21,5536.74,5478.91,3157.97,57.82999999999993,1.01055501915527,91.38540306700975,112.7178427931607,134.88796248045858
2024-05-22,5539.66,5468.61,3158.54,71.05000000000018,1.0129923326037147,91.43359846302901,112.50594046573252,134.91230917742337
2024-05-23,5412.82,5362.31,3116.39,50.50999999999931,1.0094194479617924,89.34006968526094,110.31902615450768,133.11193500713316
2024-05-24,5350.11,5313.45,3088.87,36.659999999999854,1.006899472094402,88.30502403992955,109.31382734692114,131.93645939227227
2024-05-27,5404.62,5371.37,3124.04,33.25,1.0061902270742846,89.2047264498644,110.50541791047847,133.43869330850256
2024-05-28,5348.03,5316.13,3109.57,31.899999999999636,1.0060006057037731,88.27069307290213,109.36896309813548,132.82062891362477
2024-05-29,5351.25,5328.31,3111.02,22.9399999999996,1.0043053050592026,88.32384005070419,109.61954274357967,132.88256349362288
2024-05-30,5334.3,5308.66,3091.68,25.640000000000327,1.004829844066111,88.04407567997598,109.21528247814629,132.05648433695828
2024-05-31,5355.21,5308.54,3086.81,46.67000000000007,1.0087914944598704,88.38920093023717,109.21281371316655,131.84846957517152
2024-06-03,5284.62,5274.07,3078.49,10.550000000000182,1.0020003526688117,87.22409373674421,108.50366097273456,131.49309322649262
2024-06-04,5313.71,5341.95,3091.2,-28.23999999999978,0.9947135409354262,87.70423211694975,109.90015902961079,132.03598185530373
2024-06-05,5244.09,5277.94,3065.4,-33.849999999999454,0.9935865129198135,86.55513503788785,108.58327864333135,130.93397346637167
2024-06-06,5130.87,5228.8,3048.79,-97.93000000000029,0.9812710373317013,84.68640807305894,107.57231938412544,130.22450217411733
2024-06-07,5153.59,5208.98,3051.28,-55.38999999999942,0.9893664402627771,85.06140786674304,107.16456170163741,130.33085879770033
2024-06-11,5198.92,5217.47,3028.05,-18.550000000000182,0.9964446369600591,85.8095918741242,107.33922682395445,129.33862411262697
2024-06-12,5216.46,5232.95,3037.47,-16.48999999999978,0.9968488137666135,86.09909435569193,107.65769750634165,129.74098531509753
2024-06-13,5180.24,5194.59,3028.92,-14.350000000000364,0.997237510563875,85.5012733817818,106.86851563448289,129.37578486062586
2024-06-14,5180.65,5213.09,3032.63,-32.44000000000051,0.9937772031559017,85.50804054355163,107.24911690219372,129.53425195841416
2024-06-17,5183.97,5207.13,3015.89,-23.159999999999854,0.9955522523923928,85.56283804861464,107.12650157486634,128.8192279107117
2024-06-18,5227.25,5230.89,3030.25,-3.6400000000003274,0.9993041337133833,86.27718624714666,107.61531704085603,129.43259382021034
2024-06-19,5159.99,5168.82,3018.05,-8.829999999999927,0.9982916797257402,85.16704161144277,106.33834835508247,128.9114890781572
2024-06-20,5056.14,5094.57,3005.44,-38.42999999999938,0.9924566744592773,83.45296905096333,104.81080002386474,128.37287179969076
2024-06-21,5055.33,5102.33,2998.14,-47.0,0.990788522106567,83.43959978014976,104.9704468258883,128.06106322452783
2024-06-24,4887.78,4992.91,2963.1,-105.13000000000011,0.9789441427944826,80.67414135445567,102.71934462519006,126.56438206374563
2024-06-25,4847.61,4948.63,2950.0,-101.02000000000044,0.9795862693311077,80.01112455373868,101.80837034766384,126.0048351685902
2024-06-26,4986.38,5020.43,2972.53,-34.05000000000018,0.9932177124270232,82.30156123373612,103.28551472721176,126.96717040125067
2024-06-27,4864.09,4928.05,2945.85,-63.960000000000036,0.9870212355799961,80.28313144634053,101.38497715363744,125.82757412928525
2024-06-28,4895.99,4942.78,2967.4,-46.789999999999964,0.990533667288449,80.80964964257832,101.68801805490122,126.74805012856767
2024-07-01,4940.25,5003.16,2994.73,-62.909999999999854,0.9874259468016214,81.54017300826749,102.93021830054334,127.91541017777361
2024-07-02,4905.65,4949.48,2997.01,-43.82999999999993,0.991144524273257,80.9690905759845,101.82585743293704,128.01279696563273
2024-07-03,4867.13,4910.92,2982.38,-43.789999999999964,0.9910831371718537,80.33330747507291,101.03256095277871,127.38789841020342
2024-07-04,4761.87,4834.5,2957.57,-72.63000000000011,0.9849767297548867,78.5959624802143,99.46036912151057,126.32817638968386
2024-07-05,4810.79,4866.26,2949.93,-55.470000000000255,0.9886011022838894,79.40340041626297,100.11376891948329,126.00184522334892
2024-07-08,4693.96,4783.62,2922.45,-89.65999999999985,0.981256872410434,77.47508941731436,98.41361277009833,124.8280781486259
2024-07-09,4797.06,4876.9,2959.37,-79.83999999999924,0.9836289446164573,79.17678302333681,100.33266608102076,126.4050606958884
2024-07-10,4777.68,4844.16,2939.36,-66.47999999999956,0.986276258422513,78.8569108401679,99.65910470238009,125.55036349191435
2024-07-11,4893.59,4939.73,2970.39,-46.13999999999942,0.9906594085101819,80.77003698831592,101.62527027833268,126.87576350387413
2024-07-12,4878.02,4919.36,2971.3,-41.339999999999236,0.9915964678332142,80.51304989378858,101.20619742302081,126.91463279201088
2024-07-15,4827.6,4883.9,2974.01,-56.29999999999927,0.988472327443232,79.68085404882589,100.47667737150591,127.0303863863522
2024-07-16,4836.72,4898.36,2976.3,-61.63999999999942,0.987416196441258,79.83138213502303,100.7741635515653,127.12820030924578
2024-07-17,4795.62,4856.58,2962.85,-60.960000000000036,0.9874479572044526,79.15301543077936,99.91462187778379,126.5537036878839
2024-07-18,4812.43,4877.69,2977.13,-65.25999999999931,0.9866207159536585,79.43046906334229,100.34891878380408,127.16365251710677
2024-07-19,4821.42,4872.05,2982.31,-50.63000000000011,0.9896080705247278,79.57885146410021,100.23288682975604,127.38490846496211
2024-07-22,4826.87,4865.98,2964.22,-39.10999999999967,0.9919625645810299,79.66880519982108,100.10800846786387,126.61222118760624
2024-07-23,4694.95,4722.8,2915.37,-27.850000000000364,0.9941030744473617,77.4914296371976,97.16236038619715,124.52566654422131
2024-07-24,4631.01,4668.06,2901.95,-37.05000000000018,0.9920630840220562,76.43608250655673,96.0361920946031,123.95245132796282
2024-07-25,4632.57,4665.45,2886.74,-32.88000000000011,0.9929524483168826,76.46183073182728,95.9824964562936,123.30277894053425
2024-07-26,4702.08,4736.38,2890.9,-34.30000000000018,0.9927581824093505,77.60911223090216,97.44174228973839,123.4804671148737
2024-07-29,4685.65,4708.84,2891.85,-23.19000000000051,0.995075220224089,77.33793060193078,96.8751607268867,123.52104494314833
2024-07-30,4702.49,4699.28,2879.3,3.2100000000000364,1.0006830833659623,77.61587939267199,96.67848245016695,122.98499047488876
2024-07-31,4889.08,4886.41,2938.75,2.6700000000000728,1.0005464134200774,80.69559820884781,100.5283157056656,125.52430825481169
2024-08-01,4878.29,4852.97,2932.39,25.31999999999971,1.0052174235571207,80.5175063173931,99.84035319797646,125.25265037288888
2024-08-02,4809.89,4788.62,2905.34,21.270000000000437,1.0044417807217947,79.38854567091458,98.51647797758774,124.0972501046481
2024-08-05,4678.78,4693.85,2860.7,-15.070000000000618,0.9967894159378761,77.22453937910466,96.56677083483348,122.19051931077492
2024-08-06,4749.95,4750.78,2867.28,-0.8299999999999272,0.9998252918468126,78.39921963071103,97.73799408730788,122.47157416345604
2024-08-07,4743.41,4751.94,2869.83,-8.529999999999745,0.9982049436651137,78.29127514784598,97.76185881544541,122.58049359724583
2024-08-08,4739.49,4755.81,2869.9,-16.32000000000062,0.9965684079052778,78.22657447921738,97.84147648604224,122.58348354248713
2024-08-09,4702.75,4720.31,2862.19,-17.5600000000004,0.9962799053451997,77.6201707635504,97.11113351286743,122.25416243091092
2024-08-12,4674.1,4714.16,2858.2,-40.05999999999949,0.9915021976343613,77.14729470329297,96.98460930765545,122.08373555215746
2024-08-13,4697.59,4731.84,2867.95,-34.25,0.9927618009062014,77.53500355688625,97.348340681338,122.50019221076552
2024-08-14,4649.28,4667.07,2850.65,-17.789999999999964,0.9961881865924446,76.73763383712927,96.01582478352017,121.76124860113278
2024-08-15,4691.85,4698.38,2877.36,-6.529999999999745,0.9986101592463786,77.44026329210867,96.65996671281887,122.9021262782016
2024-08-16,4655.65,4670.38,2879.43,-14.730000000000473,0.9968460810469383,76.84277242365073,96.08392155087817,122.99054323033684
2024-08-19,4663.61,4682.96,2893.67,-19.350000000000364,0.9958679980183472,76.97415439362103,96.34273041292153,123.59878351942184
2024-08-20,4579.3,4602.01,2866.66,-22.710000000000036,0.9950651997714042,75.58259485992801,94.67734270366797,122.4450917913189
2024-08-21,4548.26,4587.12,2856.58,-38.85999999999967,0.9915284535830762,75.07027119813424,94.3710101157645,122.01453967657336
2024-08-22,4491.84,4533.37,2848.77,-41.529999999999745,0.9908390446841975,74.13904371751556,93.26520913525336,121.68094721465246
2024-08-23,4495.34,4537.09,2854.37,-41.75,0.9907980666021613,74.19681217164823,93.34174084962548,121.92014283395554
2024-08-26,4512.89,4544.36,2855.52,-31.469999999999345,0.9930749324437326,74.48647970594206,93.49130686131507,121.96926336291955
2024-08-27,4459.68,4495.29,2848.73,-35.60999999999967,0.9920783753662167,73.60823415039935,92.48178771501401,121.67923867451458
2024-08-28,4470.55,4500.01,2837.43,-29.460000000000036,0.9934533478814491,73.78764646366281,92.57889247088401,121.19657608556369
2024-08-29,4542.46,4557.9,2823.11,-15.4399999999996,0.9966124750433314,74.9745406170001,93.7698658431964,120.58491871620296
2024-08-30,4629.32,4639.11,2842.21,-9.789999999999964,0.9978896814259631,76.40818859584694,95.4406025432394,121.40074663204025
2024-09-02,4532.51,4546.88,2811.04,-14.36999999999989,0.9968395911042297,74.81031315453723,93.54315092588973,120.06936672959789
2024-09-03,4572.4,4596.48,2802.98,-24.079999999999927,0.994761208576998,75.46870847892359,94.56357378418468,119.72509589181526
2024-09-04,4550.77,4582.08,2784.28,-31.30999999999949,0.9931668587191844,75.11169943238369,94.26732198661519,118.92635337735673
2024-09-05,4586.78,4601.09,2788.31,-14.3100000000004,0.9968898674009853,75.70605429904582,94.65841550548993,119.09848879624805
2024-09-06,4508.23,4537.45,2765.81,-29.220000000000255,0.9935602596171859,74.40956513558255,93.34914714456471,118.137434968691
2024-09-09,4475.53,4507.19,2736.49,-31.659999999999854,0.992975667766391,73.8698427212573,92.72660690883879,116.88507504762555
2024-09-10,4487.58,4507.71,2744.19,-20.13000000000011,0.9955343178687183,74.0687312561998,92.7373048904177,117.21396902416731
2024-09-11,4486.01,4514.92,2721.8,-28.909999999999854,0.9935967857680756,74.04281797820313,92.88563651961744,116.25761368198944
2024-09-12,4468.74,4496.59,2717.12,-27.850000000000364,0.9938064177521188,73.75777192023992,92.50853266896127,116.05771448585756
2024-09-13,4413.19,4450.96,2704.09,-37.77000000000044,0.9915141901971708,72.84090402679135,91.5697847854129,115.50115753594343
2024-09-18,4399.13,4462.87,2717.28,-63.73999999999978,0.9857177108004491,72.6088398939041,91.81480970965266,116.0645486464091
2024-09-19,4482.27,4520.39,2736.02,-38.11999999999989,0.9915670992989544,73.98108825864423,92.99817105661086,116.86499970100547
2024-09-20,4463.36,4498.39,2736.81,-35.030000000000655,0.9922127694575169,73.66897355360169,92.54556414365744,116.89874336872859
2024-09-23,4469.13,4494.69,2748.92,-25.55999999999949,0.9943132896818246,73.76420897655757,92.46944389011527,117.41600389547153
2024-09-24,4642.56,4689.6,2863.13,-47.039999999999964,0.9899692937563972,76.62671840519455,96.47933540846748,122.29431312415109
2024-09-25,4686.26,4731.48,2896.31,-45.219999999999345,0.9904427367335381,77.34799881822248,97.34093438639874,123.71154716852186
2024-09-26,4874.13,4938.18,3000.95,-64.05000000000018,0.987029634399718,80.44884438333825,101.59338206401098,128.1810881692138
2024-09-27,5136.44,5201.67,3087.53,-65.23000000000047,0.9874597965653338,84.77834244149292,107.0141727682879,131.87922329765334
2024-09-30,5708.83,5743.22,3336.5,-34.39000000000033,0.9940120698841416,94.22579543035022,118.1555033914659,142.51360425084786
2024-10-08,6201.99,6155.58,3489.78,46.409999999999854,1.007539500745665,102.3655356703699,126.63900278353253,149.06073005920092
2024-10-09,5727.38,5735.64,3258.86,-8.260000000000218,0.9985598817220048,94.5319682372534,117.99955973691196,139.19732784322437
2024-10-10,5654.53,5690.88,3301.93,-36.350000000000364,0.993612587156995,93.32955912766333,117.07871039946676,141.0369984366858
2024-10-11,5416.76,5470.81,3217.74,-54.05000000000018,0.9901202929730698,89.40510045934174,112.55120115702788,137.44094858148455
2024-10-14,5615.76,5608.15,3284.32,7.610000000000582,1.001356953719141,92.68964970859942,115.37670267634697,140.28481364098448
2024-10-15,5507.18,5472.56,3201.29,34.61999999999989,1.0063261069773561,90.89750720867782,112.58720397964916,136.73831144978175
2024-10-16,5524.25,5461.09,3202.95,63.159999999999854,1.011565456712854,91.17925221211915,112.35123119366845,136.80921586550372
2024-10-17,5505.61,5418.99,3169.38,86.61999999999989,1.0159845284822449,90.87159393068114,111.4851061466076,135.37532355478862
2024-10-18,5749.43,5640.02,3261.56,109.40999999999985,1.0193988673799028,94.89590949828923,116.0323655088845,139.3126543025312
2024-10-21,5860.57,5704.23,3268.11,156.34000000000015,1.0274077307541947,96.73030549609072,117.35336050346348,139.59242775010893
2024-10-22,5888.81,5753.85,3285.87,134.96000000000004,1.0234555992943855,97.19641439457835,118.3741948225884,140.35101957132727
2024-10-23,5903.58,5776.38,3302.8,127.19999999999982,1.0220207119337716,97.44019727101822,118.83770544753567,141.07415918468467
2024-10-24,5861.63,5726.7,3280.26,134.9300000000003,1.023561562505457,96.74780108505662,117.81563674592088,140.11139681698975
2024-10-25,5974.91,5809.69,3299.7,165.22000000000025,1.0284386946635706,98.6175183662421,119.5229934598301,140.941747323999
2024-10-28,6082.09,5883.72,3322.2,198.3699999999999,1.0337150646189825,100.38655348451061,121.04601572191834,141.90280115155605
2024-10-29,5983.84,5812.53,3286.41,171.3100000000004,1.029472536055728,98.76491045064346,119.58142089768408,140.37408486318864
2024-10-30,6019.35,5837.93,3266.24,181.42000000000007,1.0310760834747934,99.35101268100095,120.10397615173032,139.51255349866307
2024-10-31,6116.66,5901.29,3279.82,215.3699999999999,1.036495410325539,100.95714075861532,121.40748406103612,140.09260287547306
2024-11-01,5930.23,5831.82,3272.01,98.40999999999985,1.0168746634841268,97.880062786057,119.97827486817825,139.75901041355218
2024-11-04,6053.11,5928.91,3310.21,124.19999999999982,1.0209482012713973,99.90823068429209,121.9757114672076,141.39066624522678
2024-11-05,6266.54,6111.97,3386.99,154.5699999999997,1.0252897183723086,103.43095101730249,125.74181244380989,144.6702090398859
2024-11-06,6293.19,6125.79,3383.81,167.39999999999964,1.027327087608292,103.87081653234125,126.02613187731062,144.5343800989245
2024-11-07,6403.92,6239.56,3470.66,164.35999999999967,1.0263416010103277,105.69844536837292,128.36672680852465,148.24404787329465
2024-11-08,6423.12,6222.45,3452.3,200.67000000000007,1.0322493551575345,106.01534660247216,128.0147220684959,147.45982795000813
2024-11-11,6579.01,6330.62,3470.07,248.39000000000033,1.0392362833340179,108.5883535495414,130.2401079673218,148.21884690626098
2024-11-12,6491.97,6263.88,3421.97,228.09000000000015,1.0364135328262993,107.15173462162488,128.86706317775315,146.1643273904612
2024-11-13,6474.39,6259.84,3439.28,214.55000000000018,1.0342740389530722,106.86157192915277,128.7839480901017,146.90369813512848
2024-11-14,6272.19,6078.31,3379.84,193.8799999999992,1.031897024008318,103.52420580754523,125.04932386699119,144.36480749024
2024-11-15,6125.51,5924.48,3330.73,201.03000000000065,1.0339320919304311,101.10321242120797,121.88457289337198,142.2671473359588
2024-11-18,5974.56,5833.04,3323.85,141.52000000000044,1.0242617914500844,98.61174152082883,120.00337397880567,141.97327843224357
2024-11-19,6130.28,5936.6,3346.01,193.67999999999938,1.0326247346966275,101.18194257155449,122.13391815632633,142.91980966862866
2024-11-20,6250.8,5992.39,3367.99,258.40999999999985,1.0431230277068082,103.17115802643156,123.28168814149316,143.85865247439324
2024-11-21,6262.16,5985.31,3370.4,276.84999999999945,1.0462549141147242,103.35865792327358,123.13603100768817,143.9615920177005
2024-11-22,6030.49,5750.25,3267.19,280.2399999999998,1.0487352723794616,99.53488141786893,118.30013187319601,139.55313132693772
2024-11-25,6052.13,5735.65,3263.76,316.4800000000005,1.0551777043578323,99.89205551713495,117.99976546732694,139.40662401011457
2024-11-26,5981.57,5690.48,3259.76,291.09000000000015,1.0511538569681294,98.72744348182026,117.07048118286761,139.23576999632667
2024-11-27,6118.66,5804.94,3309.78,313.72000000000025,1.0540436249125744,100.990151303834,119.42527151271518,141.3722994387446
2024-11-28,6086.09,5757.6,3295.7,328.4899999999998,1.057053286091427,100.45257457494796,118.45134372820544,140.77089331021108
2024-11-29,6189.13,5851.94,3326.46,337.1900000000005,1.0576202079993986,102.15327786461386,120.39220446311563,142.0847606762402
2024-12-02,6313.61,5943.62,3363.98,369.9899999999998,1.0622499419545663,104.20785419902387,122.27834090764145,143.68737132557087
2024-12-03,6303.28,5932.12,3378.81,371.15999999999985,1.0625678509537906,104.03735473296945,122.0417509304158,144.32081258168958
2024-12-04,6204.94,5879.27,3364.65,325.66999999999916,1.0553929314353652,102.41422622456744,120.95446568725276,143.71598937288036
2024-12-05,6285.6,5901.99,3368.86,383.6100000000006,1.0649967214448008,103.7455415132364,121.42188519008464,143.89581322239212
2024-12-06,6349.62,5979.2,3404.08,370.4200000000001,1.0619514316296494,104.80220906568603,123.0103297241361,145.40018281379477
2024-12-09,6303.27,5947.11,3402.53,356.16000000000076,1.0598879119437845,104.03718968024336,122.35014082246907,145.33397688345195
2024-12-10,6362.02,5992.09,3422.66,369.9300000000003,1.0617363891396825,105.00687444604179,123.2755162290438,146.19379970783964
2024-12-11,6447.37,6047.11,3432.49,400.2600000000002,1.0661902958603366,106.41559946324853,124.40744497225727,146.61367344672345
2024-12-12,6490.15,6100.39,3461.5,389.7599999999993,1.06389099713297,107.12169502547589,125.50357662326444,147.85279218172033
2024-12-13,6354.99,5988.29,3391.88,366.6999999999998,1.0612361792765548,104.89084237959815,123.19733867135186,144.87907807174162
2024-12-16,6277.52,5912.6,3386.33,364.9200000000001,1.061719040692758,103.61217891055298,121.64016516037717,144.64201812761087
2024-12-17,6143.94,5848.16,3361.49,295.77999999999975,1.0505765916117207,101.40740459539799,120.31443836625364,143.5810147019879
2024-12-18,6195.87,5888.62,3382.21,307.25,1.0521769107193197,102.26452340200076,121.14682362525795,144.46603849340931
2024-12-19,6207.19,5901.92,3370.03,305.2699999999995,1.051723845799333,102.45136308793843,121.42044507717978,143.9457880214251
2024-12-20,6271.75,5917.18,3368.07,354.5699999999997,1.0599221250663322,103.5169434875971,121.73438969043747,143.86206955466903
2024-12-23,6096.38,5818.55,3351.26,277.8299999999999,1.0477490096329842,100.62241383009803,119.70527060750136,143.1440555617253
2024-12-24,6164.36,5895.26,3393.53,269.09999999999945,1.0456468416999418,101.74444226208061,121.28342862080387,144.94955535242912
2024-12-25,6094.69,5840.29,3393.35,254.39999999999964,1.043559480779208,100.59451991938823,120.15252852966532,144.94186692180867
2024-12-26,6160.45,5887.06,3398.08,273.3899999999994,1.0464391394006516,101.67990664617813,121.11472968052126,145.14390179311286
2024-12-27,6171.57,5899.17,3400.14,272.39999999999964,1.0461759874694236,101.86344527759393,121.3638692130606,145.23189161021367
2024-12-30,6145.93,5898.88,3407.33,247.05000000000018,1.041880831615493,101.44025008789058,121.35790303102623,145.53900169999744
2024-12-31,5957.72,5725.73,3351.76,231.9900000000007,1.0405171043692247,98.33379273008764,117.79568089566794,143.1654123134488
2025-01-02,5797.09,5545.82,3262.56,251.27000000000044,1.0453079977352313,95.68255079085014,114.094384999784,139.3553678059782
2025-01-03,5625.21,5427.8,3211.43,197.40999999999985,1.0363701683923505,92.84562453475763,111.66635464220396,137.17142637473412
2025-01-06,5608.03,5427.1,3206.92,180.92999999999938,1.0333382469458825,92.56206395132924,111.65195351315545,136.97878847418826
2025-01-07,5692.04,5484.68,3229.64,207.35999999999967,1.0378071282189663,93.94867190323949,112.8365492426035,137.94923927250363
2025-01-08,5661.78,5461.59,3230.17,200.1899999999996,1.0366541611508735,93.449222354081,112.3615177144174,137.97187742933053
2025-01-09,5672.78,5456.59,3211.39,216.1899999999996,1.0396199824432475,93.63078035278369,112.25865250692799,137.16971783459624
2025-01-10,5544.92,5369.28,3168.52,175.64000000000033,1.0327120209786043,91.52041619695412,110.46242025374791,135.3385899418242
2025-01-13,5559.47,5381.7,3160.76,177.77000000000044,1.0330323132095807,91.76056791341995,110.71793742915159,135.00713315507568
2025-01-14,5811.05,5572.27,3240.94,238.77999999999975,1.0428514770461588,95.91296439647645,114.63854194740297,138.4319018614545
2025-01-15,5775.57,5522.46,3227.12,253.10999999999967,1.0458328353668473,95.32735732429725,113.61379875039349,137.84160124381722
2025-01-16,5801.31,5545.63,3236.03,255.6800000000003,1.0461047707834819,95.75220304126154,114.0904761218994,138.22217855952982
2025-01-17,5841.57,5587.29,3241.82,254.27999999999975,1.0455104352915277,96.41670531651336,114.94754903070117,138.46948974448782
2025-01-20,5879.15,5614.33,3244.38,264.8199999999997,1.0471685846752863,97.03697346117217,115.5038440728039,138.5788363133121
2025-01-21,5908.02,5633.92,3242.62,274.10000000000036,1.0486517380438487,97.51348068140369,115.9068699557474,138.5036605472454
2025-01-22,5855.74,5607.06,3213.62,248.67999999999938,1.0443512286296204,96.65058502938764,115.35427806111429,137.264968947283
2025-01-23,5829.03,5584.25,3230.16,244.77999999999975,1.0438339974034114,96.20972919799229,114.8850069845476,137.97145029429606
2025-01-24,5938.13,5649.95,3252.63,288.1800000000003,1.0510057611129302,98.01045443967075,116.23665581095844,138.9312227167497
2025-01-27,5846.07,5589.34,3250.6,256.72999999999956,1.0459320778481895,96.49097904325536,114.98972376577181,138.8445143047523
2025-02-05,5881.44,5614.39,3229.49,267.0499999999993,1.0475652742328194,97.07477053544754,115.50507845529377,137.94283224698657
2025-02-06,6041.83,5747.9,3270.66,293.9300000000003,1.0511369369682841,99.7220512092588,118.25178522567599,139.70134718389872
2025-02-07,6134.05,5833.99,3303.67,300.0600000000004,1.051433067249001,101.24416744929168,120.02291836822864,141.11131993268353
2025-02-10,6210.55,5888.55,3322.17,322.0,1.0546823920999226,102.50682080390581,121.14538351235309,141.90151974645266
2025-02-11,6190.17,5858.28,3318.06,331.8900000000003,1.056653147340175,102.17044334812755,120.5226375462122,141.72596724728555
2025-02-12,6284.61,5940.53,3346.39,344.0799999999999,1.0579207579121728,103.72920129335314,122.214770209413,142.9360407999385
2025-02-13,6212.5,5898.26,3332.48,314.2399999999998,1.0532767290692508,102.539006085494,121.34514774529752,142.34189596699102
2025-02-14,6248.83,5947.8,3346.72,301.02999999999975,1.0506119909882645,103.13864263939114,122.3643362211026,142.950136256076
2025-02-17,6281.57,5948.72,3355.83,332.84999999999945,1.055953213464409,103.67902526462078,122.38326341928065,143.339256272478
2025-02-18,6142.14,5840.71,3324.49,301.4300000000003,1.0516084517122062,101.3776951047012,120.1611692070944,142.00061507444963
2025-02-19,6288.53,5943.88,3351.54,344.64999999999964,1.057984010444356,103.79390196198175,122.28368989843091,143.15601534269044
2025-02-20,6334.41,5957.55,3350.78,376.8599999999997,1.0632575471460584,104.55116386929804,122.56492337570694,143.12355308007074
2025-02-21,6449.23,6057.06,3379.11,392.16999999999916,1.0647459328453077,106.44629927030189,124.61214673516119,144.33362663272368
2025-02-24,6464.02,6044.97,3373.03,419.0500000000002,1.0693220975455626,106.69041225219398,124.3634186634518,144.07392853176606
2025-02-25,6435.43,5979.97,3346.04,455.46000000000004,1.0761642616936204,106.21852650829308,123.02617096608948,142.92109107373204
2025-02-26,6524.41,6051.74,3380.21,472.6700000000001,1.0781048095258554,107.6871656650717,124.50269815439245,144.38061148651536
2025-02-27,6499.53,6028.99,3388.06,470.53999999999996,1.0780462399174655,107.27651448255145,124.03466146031563,144.71591248857413
2025-02-28,6270.42,5859.87,3320.9,410.5500000000002,1.0700612812229624,103.4949914750267,120.55534868219384,141.84727359707497
2025-03-03,6273.67,5885.77,3316.93,387.89999999999964,1.0659047159505042,103.54863361100703,121.088190456989,141.67770098839048
2025-03-04,6357.63,5937.63,3324.21,420.0,1.0707352933746292,104.93441629928681,122.15510838906916,141.9886552934845
2025-03-05,6398.24,5950.7,3341.96,447.53999999999996,1.0752079587275447,105.6046954199519,122.42399804144645,142.74681997966837
2025-03-06,6534.97,6047.77,3381.1,487.1999999999998,1.0805586191273808,107.86146134382628,124.42102317964587,144.41862650458316
2025-03-07,6507.76,6013.77,3372.55,493.9899999999998,1.0821431481416814,107.41235287612628,123.72153976871789,144.0534260501115
2025-03-10,6520.97,6013.62,3366.16,507.35000000000036,1.0843668206504569,107.6303875272956,123.7184538124932,143.7804867630853
2025-03-11,6551.73,6044.97,3379.83,506.7599999999993,1.0838316815468065,108.13808971275873,124.3634186634518,144.36438035520553
2025-03-12,6566.97,6040.5,3371.92,526.4700000000003,1.0871566923267941,108.389630067325,124.27145716795627,144.0265165429399
2025-03-13,6466.85,5993.97,3358.73,472.8800000000001,1.0788926204168523,106.73712217367839,123.31419354705982,143.46312543247424
2025-03-14,6571.17,6099.98,3419.56,471.1900000000005,1.0772445155557888,108.4589522122842,125.49514167625028,146.061387847154
2025-03-17,6589.57,6108.02,3426.13,481.5499999999993,1.078838969093094,108.76264922829597,125.66054892989327,146.34201556480068
2025-03-18,6611.93,6133.3,3429.76,478.6300000000001,1.078037924119153,109.1317071238407,126.18063541895972,146.4970655823132
2025-03-19,6564.68,6101.44,3426.43,463.2400000000007,1.0759230607856507,108.35183299304963,125.52517831683718,146.35482961583475
2025-03-20,6535.06,6059.49,3408.95,475.5700000000006,1.0784835027370292,107.86294681836112,124.66213922600105,145.60819757558156
2025-03-21,6405.61,5971.93,3364.83,433.6799999999994,1.072619739347246,105.72633927908271,122.8607637124465,143.7236778035008
2025-03-24,6360.34,5969.08,3370.03,391.2600000000002,1.065547789609119,104.9791455880581,122.80213054417753,143.9457880214251
2025-03-25,6310.76,5946.95,3369.98,363.8100000000004,1.061175896888321,104.16081417208727,122.3468491358294,143.94365234625275
2025-03-26,6334.91,5948.5,3368.7,386.40999999999985,1.0649592334201898,104.55941650560273,122.37873735015113,143.88897906184062
2025-03-27,6328.77,5957.6,3373.75,371.1700000000001,1.062301933664563,104.45807413178142,122.56595202778185,144.10468225424785
2025-03-28,6268.32,5916.03,3351.31,352.28999999999996,1.0595483795721117,103.4603304025471,121.71073069271489,143.14619123689764
2025-03-31,6226.65,5857.77,3335.75,368.8799999999992,1.0629727695010216,102.7725556929161,120.5121452950483,142.48156912326263
2025-04-01,6259.48,5892.85,3348.44,366.6299999999992,1.0622160754134247,103.31442379268057,121.23384759079399,143.02360348200483
2025-04-02,6277.25,5899.09,3350.13,378.15999999999985,1.0641048026051476,103.60772248694845,121.36222336974076,143.0957893028302
2025-04-03,6203.26,5845.5,3342.01,357.7600000000002,1.061202634505175,102.38649736658377,120.25971407586928,142.74895565484073
2025-04-07,5496.44,5287.03,3096.58,209.40999999999985,1.0396082488656202,90.72024058085356,108.7702875905471,132.2657805038485
2025-04-08,5530.02,5326.91,3145.55,203.11000000000058,1.038129046670584,91.27448763507503,109.59074048548263,134.3574607676471
2025-04-09,5652.33,5439.77,3186.81,212.5599999999995,1.0390751814874526,93.2932475279228,111.91261394893361,136.11981991986949
2025-04-10,5784.59,5544.06,3223.64,240.52999999999975,1.043385172599142,95.47623488323345,114.05817644674774,137.69295825182172
2025-04-11,5862.19,5581.32,3238.23,280.8699999999999,1.0503232210301505,96.75704403771785,114.8247279729588,138.3161482671132
2025-04-14,5938.53,5627.14,3262.81,311.3899999999994,1.0553371695035132,98.01705654871448,115.76738473439177,139.36604618183995
2025-04-15,5914.03,5602.53,3267.66,311.5,1.055599880768153,97.61267736978577,115.26108218312888,139.5732066735578
2025-04-16,5835.35,5556.86,3276.0,278.4900000000007,1.0501164326616113,96.3140425208833,114.32151137792061,139.9294372923056
2025-04-17,5839.56,5557.01,3280.34,282.5500000000002,1.050845688598725,96.38352971856861,114.32459733414531,140.1148138972655
2025-04-18,5831.69,5560.72,3276.73,270.96999999999935,1.0487293012415657,96.25363322313312,114.40092331810243,139.9606181498219
2025-04-21,5952.64,5642.38,3291.43,310.2600000000002,1.0549874343805274,98.24994594523221,116.08091788681949,140.5885066504925
2025-04-22,5949.31,5624.21,3299.76,325.10000000000036,1.0578036737604037,98.19498338744313,115.70710572280296,140.94431013420586
2025-04-23,5984.58,5634.95,3296.36,349.6300000000001,1.0620466907425976,98.77712435237437,115.92806018849022,140.7990842224861
2025-04-24,5920.48,5605.88,3297.29,314.59999999999945,1.056119645800481,97.71913637811598,115.3300018721468,140.8388077806918
2025-04-25,5939.5,5627.18,3295.06,312.3199999999997,1.0555020454295045,98.03306666314555,115.76820765605167,140.74355666800503
2025-04-28,5877.06,5598.3,3288.41,278.7600000000002,1.04979368736938,97.00247744141866,115.17405821759283,140.45951187008262
2025-04-29,5903.38,5604.91,3286.65,298.47000000000025,1.0532515241101106,97.43689621649636,115.31004602189383,140.38433610401592
2025-04-30,5950.12,5631.82,3279.03,318.3000000000002,1.056518141559922,98.20835265825669,115.86366656860183,140.05885920774998
2025-05-06,6102.92,5740.33,3316.11,362.59000000000015,1.0631653580891691,100.73035831296309,118.09604730153703,141.64267591556396
2025-05-07,6111.49,5750.29,3342.67,361.1999999999998,1.0628142232826518,100.87180849922508,118.30095479485591,142.77714656711572
2025-05-08,6158.08,5773.81,3352.0,384.2699999999995,1.0665539738924557,101.64078915009401,118.78483273088611,143.17566355427607
2025-05-09,6082.08,5721.72,3342.0,360.3599999999997,1.0629810616388078,100.38638843178454,117.71318299926143,142.74852851980626
2025-05-12,6167.46,5793.67,3369.24,373.78999999999996,1.0645169642040364,101.79560860716957,119.19341333503407,143.912044353702
2025-05-13,6151.01,5781.67,3374.87,369.34000000000015,1.063881196955205,101.524096872746,118.94653683705947,144.15252137810847
2025-05-14,6160.37,5799.12,3403.95,361.25,1.0622939342520934,101.67858622436938,119.3055364111975,145.39463005834665
2025-05-15,6057.04,5715.3,3380.82,341.7399999999998,1.059793886585131,99.97309640564677,117.58110407284504,144.406666723618
2025-05-16,6068.12,5715.85,3367.46,352.2699999999995,1.0616303786838353,100.15597482615821,117.59241924566888,143.83601431756637
2025-05-19,6095.34,5720.79,3367.58,374.5500000000002,1.065471726806962,100.6052483465843,117.6940500706684,143.84113993798
2025-05-20,6146.02,5747.37,3380.48,398.65000000000055,1.069362160431641,101.44173556242542,118.24088151368211,144.39214413244602
2025-05-21,6132.18,5757.92,3387.57,374.2600000000002,1.064999166365632,101.21330258951222,118.45792710148477,144.69498287188514
2025-05-22,6066.1,5703.28,3380.19,362.8200000000006,1.063616024463116,100.12263417548736,117.33381611404047,144.37975721644642
2025-05-23,5989.68,5653.04,3348.37,336.6400000000003,1.0595502596832855,98.86130124268198,116.3002265091869,143.0206135367635
2025-05-26,6028.79,5669.46,3346.84,359.3299999999999,1.0633799338914112,99.50682245443306,116.63803585058213,142.95526187648966
2025-05-27,6008.46,5652.15,3340.69,356.3100000000004,1.0630397282450041,99.17127026228528,116.2819165022538,142.6925738302907
2025-05-28,5984.46,5637.24,3339.93,347.22000000000025,1.061593971517977,98.77514371966124,115.97517245352036,142.660111567671
2025-05-29,6089.58,5719.91,3363.45,369.6700000000001,1.0646286392618065,100.51017797635456,117.67594579415027,143.66473316874396
2025-05-30,6026.56,5671.07,3347.49,355.4900000000007,1.0626848196195782,99.47001569651425,116.67115844739371,142.98302565373018
2025-06-03,6070.04,5694.84,3361.98,375.1999999999998,1.0658842039460283,100.18766494956814,117.16017964379837,143.6019443186769
2025-06-04,6123.17,5739.01,3376.2,384.15999999999985,1.066938374388614,101.06459008330211,118.06889088675983,144.20933033769296
2025-06-05,6167.01,5769.97,3384.1,397.03999999999996,1.0688114496262546,101.78818123449535,118.70583225153426,144.54676701492411
2025-06-06,6152.84,5762.08,3385.36,390.7600000000002,1.067815788742954,101.55430152162108,118.54351095411594,144.6005860292673
2025-06-09,6218.96,5805.65,3399.77,413.3100000000004,1.071190994979029,102.6456301465503,119.43987837217867,145.21608761393827
2025-06-10,6161.69,5757.99,3384.82,403.6999999999998,1.0701112714679948,101.7003731842137,118.45936721438962,144.57752073740596
2025-06-11,6186.51,5792.95,3402.32,393.5600000000004,1.0679377519225957,102.1100340503774,119.17860074515556,145.3250070477281
2025-06-12,6192.22,5799.93,3402.66,392.28999999999996,1.0676370232054524,102.2042791569767,119.3222005748108,145.33952963890005
2025-06-13,6106.01,5740.24,3377.0,365.77000000000044,1.0637203322509163,100.78135960532593,118.0941957278022,144.24350114045055
2025-06-16,6147.46,5767.81,3388.73,379.64999999999964,1.065822209816204,101.46550315498285,118.66139448189882,144.74453053588363
2025-06-17,6141.47,5750.91,3387.4,390.5600000000004,1.0679127303331126,101.36663657205294,118.31371008058463,144.68772157629914
2025-06-18,6135.39,5745.87,3388.81,389.52000000000044,1.0677913005341229,101.2662845145882,118.21002195143528,144.7479476161594
2025-06-19,6048.22,5676.83,3362.11,371.3900000000003,1.0654220753483898,99.82751990123245,116.78965916642153,143.60749707412504
2025-06-20,5999.59,5639.51,3359.9,360.0799999999999,1.0638495188411758,99.02486849424048,116.02187325772056,143.5131002315072
2025-06-23,6078.22,5674.17,3381.58,404.0500000000002,1.0712086525430151,100.3226780795125,116.73493487603714,144.43912898623773
2025-06-24,6194.67,5765.84,3420.57,428.8299999999999,1.0743742455565883,102.24471707486957,118.620865590148,146.10452848563546
2025-06-25,6276.16,5862.55,3455.97,413.6099999999997,1.0705512106506554,103.58973173980428,120.61048443340816,147.61658650765855
2025-06-26,6247.79,5838.25,3448.45,409.53999999999996,1.0701477326253586,103.12147715587744,120.11055952500962,147.29538096173724
2025-06-27,6276.94,5863.73,3424.23,413.21000000000004,1.0704687971649445,103.60260585243954,120.63476062237567,146.2608599082514
2025-06-30,6356.18,5915.39,3444.43,440.78999999999996,1.0745157969297037,104.91048365400329,121.69756394615625,147.1236726778804
2025-07-01,6373.77,5934.67,3457.75,439.10000000000036,1.0739889496804371,105.20081139920148,122.09421218623542,147.69261654379417
2025-07-02,6309.48,5892.95,3454.79,416.52999999999975,1.0706827649988546,104.13968742314732,121.23590489494379,147.5661845735911
2025-07-03,6342.64,5922.66,3461.15,419.9800000000005,1.0709107056626583,104.68700226287288,121.84712995784585,147.8378424555139
2025-07-04,6312.2,5911.44,3472.32,400.7600000000002,1.0677939723654475,104.18458176464472,121.61630043223961,148.31495228901667
2025-07-07,6327.14,5900.41,3473.13,426.7300000000005,1.0723220928715125,104.43117053742819,121.38937978451798,148.3495502268087
2025-07-08,6407.7,5977.74,3497.48,429.96000000000004,1.0719268486083369,105.76083529883621,122.98029308354918,149.38962403574268
2025-07-09,6390.47,5953.49,3493.05,436.9800000000005,1.0733989643049708,105.47644945177737,122.48139682722554,149.20040321547256
2025-07-10,6406.57,5983.05,3509.68,423.5199999999995,1.07078663892162,105.74218434078766,123.08953593390295,149.9107287777958
2025-07-11,6461.1,6027.08,3510.18,434.02000000000044,1.0720116540679734,106.64221685617473,123.99536695105469,149.9320855295193
2025-07-14,6462.31,6020.86,3519.65,441.4500000000007,1.0733200904854125,106.662188236032,123.86740263293785,150.3365824071622
2025-07-15,6442.83,6018.76,3505.0,424.0699999999997,1.0704580345453216,106.34066552560215,123.82419924579231,149.71082958166394
2025-07-16,6462.06,6017.19,3503.78,444.8700000000008,1.0739331814351882,106.65806191787968,123.79189957064062,149.65871910745864
2025-07-17,6535.67,6082.46,3516.83,453.21000000000004,1.0745109708900675,107.87301503465284,125.1347019892074,150.21613032744173
2025-07-18,6552.07,6099.61,3534.48,452.46000000000004,1.074178513052474,108.1437015054459,125.48752965089606,150.97002366328093
2025-07-21,6612.26,6161.31,3559.79,450.9499999999998,1.0731906039462387,109.13715386380179,126.75688631131541,152.05110243552397
2025-07-22,6637.1,6213.41,3581.86,423.6900000000005,1.0681896092483838,109.54714483541767,127.82874177335503,152.99378945659882
2025-07-23,6607.22,6196.76,3582.3,410.46000000000004,1.0662378404198323,109.05396728985075,127.48620063241532,153.0125833981155
2025-07-24,6701.12,6293.6,3605.73,407.5199999999995,1.0647514935807805,110.6038123878673,129.4784939710702,154.01336078387823
2025-07-25,6706.61,6299.59,3593.66,407.0199999999995,1.0646105540201822,110.69442633449256,129.60172648964252,153.49780879727317
2025-07-28,6729.98,6323.42,3597.94,406.5599999999995,1.0642943217436134,111.0801545553727,130.09198206853705,153.68062259202625
2025-07-29,6773.88,6356.13,3609.71,417.75,1.0657239546705306,111.80473602292251,130.76492625593278,154.1833605275972
2025-07-30,6718.48,6314.69,3615.72,403.78999999999996,1.0639445483467913,110.89034392036534,129.91237941626053,154.44006868331354
2025-07-31,6661.19,6226.34,3573.21,434.84999999999945,1.0698403877719493,109.94475685257655,128.09475119992265,152.62431765178243
2025-08-01,6670.47,6213.2,3559.95,457.27000000000044,1.0735965364063607,110.09792578239119,127.82442143464048,152.0579365960755
2025-08-04,6739.69,6261.73,3583.31,477.96000000000004,1.07633034321186,111.24042075240934,128.8228311385327,153.05572403659693
2025-08-05,6787.48,6303.24,3617.6,484.2399999999998,1.0768239825867332,112.02920773040947,129.6768180911098,154.52037006979387
2025-08-06,6861.31,6357.38,3633.99,503.9300000000003,1.079266930716742,113.24779200715669,130.7906425578051,155.22044439128985
2025-08-07,6862.15,6337.54,3639.67,524.6099999999997,1.0827781757590484,113.26165643614851,130.38247341448715,155.46305709086872
2025-08-08,6838.13,6323.5,3635.13,514.6300000000001,1.0813837273661737,112.8651997880723,130.09362791185688,155.2691377852194
2025-08-11,6943.94,6391.76,3647.55,552.1799999999994,1.0863893512897855,114.61162268286604,131.4979437245023,155.79963949803093
2025-08-12,6963.61,6418.16,3665.92,545.4499999999998,1.0849854163810189,114.93628139509167,132.04107202004639,156.58428655635194
2025-08-13,7064.33,6508.1,3683.46,556.2299999999996,1.085467340698514,116.59869245230388,133.89141137236592,157.33348140681196
2025-08-14,6976.49,6429.85,3666.44,546.6399999999994,1.0850159801550578,115.14886930629989,132.28157087515663,156.60649757814437
2025-08-15,7117.5,6568.57,3696.77,548.9300000000003,1.0835691786796822,117.47627779694223,135.13546319174282,157.90199813769127
2025-08-18,7237.6,6668.17,3728.03,569.4300000000003,1.0853952433726195,119.45856103732338,137.18453812493186,159.23722225544387
2025-08-19,7242.85,6655.31,3727.29,587.54,1.0882813873433395,119.54521371852238,136.91996881126911,159.20561426289308
2025-08-20,7305.46,6728.07,3766.21,577.3900000000003,1.0858180726419315,120.57860883659284,138.416863310655,160.86802381704953
2025-08-21,7253.34,6704.17,3771.1,549.1700000000001,1.0819146889174946,119.71835402819431,137.92516761885562,161.07689284890526
2025-08-22,7362.94,6822.85,3825.76,540.0899999999992,1.0791590024696422,121.52733190617741,140.36677618382427,163.4116129473172
2025-08-25,7477.73,6951.9,3883.56,525.8299999999999,1.0756383147053323,123.42197214900298,143.02172718912593,165.8804534465526
2025-08-26,7476.47,6964.07,3868.38,512.4000000000005,1.0735776636363508,123.40117550551524,143.27210110415513,165.23206246422745
2025-08-27,7336.5,6862.56,3800.35,473.9399999999996,1.0690616912639015,121.09093249838661,141.18373166170514,162.3262628247294
2025-08-28,7447.11,7011.16,3843.6,435.9499999999998,1.062179439636237,122.91658070170514,144.2408856282904,164.17362184881128
2025-08-29,7438.68,7043.94,3857.93,394.7400000000007,1.0560396596223138,122.77744125360847,144.915269928591,164.7857063532065
2025-09-01,7501.15,7110.29,3875.53,390.8599999999997,1.0549710349366903,123.80852563351361,146.28029123197547,165.53746401387338
2025-09-02,7313.88,6961.69,3858.13,352.1900000000005,1.0505897274943297,120.71758323196345,143.22313726539016,164.79424905389592
2025-09-03,7206.88,6868.46,3813.56,338.4200000000001,1.049271598000134,118.9515190627646,141.30511260654265,162.89050820526404
2025-09-04,7041.15,6698.45,3765.88,342.6999999999998,1.0511610895057812,116.21610023321949,137.80748982148774,160.85392836091202
2025-09-05,7245.67,6913.95,3812.51,331.72000000000025,1.0479783625857868,119.59175858728071,142.2409802642813,162.84565902664468
2025-09-08,7311.03,6992.12,3826.84,318.90999999999985,1.0456099151616391,120.67054320502683,143.84917491817072,163.4577435310399
2025-09-09,7226.03,6928.97,3807.29,297.0599999999995,1.0428721729203618,119.26759503323336,142.54998734757947,162.62269453865144
2025-09-10,7230.17,6932.11,3812.22,298.0600000000004,1.0429970095685153,119.335926861836,142.61458669788283,162.83327211064505
2025-09-11,7399.89,7122.71,3875.31,277.1800000000003,1.0389149635461783,122.13720172909237,146.53580840737914,165.52806704311502
2025-09-12,7422.88,7147.75,3870.6,275.1300000000001,1.0384918330943305,122.51665794638097,147.05095736648613,165.32688644187974
2025-09-15,7415.57,7137.36,3860.5,278.21000000000004,1.0389793985451203,122.39600440360672,146.8372034653231,164.89548005706524
2025-09-16,7483.63,7190.99,3861.87,292.6400000000003,1.040695370178515,123.51935325739807,147.9405356808545,164.9539975567876
2025-09-17,7554.81,7260.04,3876.34,294.77000000000044,1.0406017046738034,124.69419856173054,149.3611041962833,165.57206195166543
2025-09-18,7476.4,7199.88,3831.66,276.5199999999995,1.0384061956588164,123.40002013643259,148.1234300197707,163.66362261765434
2025-09-19,7438.19,7170.35,3820.09,267.83999999999924,1.0373538251270857,122.76935367002989,147.51590810433825,163.1694273827728
2025-09-22,7489.48,7225.13,3828.58,264.34999999999945,1.0365875769709334,123.61590910216268,148.64289931759222,163.53206502703765
2025-09-23,7408.07,7180.71,3821.83,227.35999999999967,1.0316626071795127,122.27221485903672,147.7290448142563,163.24374887877053
2025-09-24,7534.22,7323.71,3853.64,210.51000000000022,1.0287436285707654,124.35435499870434,150.67098974845342,164.60246542341898
2025-09-25,7506.51,7341.32,3853.3,165.1900000000005,1.022501403017441,123.89699389469966,151.03328100923113,164.587942832247
2025-09-26,7397.59,7240.91,3828.11,156.6800000000003,1.021638164263884,122.09923960209088,148.9675419124288,163.51198968041757
2025-09-29,7497.83,7350.56,3862.53,147.26999999999953,1.020035208201824,123.75372812845062,151.22337591267157,164.98218846906263
2025-09-30,7574.96,7412.37,3882.78,162.59000000000015,1.0219349546771141,125.02677980480865,152.49499560765565,165.84713691386398
2025-10-09,7648.05,7548.92,3933.97,99.13000000000011,1.0131316797634629,126.23315017982495,155.30424442419144,168.03364115531485
2025-10-10,7533.82,7398.22,3897.03,135.59999999999945,1.0183287331276982,124.3477528896606,152.2038870704606,166.45580433798344
2025-10-13,7519.76,7376.56,3889.5,143.19999999999982,1.0194128428427343,124.11568875677335,151.7582749916165,166.13417165702765
2025-10-14,7373.15,7194.85,3865.23,178.29999999999927,1.0247816146271291,121.69585073951875,148.01994762103635,165.09751492836946
2025-10-15,7483.45,7294.0,3912.21,189.44999999999982,1.0259734027968193,123.5163823083284,150.05976468555136,167.10419532030858
2025-10-16,7401.84,7231.53,3916.23,170.3100000000004,1.0235510327689992,122.16938701068057,148.77456678317867,167.27590360416545
2025-10-17,7185.48,7016.07,3839.76,169.40999999999985,1.0241459962628652,118.59830622892483,144.34189926204502,164.0096019955749
2025-10-20,7239.18,7069.64,3863.89,169.53999999999996,1.0239814191387397,119.48463936804612,145.44399709508656,165.0402788337505
2025-10-21,7344.05,7185.62,3916.33,158.4300000000003,1.0220482018253123,121.2155473065871,147.8300584480109,167.28017495451013
2025-10-22,7312.21,7128.48,3913.76,183.73000000000047,1.0257740780643279,120.69001942670585,146.65451485682192,167.17040125065142
2025-10-23,7308.1,7142.95,3922.41,165.15000000000055,1.0231206994309074,120.62218275628149,146.95220676729627,167.53987305546775
2025-10-24,7419.24,7258.53,3950.31,160.71000000000004,1.022140846700365,122.45657875408298,149.3300389036215,168.7315798016385
2025-10-27,7495.38,7379.39,3996.94,115.98999999999978,1.0157181013606815,123.71329021055777,151.8164966990555,170.72331046737116
2025-10-28,7479.22,7341.03,3988.22,138.1900000000005,1.0188243339149956,123.4465650051909,151.02731482719676,170.3508487173135
2025-10-29,7569.12,7480.97,4016.33,88.14999999999964,1.0117832313189332,124.93038901277012,153.90630625441037,171.5515252992081
2025-10-30,7485.08,7385.71,3986.9,99.36999999999989,1.0134543598381198,123.5432859026816,151.94651832132212,170.2944668927635
2025-10-31,7506.67,7331.0,3954.79,175.67000000000007,1.0239626244714228,123.89963473831716,150.820967220973,168.92293629708098
2025-11-03,7538.12,7333.6,3976.52,204.51999999999953,1.0278880767972074,124.41872556188073,150.87445712886748,169.85110072698384
2025-11-04,7435.73,7210.83,3960.19,224.89999999999964,1.031189197360082,122.72875069941091,148.3487048241725,169.15358921569467
2025-11-05,7464.86,7229.34,3969.25,235.51999999999953,1.0325783543172682,123.20954929052085,148.72951182229832,169.5405735569243
2025-11-06,7551.83,7345.72,4007.76,206.10999999999967,1.0280585157071056,124.64501284935471,151.1238023918218,171.18547057466748
2025-11-07,7541.88,7327.91,3997.56,213.97000000000025,1.0291993214982171,124.48078538689185,150.75739652274453,170.74979283950827
2025-11-10,7563.25,7343.8,4018.6,219.44999999999982,1.0298823497371932,124.83350306255335,151.08430215214588,171.64848495203276
2025-11-11,7540.79,7291.61,4002.76,249.1800000000003,1.034173522719948,124.46279463974767,150.01059511637143,170.9719030574326
2025-11-12,7486.38,7243.25,4000.14,243.1300000000001,1.033566423911918,123.56474275707374,149.01568282953386,170.8599936784015
2025-11-13,7590.58,7355.29,4029.5,235.28999999999996,1.0319892213631277,125.28459216296646,151.32068639895655,172.11406213960484
2025-11-14,7502.76,7235.46,3990.49,267.3000000000002,1.0369430554518995,123.83509912241466,148.85541883626533,170.44780837013812
2025-11-17,7523.08,7235.35,3972.03,287.72999999999956,1.0397672538301532,124.17048626183633,148.8531558017006,169.6593170965069
2025-11-18,7448.1,7151.02,3939.81,297.0799999999999,1.0415437238324043,122.9329209215884,147.11823121218418,168.2830880154452
2025-11-19,7387.21,7122.75,3946.74,264.46000000000004,1.0371289179038994,121.92791487240599,146.53663132903907,168.57909259433276
2025-11-20,7340.41,7061.95,3931.05,278.46000000000004,1.039431035337265,121.1554681142891,145.28579040596782,167.90891772524967
2025-11-21,7067.7,6817.41,3834.89,250.28999999999996,1.0367133559518937,116.65431522099735,140.2548588380758,163.8015872337881
2025-11-24,7156.41,6868.97,3836.77,287.4399999999996,1.0418461574297164,118.11849795417146,141.31560485770657,163.88188862026843
2025-11-25,7249.95,6954.6,3870.02,295.34999999999945,1.0424682943663186,119.66240115404865,143.07727440117023,165.3021126098805
2025-11-26,7248.45,6965.05,3864.18,283.39999999999964,1.0406888679908974,119.63764324513465,143.29226268482307,165.05266574975013
2025-11-27,7257.45,6951.28,3875.26,306.1700000000001,1.0440451255020657,119.78619069861867,143.00897190339722,165.5259313679427
2025-11-28,7334.21,7031.55,3888.6,302.65999999999985,1.0430431412704169,121.05313542411122,144.66036994443223,166.09572950392538
2025-12-01,7386.68,7101.83,3914.01,284.85000000000036,1.0401093802583279,121.91916707792305,146.10624330090337,167.18107962651314
2025-12-02,7313.18,7040.3,3897.71,272.8800000000001,1.0387597119440932,120.70602954113691,144.8403840575387,166.48484952032737
2025-12-03,7248.27,6996.36,3878.0,251.91000000000076,1.0360058659074147,119.63467229606499,143.93640461412176,165.6429663673874
2025-12-04,7248.66,7012.81,3875.79,235.84999999999945,1.0336313118421858,119.64110935238261,144.27483114676193,165.54856952476956
2025-12-05,7342.49,7097.84,3902.81,244.64999999999964,1.0344682325890693,121.18979908131652,146.02415686532683,166.70268838790696
2025-12-08,7423.05,7172.37,3924.08,250.6800000000003,1.0349507903245372,122.51946384272456,147.55746564816397,167.61120460622422
2025-12-09,7380.58,7121.33,3909.52,259.25,1.0364047165346923,121.81848491500608,146.50741761011207,166.9892959960362
2025-12-10,7408.24,7155.99,3900.5,252.25,1.0352501890025,122.2750207553803,147.22047922842867,166.60402019494444
2025-12-11,7312.0,7082.89,3873.32,229.10999999999967,1.0323469657159718,120.6865533194579,145.7165898949335,165.44306717125554
2025-12-12,7370.94,7169.79,3889.35,201.14999999999964,1.0280552150062972,121.6593740870521,147.50438720109943,166.12776463151062
2025-12-15,7309.08,7113.96,3867.92,195.1199999999999,1.0274277617529477,120.63835792343865,146.35579429427267,165.21241425264185
2025-12-16,7181.62,7001.32,3824.81,180.30000000000018,1.0257522867116486,118.5345958766528,144.03844689995125,163.37103511904255
2025-12-17,7288.74,7137.83,3870.28,150.90999999999985,1.0211422799366194,120.30264067856476,146.84687279482714,165.31321812077672
2025-12-18,7272.4,7100.84,3876.37,171.5599999999995,1.0241605218537524,120.03294452412823,146.08587598982047,165.57334335676882
2025-12-19,7329.81,7169.55,3890.45,160.26000000000022,1.02235286733477,120.98051222463016,147.49944967113996,166.1747494853023
2025-12-22,7408.35,7255.66,3917.36,152.6900000000005,1.0210442606186068,122.27683633536735,149.27099427452256,167.32416986306055
2025-12-23,7392.42,7256.79,3919.98,135.6300000000001,1.0186900819783955,122.01390734270063,149.29424181141516,167.4360792420916
2025-12-24,7506.38,7352.04,3940.95,154.34000000000015,1.0209928128791466,123.89484820926045,151.25382401408842,168.33178140937477
2025-12-25,7579.38,7410.71,3959.62,168.67000000000007,1.022760302319211,125.09973310974192,152.46084435876918,169.12924251872988
2025-12-26,7605.53,7458.84,3963.68,146.6899999999996,1.0196665969507321,125.53134598847602,153.45102484606224,169.3026593427246
2025-12-29,7594.16,7430.61,3965.28,163.55000000000018,1.0220103060179446,125.34368103890787,152.87024788457703,169.3710009482398
2025-12-30,7597.3,7458.94,3965.12,138.36000000000058,1.0185495526173962,125.39550759490119,153.453082150212,169.36416678768828
2025-12-31,7595.28,7465.57,3968.84,129.71000000000004,1.0173744268689464,125.36216694423032,153.58948141534296,169.52306102051105
2026-01-05,7753.88,7651.2,4023.42,102.68000000000029,1.0134201171058135,127.97990318007086,157.4084551085948,171.8543640386472
2026-01-06,7864.9,7814.14,4083.67,50.75999999999931,1.006495916377234,129.81231854515926,160.7606264902597,174.42785262132773
2026-01-07,7906.42,7875.08,4085.77,31.340000000000146,1.0039796421115723,130.49761746389885,162.01434763914065,174.5175509785664
2026-01-08,7971.59,7894.54,4082.98,77.05000000000018,1.0097599100137564,131.5732660798492,162.41469902668942,174.3983803039493
2026-01-09,8129.18,8056.69,4120.43,72.49000000000069,1.0089974915256763,134.17433199035432,165.750617705571,175.9980010080387
2026-01-12,8357.01,8249.13,4165.29,107.88000000000102,1.0130777427437805,137.93472824893914,169.7096938114234,177.9141287726702
2026-01-13,8203.13,8143.28,4138.76,59.849999999999454,1.0073496183356092,135.39489689981463,167.53203736887258,176.78093952622186
2026-01-14,8257.17,8227.7,4126.09,29.469999999999345,1.0035818029339911,136.28684183162312,169.2688135321238,176.23975943754863
2026-01-15,8240.78,8223.27,4112.6,17.51000000000022,1.0021293232497535,136.01632041355612,169.1776749582882,175.66355427604884
2026-01-16,8232.73,8232.67,4101.91,0.05999999999949068,1.0000072880365665,135.88345296905095,169.37106154836826,175.20694692420062
2026-01-19,8265.65,8287.95,4114.0,-22.30000000000109,0.9973093467021398,136.42680654335027,170.5083392823712,175.72335318087462
2026-01-20,8182.75,8247.8,4113.65,-65.04999999999927,0.992113048328039,135.0585194440364,169.68233166623122,175.70840345466817
2026-01-21,8247.68,8340.11,4116.94,-92.43000000000029,0.9889174123602686,136.1302067945605,171.5814291269007,175.84893088100873
2026-01-22,8309.35,8387.6,4122.58,-78.25,0.9906707520625686,137.14808695637822,172.55844286763514,176.0898350404497
2026-01-23,8470.74,8590.17,4136.16,-119.43000000000029,0.9860968991300522,139.8118729027988,176.72592388386107,176.66988441725968
2026-01-26,8365.43,8506.69,4132.61,-141.26000000000022,0.9833942461756571,138.07370264430975,175.0084863796179,176.51825148002288
2026-01-27,8382.15,8548.93,4139.9,-166.78000000000065,0.9804911257900111,138.3496708023378,175.87749165248843,176.82963292015137
2026-01-28,8399.79,8601.16,4151.24,-201.36999999999898,0.9765880416129918,138.64082381116648,176.9520216099228,177.31400404924014
2026-01-29,8332.21,8517.84,4157.98,-185.63000000000102,0.9782069163074205,137.5253974882276,175.2378757923193,177.60189306247275
2026-01-30,8254.86,8370.52,4117.95,-115.65999999999985,0.9861824593932038,136.24871465189557,172.2070553188513,175.89207151949017
2026-02-02,7975.43,8037.05,4015.75,-61.61999999999989,0.9923330077578216,131.63664632666905,165.3465631705526,171.52675146720887
2026-02-03,8209.1,8286.7,4067.74,-77.60000000000036,0.990635596799691,135.49343337729238,170.48262298049886,173.74742651141733
2026-02-04,8207.12,8299.06,4102.2,-91.93999999999869,0.9889216369082765,135.4607529375259,170.73690577341264,175.21933384020025
2026-02-05,8068.08,8146.11,4075.92,-78.02999999999975,0.9904211949016156,133.16585983392395,167.5902590763116,174.0968229696136
2026-02-06,8051.57,8146.41,4065.58,-94.84000000000015,0.9883580620175022,132.8933577831438,167.59643098876097,173.65516534397185
2026-02-09,8233.78,8311.28,4123.09,-77.5,0.990675323175251,135.90078350529078,170.9883083405168,176.11161892720764
2026-02-10,8250.3,8306.44,4128.37,-56.14000000000124,0.9932413886093199,136.17345060879697,170.888734819667,176.3371462254077
2026-02-11,8239.51,8325.81,4131.99,-86.29999999999927,0.9896346421549376,135.99535871734224,171.28723463348098,176.49176910788577
2026-02-12,8314.83,8423.57,4134.02,-108.73999999999978,0.9870909839889738,137.23853585027737,173.29845517031393,176.57847751988317
2026-02-13,8204.83,8299.59,4082.07,-94.76000000000022,0.988582568536518,135.4229558632505,170.74780948540652,174.35951101581256
2026-02-24,8299.77,8392.91,4117.41,-93.13999999999942,0.9889025379755055,136.98996644478078,172.66768571798886,175.8690062276288
2026-02-25,8426.33,8527.56,4147.23,-101.22999999999956,0.9881290779543035,139.07887374621822,175.4378457556787,177.14272290041774
2026-02-26,8490.62,8557.22,4146.63,-66.59999999999854,0.9922170985436861,140.1399977222724,176.04804216650584,177.11709479834957
2026-02-27,8560.84,8658.45,4162.88,-97.61000000000058,0.9887266196605627,141.29899796489988,178.13065115733647,177.81118922936298
2026-03-02,8476.97,8658.33,4182.59,-181.36000000000058,0.9790536974220201,139.91470075115495,178.12818239235673,178.65307238230298
2026-03-03,8142.45,8281.61,4122.68,-139.16000000000076,0.9831965040614082,134.3933569578802,170.37790619927463,176.09410639079442
2026-03-04,8094.52,8248.95,4082.47,-154.4300000000003,0.9812788294267755,133.60225924171476,169.7059906639538,174.37659641719134
2026-03-05,8171.12,8309.17,4108.57,-138.05000000000018,0.983385825539735,134.86656312358983,170.94489922295622,175.4914188571575
2026-03-06,8248.86,8360.33,4124.19,-111.46999999999935,0.9866667942533369,136.14968301623955,171.9974160259879,176.15860378099933
2026-03-09,8203.87,8279.48,4096.6,-75.60999999999876,0.9908677839671092,135.40711080154557,170.3340856208841,174.98013822089717
2026-03-10,8350.09,8410.3,4123.14,-60.20999999999913,0.9928409212513228,137.82051176248254,173.02545090963704,176.11375460238003
2026-03-11,8363.53,8403.33,4133.43,-39.79999999999927,0.9952637823339082,138.042342626352,172.88205681039682,176.55327655284944
2026-03-12,8335.91,8359.47,4129.1,-23.55999999999949,0.9971816395058539,137.58646699688214,171.97972321029968,176.36832708292403
2026-03-13,8214.29,8239.8,4095.45,-25.5099999999984,0.9969040510692009,135.57909574213485,169.51774733424816,174.93101769193314
2026-03-16,8211.35,8185.15,4084.79,26.200000000000728,1.003200918736981,135.5305702406634,168.39343061638888,174.47569174518833
2026-03-17,8019.86,8016.03,4049.91,3.8299999999999272,1.0004777926230315,132.3699755887018,164.91411783826712,172.9858447449577
2026-03-18,8096.59,8096.43,4062.98,0.15999999999985448,1.0000197617962485,133.6364251560161,166.56819037469683,173.5441102350097
2026-03-19,7909.23,7877.09,4006.55,32.13999999999942,1.0040801869726002,130.54399727993106,162.05569945255138,171.13378723549667
2026-03-20,7783.43,7760.04,3957.05,23.390000000000327,1.0030141597208262,128.46763398567674,159.6476249452243,169.01946881487115
2026-03-23,7409.11,7440.75,3813.28,-31.640000000000327,0.9957477404831502,122.28938034255042,153.07885852536555,162.87854842429888
2026-03-24,7600.86,7597.37,3881.28,3.4899999999997817,1.0004593694923374,125.45426636539041,156.30100828476384,165.78306665869349
2026-03-25,7751.18,7767.67,3931.84,-16.48999999999978,0.9978770982804368,127.93533894402567,159.80459725185315,167.9426613929728
2026-03-26,7639.38,7642.13,3889.08,-2.75,0.9996401526799465,126.090049466302,157.22185762220903,166.11623198557993
2026-03-27,7746.31,7737.61,3913.72,8.700000000000728,1.0011243781994699,127.85495826641822,159.18617162442678,167.1686927105135
2026-03-30,7767.93,7753.72,3923.29,14.210000000000036,1.0018326687061179,128.21180226023202,159.51760332295768,167.5774609385011
2026-03-31,7619.85,7617.33,3891.86,2.5200000000004366,1.0003308245802665,125.7677014922417,156.71164619306154,166.23497552516253
2026-04-01,7764.15,7750.09,3948.55,14.05999999999949,1.0018141724805776,128.14941232976872,159.44292318232036,168.65640403557182
2026-04-02,7623.42,7605.29,3919.29,18.13000000000011,1.0023838670188776,125.82662531545704,156.46394677342704,167.40660692471317
2026-04-03,7536.6,7534.94,3880.1,1.660000000000764,1.0002203069964726,124.39363754751456,155.01663330405106,165.73266472462603
2026-04-07,7606.02,7571.11,3890.16,34.910000000000764,1.0046109487248238,125.53943357205459,155.76076021502945,166.16236256930264
2026-04-08,7955.77,7945.15,3995.0,10.6200000000008,1.0013366645060195,131.31215266716953,163.4559006568972,170.640446270684
2026-04-09,7921.45,7898.63,3966.17,22.81999999999971,1.0028891086175704,130.74569171121715,162.49884276641575,169.4090159663076
2026-04-10,7998.23,7969.36,3986.22,28.86999999999989,1.0036226246524187,132.01296654216188,163.95397399156096,170.26542171041953
2026-04-13,8025.57,7967.7,3988.56,57.86999999999989,1.0072630746639557,132.4642206953011,163.91982274267448,170.3653713084855
2026-04-14,8144.76,8088.57,4026.63,56.19000000000051,1.0069468397998658,134.43148413760778,166.40648626852345,171.991474384712
2026-04-15,8106.16,8044.08,4027.21,62.07999999999993,1.0077174767033645,133.79438061488742,165.4911916522827,172.01624821671123
2026-04-16,8232.98,8180.08,4055.55,52.899999999999636,1.0064669294187831,135.8875792872033,168.28912529599464,173.22674890439868
2026-04-17,8307.44,8214.19,4051.43,93.25,1.0113523061920895,137.11656188569438,168.9908717414874,173.0507692701971
2026-04-20,8357.81,8290.02,4082.13,67.78999999999905,1.008177302346677,137.9479324670266,170.5509254782718,174.36207382601938
2026-04-21,8351.16,8270.33,4085.08,80.82999999999993,1.0097734915051757,137.83817240417451,170.1458422911785,174.48807866118796
2026-04-22,8481.24,8376.18,4106.26,105.05999999999949,1.0125427104002063,139.9851782651968,172.3234987337293,175.392750664195
2026-04-23,8362.74,8295.21,4093.25,67.53000000000065,1.008140842727309,138.0293034609906,170.6576995636458,174.8370479843498
2026-04-24,8304.14,8247.88,4079.9,56.26000000000022,1.0068211467674117,137.06209448608357,169.68397750955106,174.2668227133326
2026-04-27,8338.73,8299.05,4086.34,39.68000000000029,1.0047812701453782,137.63301186564047,170.73670004299765,174.54189767553117
2026-04-28,8226.69,8203.96,4078.64,22.730000000001382,1.0027706132160568,135.78376112249057,168.78040952696404,174.2130036989894
2026-04-29,8343.07,8342.42,4107.51,0.6499999999996362,1.0000779150414387,137.704644748765,171.62895285276082,175.44614254350373
2026-04-30,8381.95,8349.51,4112.16,32.44000000000051,1.003885257937292,138.34636974781597,171.7748157169808,175.64476033453215
2026-05-06,8574.56,8588.44,4160.17,-13.880000000001019,0.9983838741377944,141.52545030509995,176.69033252206975,177.69543563502168
2026-05-07,8714.51,8696.8,4180.09,17.710000000000946,1.002036381197682,143.8353632067764,178.91962729878023,178.5462886236855
2026-05-08,8741.15,8694.17,4179.95,46.97999999999956,1.0054036210472075,144.2750636690891,178.86552019964083,178.54030873320292
2026-05-11,8866.78,8839.74,4225.02,27.040000000000873,1.003058913497456,146.34862106699987,181.8603378504875,180.46540633355832
2026-05-12,8821.89,8785.98,4214.49,35.909999999999854,1.0040871934604905,145.60769937956678,180.75433113956134,180.01563314226158
2026-05-13,8955.45,8918.24,4242.57,37.210000000000946,1.0041723479072104,147.8121435892696,183.47532160807123,181.21502831905278
2026-05-14,8778.71,8670.16,4177.92,108.54999999999927,1.012519953495668,144.8950017082957,178.37156147327667,178.45360032120556
2026-05-15,8682.65,8536.34,4135.39,146.3099999999995,1.0171396640714871,143.30950522144298,175.61847706003007,176.63699501960554
2026-05-18,8720.21,8554.24,4131.53,165.96999999999935,1.0194020742929821,143.9294432606496,175.98673450284218,176.47212089630017
2026-05-19,8808.64,8627.95,4169.54,180.6899999999987,1.0209424023087754,145.3890045174931,177.50317339165107,178.09566116231989
2026-05-20,8808.91,8656.31,4162.18,152.60000000000036,1.0176287586743082,145.39346094109763,178.086624848531,177.7812897769501
2026-05-21,8510.5,8419.84,4077.28,90.65999999999985,1.0107674255092733,140.46812254174597,173.22171772552684,174.15491333430154
2026-05-22,8692.67,8576.94,4112.9,115.72999999999956,1.0134931572332324,143.47488805298855,176.45374254484412,175.6763683270829
2026-05-25,8799.31,8703.89,4152.57,95.42000000000007,1.0109629142831538,145.235010324048,179.06549016300022,177.3708130088246
2026-05-26,8687.25,8658.62,4145.37,28.6299999999992,1.003306531525809,143.38542947544593,178.1341485743911,177.06327578400635
2026-05-27,8546.51,8530.98,4093.73,15.530000000000655,1.0018204239137825,141.0624774084081,175.50820555760143,174.85755046600434
2026-05-28,8637.74,8563.22,4098.64,74.52000000000044,1.008702333935132,142.56825342855774,176.17148041549316,175.067273767929
2026-05-29,8408.74,8359.56,4068.57,49.18000000000029,1.005883084755657,138.78854600102002,171.9815747840345,173.78287871927833
2026-06-01,8345.13,8274.21,4057.74,70.92000000000007,1.0085712110280014,137.73864561034023,170.22566569219026,173.32029147694752
2026-06-02,8384.78,8321.43,4075.1,63.350000000000364,1.0076128742295496,138.39307966930036,171.19712471172028,174.0617978967871
2026-06-03,8432.68,8362.16,4083.97,70.52000000000044,1.0084332277784687,139.18368222728753,172.035064691929,174.4406666723618
2026-06-04,8420.09,8356.74,4057.78,63.350000000000364,1.0075807073093097,138.97588084513598,171.9235588070105,173.32200001708543
2026-06-05,8340.96,8251.14,4027.74,89.81999999999971,1.0108857685119874,137.66981862355928,169.75104562483415,172.03888637353813
2026-06-08,8081.26,7963.45,3959.34,117.8100000000004,1.0147938393535465,133.383399326915,163.83238731630848,169.11728273776475
2026-06-09,8318.7,8176.18,4010.03,142.52000000000044,1.0174311230917128,137.3024112552755,168.20889043415292,171.28243022749214
2026-06-10,8198.72,8063.86,3993.23,134.85999999999967,1.016724000664694,135.32210864760748,165.8981264131108,170.56484336958286
2026-06-11,8159.45,8035.78,3987.01,123.67000000000007,1.0153899185891102,134.67394659223888,165.32043540785025,170.29916537814267
2026-06-12,8202.8,8106.2,4031.51,96.59999999999945,1.0119168044213072,135.38945015985354,166.76918899013114,172.19991628153326
2026-06-15,8521.23,8406.75,4096.47,114.47999999999956,1.0136176286912302,140.64522411684413,172.95241661231958,174.97458546544905
2026-06-16,8646.4,8507.98,4091.89,138.42000000000007,1.0162694317570093,142.71118908935458,175.03502560315013,174.7789576196619
2026-06-17,8704.47,8627.09,4108.08,77.3799999999992,1.0089694207432633,143.66965026977866,177.4854805759629,175.47048924046848
2026-06-18,8771.02,8673.09,4090.48,97.93000000000029,1.0112912468335968,144.7680761619299,178.43184048486546,174.71873157980164
2026-06-22,8865.68,8868.78,4163.1,-3.100000000000364,0.9996504592514416,146.3304652671296,182.457778975586,177.82058620012134
2026-06-23,8680.04,8688.59,4106.25,-8.549999999999272,0.9990159508044459,143.26642645993263,178.75072262808263,175.39232352916054
2026-06-24,8793.49,8842.94,4110.81,-49.45000000000073,0.9944079683906031,145.13894963746168,181.92617158328073,175.58709710487875
2026-06-25,8825.92,8938.01,4120.28,-112.09000000000015,0.9874591771546463,145.67421562818242,183.88205063848437,175.99159398252164
2026-06-26,8601.41,8703.57,4027.26,-102.15999999999985,0.9882622877738675,141.9686168746606,179.0589067897209,172.0183838918836
2026-06-29,8597.89,8821.09,4073.9,-223.20000000000073,0.9746970045651954,141.91051831507573,181.47665062655201,174.01054169265075
2026-06-30,8809.79,9031.38,4094.4,-221.58999999999833,0.9754644362212642,145.40798558099385,185.80295552314158,174.88616851331383
2026-07-01,8876.63,9028.93,4112.45,-152.3000000000011,0.9831319990297852,146.51119800220178,185.7525515714718,175.65714725053178
2026-07-02,8625.33,8694.18,4028.9,-68.85000000000036,0.9920809092979441,142.3634229954759,178.8657259300558,172.08843403753664
2026-07-03,8620.79,8745.26,4043.64,-124.46999999999935,0.9857671470030623,142.28848905782954,179.9165968897676,172.71803107834512
2026-07-06,8472.6,8651.13,4041.24,-178.52999999999884,0.9793633895225249,139.84257270985216,177.98005649357196,172.61551867007236
2026-07-07,8301.8,8508.79,3990.24,-206.9900000000016,0.9756733918688789,137.02347214817772,175.05168976676347,170.4371299942764
2026-07-08,8117.86,8390.02,3970.88,-272.16000000000076,0.9675614599250061,133.98749230441663,172.60822962806003,169.61019656754289
2026-07-09,8300.08,8652.79,4036.59,-352.71000000000095,0.9592374251541987,136.99508307928966,178.01420774245847,172.4169008790439
2026-07-10,8198.31,8503.97,3996.16,-305.65999999999985,0.9640567875945,135.31534148583765,174.95252770674364,170.68999393468252
2026-07-13,7787.85,8138.14,3913.79,-350.28999999999996,0.9569569950873296,128.54058729061,167.4262919355735,167.1716826557548
2026-07-14,7925.12,8275.94,3967.13,-350.8200000000006,0.9576096491758035,130.8062660616934,170.26125705398164,169.4500209296167
2026-07-15,7817.83,8147.58,3955.58,-329.75,0.9595278598062247,129.03541536343786,167.62050144731347,168.95667996480407
2026-07-16,7631.76,7955.66,3882.41,-323.89999999999964,0.9592868473514454,125.96427928901888,163.67212332303998,165.83133291758858
2026-07-17,7168.0,7513.76,3764.15,-345.7600000000002,0.9539830923532292,118.30979406371365,154.58089628512593,160.78003399994876
2026-07-20,6965.38,7411.31,3796.28,-445.9300000000003,0.9398311499586443,114.96549572761019,152.4731881836679,162.1524188657002
2026-07-21,7259.86,7800.61,3864.37,-540.75,0.930678498220011,119.82596840560717,160.48227323879337,165.06078131540508
2026-07-22,7158.76,7751.66,3867.03,-592.8999999999996,0.9235131571818166,118.15728534480341,159.47522285747203,165.17439923457405
2026-07-23,7195.5,7734.31,3876.78,-538.8100000000004,0.9303350913009693,118.76368906047037,159.11828058748378,165.5908558931821
2026-07-24,6995.69,7532.7,3814.2,-537.0100000000002,0.9287094932759834,115.46577054039912,154.97054969109578,162.91784484747006
2026-07-27,7228.78,7720.6,3858.25,-491.8200000000006,0.9362976970701758,119.31298453290904,158.83622418854785,164.79937467430955
2026-07-28,7026.28,7443.43,3813.31,-417.15000000000055,0.9439572885081206,115.97066682951869,153.13399427657987,162.87982982940227
2026-07-29,7095.19,7524.51,3828.47,-429.3200000000006,0.9429437930177512,117.10804516502795,154.80205648122816,163.5273665416585
2026-07-30,6900.66,7309.58,3804.69,-408.9200000000001,0.9440569772818684,113.89727448433402,150.38029267208836,162.51163942968932
2026-07-31,7075.51,7493.99,3832.26,-418.47999999999956,0.9441579185453944,116.78322140007626,154.17416725471278,163.68925071972257
2026-08-03,7079.78,7414.52,3809.66,-334.7400000000007,0.9548534497175811,116.85369891411813,152.5392276468761,162.7239255418208
2026-08-04,7279.19,7607.49,3822.28,-328.3000000000002,0.9568451618076396,120.14501532514561,156.50920746472238,163.2629699553217
2026-08-05,7493.05,7809.21,3878.43,-316.15999999999985,0.9595144707339155,123.67483292537801,160.65920139567515,165.6613331738696
2026-08-06,7530.43,7829.36,3900.35,-298.9299999999994,0.9618193568822995,124.29180001551497,161.07374818185747,166.59761316942738
2026-08-07,7679.53,7980.12,3940.04,-300.59000000000015,0.9623326466268678,126.75273616156682,164.17533991807815,168.29291212123803
2026-08-10,7733.9,8030.95,3966.59,-297.0500000000002,0.9630118479133851,127.65012783333636,165.2210676174155,169.42695563775533
2026-08-11,7698.05,7967.54,3934.09,-269.4899999999998,0.9661765111941704,127.05841381029171,163.9165310560348,168.03876677572848
2026-08-12,7793.72,8045.31,3946.68,-251.59000000000015,0.9687283647242928,128.6374732408268,165.5164964933251,168.57652978412597
2026-08-13,7715.89,7968.38,3926.96,-252.48999999999978,0.9683135091448952,127.35286787364224,163.933812410893,167.73421949615152
2026-08-14,7769.82,7990.33,3927.18,-220.51000000000022,0.9724028919956997,128.24299722546365,164.38539067177155,167.74361646690986
2026-08-17,7968.38,8184.64,3982.65,-216.26000000000022,0.9735773351057591,131.52028415477324,168.382938365225,170.11293450311382
2026-08-18,7945.96,8177.18,3990.3,-231.22000000000025,0.971723748284861,131.15023594287194,168.2294634756508,170.43969280448323
2026-08-19,7517.77,7783.46,3894.42,-265.6899999999996,0.9658647953480843,124.08284326428078,160.1294455771047,166.34432209398682
2026-08-20,7589.78,7850.4,3903.72,-260.6199999999999,0.9668016916335473,125.27138794487898,161.5066049749729,166.7415576760437
2026-08-21,7601.8,7854.33,3905.2,-252.52999999999975,0.9678483078760378,125.4697813216432,161.5874570280596,166.80477366114525
2026-08-24,7491.49,7717.09,3882.01,-225.60000000000036,0.9707661825895512,123.64908470010745,158.76401281289026,165.81424751620978
2026-08-25,7527.5,7710.94,3889.44,-183.4399999999996,0.9762104231131354,124.2434395667696,158.63748860767828,166.13160884682085
2026-08-26,7544.67,7770.53,3912.52,-225.85999999999967,0.970933771570279,124.52683509747189,159.86343615053707,167.11743650637715
2026-08-27,7732.95,7946.33,3956.57,-213.3800000000001,0.9731473522997409,127.6344478243575,163.48017684586472,168.9989663332166
2026-08-28,7742.81,7933.75,3960.09,-190.9399999999996,0.9759331967858832,127.79718981228554,163.22136798382135,169.14931786534996
